symbol,feature,horizon,ic,null_best,beats_null,spread_bps,monotone,clears_1x,clears_2x,years,same_sign_years,n
BNBUSDT,ret_1h,1h,-0.03502,0.00673,True,0.0,0.5,False,False,7,1.0,687143
BNBUSDT,ret_1h,4h,-0.01948,0.00469,True,-0.12,0.5,False,False,7,1.0,687107
BNBUSDT,ret_1h,8h,-0.01252,0.00431,True,1.4,0.75,False,False,7,0.86,687059
BNBUSDT,ret_1h,12h,-0.00647,0.00635,True,7.62,0.75,False,False,7,0.71,687011
BNBUSDT,ret_1h,24h,-0.01475,0.00491,True,-0.41,0.5,False,False,7,0.86,686867
BNBUSDT,ret_4h,1h,-0.03437,0.00617,True,0.66,0.75,False,False,7,1.0,687107
BNBUSDT,ret_4h,4h,-0.03169,0.00631,True,0.85,0.5,False,False,7,1.0,687071
BNBUSDT,ret_4h,8h,-0.01939,0.00698,True,5.97,0.5,False,False,7,0.71,687023
BNBUSDT,ret_4h,12h,-0.00616,0.0153,False,17.75,0.5,True,False,7,0.86,686975
BNBUSDT,ret_4h,24h,-0.02835,0.00743,True,1.07,0.5,False,False,7,0.86,686831
BNBUSDT,prem,1h,-0.01723,0.00655,True,-3.62,0.75,False,False,7,0.86,687155
BNBUSDT,prem,4h,-0.01622,0.01288,True,-5.92,0.5,False,False,7,0.86,687119
BNBUSDT,prem,8h,-0.01989,0.01021,True,-6.31,0.5,False,False,7,1.0,687071
BNBUSDT,prem,12h,-0.0231,0.03066,False,-8.04,0.75,False,False,7,0.86,687023
BNBUSDT,prem,24h,-0.0184,0.01103,True,-12.6,0.75,False,False,7,0.57,686879
BNBUSDT,prem_z,1h,-0.0289,0.00337,True,-4.15,1.0,False,False,7,1.0,687011
BNBUSDT,prem_z,4h,-0.02218,0.00873,True,-5.27,1.0,False,False,7,1.0,686975
BNBUSDT,prem_z,8h,-0.0184,0.00752,True,-6.91,0.75,False,False,7,1.0,686927
BNBUSDT,prem_z,12h,-0.02037,0.01221,True,-9.16,0.75,False,False,7,0.86,686879
BNBUSDT,prem_z,24h,-0.01981,0.01659,True,-22.46,1.0,True,False,7,0.71,686735
BNBUSDT,dprem_1h,1h,-0.01948,0.00496,True,-3.98,1.0,False,False,7,0.86,687143
BNBUSDT,dprem_1h,4h,-0.01342,0.00226,True,-5.74,0.5,False,False,7,0.86,687107
BNBUSDT,dprem_1h,8h,-0.00843,0.00323,True,-4.26,0.75,False,False,7,0.86,687059
BNBUSDT,dprem_1h,12h,-0.00557,0.00169,True,-4.05,0.5,False,False,7,0.86,687011
BNBUSDT,dprem_1h,24h,-0.00532,0.00293,True,-7.63,0.5,False,False,7,0.86,686867
BNBUSDT,dprem_4h,1h,-0.02336,0.00658,True,-5.1,1.0,False,False,7,0.86,687107
BNBUSDT,dprem_4h,4h,-0.01594,0.00334,True,-5.87,0.5,False,False,7,0.86,687071
BNBUSDT,dprem_4h,8h,-0.00826,0.00232,True,-3.59,0.75,False,False,7,0.71,687023
BNBUSDT,dprem_4h,12h,-0.00506,0.00452,True,-0.75,0.5,False,False,7,0.71,686975
BNBUSDT,dprem_4h,24h,-0.00899,0.00412,True,-13.3,0.5,False,False,7,1.0,686831
BNBUSDT,lev_1h,1h,0.00331,0.00451,False,1.04,0.75,False,False,7,0.57,687143
BNBUSDT,lev_1h,4h,0.00453,0.00531,False,1.89,0.5,False,False,7,0.86,687107
BNBUSDT,lev_1h,8h,0.0027,0.00389,False,1.16,0.75,False,False,7,0.71,687059
BNBUSDT,lev_1h,12h,0.00474,0.00409,True,1.03,0.75,False,False,7,0.86,687011
BNBUSDT,lev_1h,24h,0.00289,0.0057,False,1.55,0.5,False,False,7,0.71,686867
BNBUSDT,lev_4h,1h,0.00409,0.00416,False,0.78,0.75,False,False,7,0.86,687107
BNBUSDT,lev_4h,4h,0.00856,0.01072,False,2.99,0.75,False,False,7,0.71,687071
BNBUSDT,lev_4h,8h,0.00845,0.00949,False,3.22,0.75,False,False,7,0.71,687023
BNBUSDT,lev_4h,12h,0.00813,0.00331,True,3.39,0.75,False,False,7,0.86,686975
BNBUSDT,lev_4h,24h,0.00844,0.01012,False,9.3,0.5,False,False,7,0.86,686831
BNBUSDT,gap,1h,0.00169,0.00216,False,-0.16,0.5,False,False,7,0.43,687066
BNBUSDT,gap,4h,0.00155,0.00231,False,0.05,0.75,False,False,7,0.57,687030
BNBUSDT,gap,8h,0.0015,0.00321,False,0.35,0.75,False,False,7,0.71,686982
BNBUSDT,gap,12h,0.00359,0.00392,False,2.11,0.75,False,False,7,0.71,686934
BNBUSDT,gap,24h,0.00303,0.00444,False,2.58,0.75,False,False,7,0.57,686790
BNBUSDT,gap_z,1h,0.00093,0.00168,False,-0.44,0.75,False,False,7,0.43,686922
BNBUSDT,gap_z,4h,0.00078,0.00124,False,-0.85,0.5,False,False,7,0.57,686886
BNBUSDT,gap_z,8h,-0.00127,0.00328,False,-1.99,0.5,False,False,7,0.57,686838
BNBUSDT,gap_z,12h,0.00053,0.00239,False,-0.32,0.75,False,False,7,0.57,686790
BNBUSDT,gap_z,24h,0.00223,0.00523,False,1.42,0.75,False,False,7,0.57,686646
BNBUSDT,gap_1h,1h,0.00223,0.0032,False,-0.0,0.5,False,False,7,0.57,687132
BNBUSDT,gap_1h,4h,0.00413,0.00752,False,1.24,0.75,False,False,7,0.57,687096
BNBUSDT,gap_1h,8h,0.00592,0.00782,False,2.58,0.5,False,False,7,0.71,687048
BNBUSDT,gap_1h,12h,0.00998,0.00769,True,5.8,0.75,False,False,7,0.86,687000
BNBUSDT,gap_1h,24h,0.00871,0.00982,False,6.87,0.5,False,False,7,0.71,686856
BNBUSDT,cash_1h,1h,0.00246,0.00494,False,0.73,0.75,False,False,7,0.86,687134
BNBUSDT,cash_1h,4h,-0.00012,0.0046,False,0.48,0.5,False,False,7,0.29,687098
BNBUSDT,cash_1h,8h,-0.00254,0.00523,False,-0.65,0.75,False,False,7,0.43,687050
BNBUSDT,cash_1h,12h,-0.00525,0.00452,True,-2.04,0.5,False,False,7,0.71,687002
BNBUSDT,cash_1h,24h,-0.01112,0.00646,True,-10.21,0.75,False,False,7,0.86,686858
BNBUSDT,gap_4h,1h,0.00229,0.00203,True,0.23,0.5,False,False,7,0.57,687108
BNBUSDT,gap_4h,4h,0.0045,0.01184,False,2.34,0.5,False,False,7,0.86,687072
BNBUSDT,gap_4h,8h,0.01,0.01254,False,5.26,0.75,False,False,7,0.86,687024
BNBUSDT,gap_4h,12h,0.01536,0.0178,False,7.69,0.75,False,False,7,0.86,686976
BNBUSDT,gap_4h,24h,0.00992,0.01327,False,3.98,0.5,False,False,7,0.71,686832
BNBUSDT,cash_4h,1h,0.00218,0.00302,False,0.87,0.5,False,False,7,0.71,687107
BNBUSDT,cash_4h,4h,-0.00168,0.00819,False,-1.46,0.75,False,False,7,0.57,687071
BNBUSDT,cash_4h,8h,-0.00832,0.00792,True,-3.79,0.5,False,False,7,0.86,687023
BNBUSDT,cash_4h,12h,-0.00818,0.01209,False,-4.7,0.75,False,False,7,0.57,686975
BNBUSDT,cash_4h,24h,-0.01041,0.01067,False,-11.59,0.5,False,False,7,0.71,686831
BNBUSDT,lead_1h,1h,-0.01902,0.00526,True,-4.31,1.0,False,False,7,0.86,687143
BNBUSDT,lead_1h,4h,-0.01534,0.00214,True,-6.8,0.75,False,False,7,0.86,687107
BNBUSDT,lead_1h,8h,-0.00877,0.00282,True,-4.94,0.5,False,False,7,0.71,687059
BNBUSDT,lead_1h,12h,-0.00609,0.0022,True,-5.08,0.5,False,False,7,0.71,687011
BNBUSDT,lead_1h,24h,-0.00653,0.00225,True,-9.74,0.5,False,False,7,0.86,686867
BNBUSDT,lead_4h,1h,-0.02326,0.00766,True,-5.78,0.75,False,False,7,0.86,687107
BNBUSDT,lead_4h,4h,-0.01619,0.00623,True,-6.88,0.75,False,False,7,0.71,687071
BNBUSDT,lead_4h,8h,-0.00756,0.0048,True,-3.51,0.5,False,False,7,0.71,687023
BNBUSDT,lead_4h,12h,-0.00432,0.00581,False,-1.51,0.5,False,False,7,0.71,686975
BNBUSDT,lead_4h,24h,-0.01019,0.00492,True,-17.34,0.75,True,False,7,0.86,686831
XRPUSDT,ret_1h,1h,-0.05433,0.005,True,-3.96,0.75,False,False,7,1.0,695764
XRPUSDT,ret_1h,4h,-0.03747,0.00959,True,-6.97,0.5,False,False,7,1.0,695728
XRPUSDT,ret_1h,8h,-0.02911,0.00591,True,-6.61,0.75,False,False,7,1.0,695680
XRPUSDT,ret_1h,12h,-0.02148,0.00511,True,-1.56,0.5,False,False,7,1.0,695632
XRPUSDT,ret_1h,24h,-0.01462,0.00498,True,2.58,0.5,False,False,7,1.0,695488
XRPUSDT,ret_4h,1h,-0.05607,0.00753,True,-1.15,0.5,False,False,7,1.0,695728
XRPUSDT,ret_4h,4h,-0.05434,0.01446,True,-4.15,0.5,False,False,7,1.0,695692
XRPUSDT,ret_4h,8h,-0.03813,0.0093,True,0.54,0.75,False,False,7,1.0,695644
XRPUSDT,ret_4h,12h,-0.02555,0.01207,True,16.07,0.5,True,False,7,0.86,695596
XRPUSDT,ret_4h,24h,-0.02763,0.00621,True,17.03,0.5,True,False,7,1.0,695452
XRPUSDT,prem,1h,-0.00641,0.00543,True,-1.4,0.5,False,False,7,0.71,695776
XRPUSDT,prem,4h,-0.00109,0.01088,False,-1.0,0.5,False,False,7,0.86,695740
XRPUSDT,prem,8h,0.00093,0.01883,False,2.97,0.5,False,False,7,0.0,695692
XRPUSDT,prem,12h,0.00282,0.01447,False,6.6,0.5,False,False,7,0.29,695644
XRPUSDT,prem,24h,-0.00654,0.01123,False,12.63,0.75,False,False,7,1.0,695500
XRPUSDT,prem_z,1h,-0.02113,0.00277,True,-3.31,0.75,False,False,7,0.86,695632
XRPUSDT,prem_z,4h,-0.01516,0.00737,True,-4.06,0.75,False,False,7,0.86,695596
XRPUSDT,prem_z,8h,-0.01071,0.00663,True,-0.83,0.5,False,False,7,0.71,695548
XRPUSDT,prem_z,12h,-0.01071,0.01029,True,-1.94,0.5,False,False,7,0.71,695500
XRPUSDT,prem_z,24h,-0.02504,0.0089,True,-15.05,0.75,True,False,7,0.86,695356
XRPUSDT,dprem_1h,1h,-0.01116,0.00138,True,-2.45,0.5,False,False,7,0.71,695764
XRPUSDT,dprem_1h,4h,-0.00864,0.00305,True,-5.24,0.5,False,False,7,0.71,695728
XRPUSDT,dprem_1h,8h,-0.00641,0.00092,True,-3.98,0.5,False,False,7,0.86,695680
XRPUSDT,dprem_1h,12h,-0.00371,0.00362,True,-4.41,0.5,False,False,7,0.71,695632
XRPUSDT,dprem_1h,24h,-0.003,0.00293,True,-5.15,0.5,False,False,7,0.71,695488
XRPUSDT,dprem_4h,1h,-0.01892,0.00315,True,-4.65,0.75,False,False,7,0.86,695728
XRPUSDT,dprem_4h,4h,-0.01419,0.00322,True,-7.01,0.5,False,False,7,0.71,695692
XRPUSDT,dprem_4h,8h,-0.01233,0.00394,True,-4.16,0.5,False,False,7,0.86,695644
XRPUSDT,dprem_4h,12h,-0.00506,0.00643,False,-1.68,0.5,False,False,7,0.57,695596
XRPUSDT,dprem_4h,24h,-0.00934,0.00541,True,-6.9,0.5,False,False,7,0.86,695452
XRPUSDT,lev_1h,1h,0.00136,0.0028,False,0.4,0.5,False,False,7,0.57,695764
XRPUSDT,lev_1h,4h,0.00342,0.00389,False,1.49,0.5,False,False,7,0.71,695728
XRPUSDT,lev_1h,8h,0.00216,0.00365,False,0.37,0.75,False,False,7,0.57,695680
XRPUSDT,lev_1h,12h,-0.00107,0.00195,False,-3.51,0.5,False,False,7,0.57,695632
XRPUSDT,lev_1h,24h,-0.00105,0.0059,False,-2.01,0.5,False,False,7,0.57,695488
XRPUSDT,lev_4h,1h,-0.0007,0.00248,False,-0.06,0.75,False,False,7,0.71,695728
XRPUSDT,lev_4h,4h,0.00327,0.00527,False,-0.41,0.5,False,False,7,0.86,695692
XRPUSDT,lev_4h,8h,-0.00026,0.00575,False,-0.21,0.5,False,False,7,0.43,695644
XRPUSDT,lev_4h,12h,-0.00475,0.00543,False,-2.96,0.5,False,False,7,0.71,695596
XRPUSDT,lev_4h,24h,0.00292,0.0082,False,9.16,0.5,False,False,7,0.57,695452
XRPUSDT,gap,1h,-0.00506,0.00211,True,-0.77,0.5,False,False,7,0.71,695676
XRPUSDT,gap,4h,-0.00751,0.00194,True,-2.26,0.5,False,False,7,0.86,695640
XRPUSDT,gap,8h,-0.00843,0.00338,True,-3.57,0.5,False,False,7,0.86,695592
XRPUSDT,gap,12h,-0.00885,0.00534,True,-5.0,0.5,False,False,7,0.86,695544
XRPUSDT,gap,24h,-0.01012,0.00657,True,-11.36,0.5,False,False,7,1.0,695400
XRPUSDT,gap_z,1h,-0.00171,0.00155,True,-0.2,0.5,False,False,7,0.29,695532
XRPUSDT,gap_z,4h,-0.00237,0.00261,False,0.24,0.5,False,False,7,0.57,695496
XRPUSDT,gap_z,8h,-0.00185,0.00387,False,0.78,0.5,False,False,7,0.71,695448
XRPUSDT,gap_z,12h,-0.00135,0.00279,False,0.5,0.5,False,False,7,0.86,695400
XRPUSDT,gap_z,24h,-0.00308,0.00671,False,-1.71,0.5,False,False,7,0.71,695256
XRPUSDT,gap_1h,1h,-0.01524,0.00481,True,-2.57,1.0,False,False,7,1.0,695753
XRPUSDT,gap_1h,4h,-0.01743,0.00282,True,-4.3,0.75,False,False,7,1.0,695717
XRPUSDT,gap_1h,8h,-0.01659,0.00902,True,-6.09,0.75,False,False,7,0.86,695669
XRPUSDT,gap_1h,12h,-0.01598,0.01246,True,-7.01,0.5,False,False,7,0.86,695621
XRPUSDT,gap_1h,24h,-0.01915,0.01916,False,-20.35,0.75,True,False,7,0.86,695477
XRPUSDT,cash_1h,1h,0.0024,0.00573,False,0.25,0.5,False,False,7,0.57,695755
XRPUSDT,cash_1h,4h,-0.00265,0.00829,False,0.63,0.5,False,False,7,0.57,695719
XRPUSDT,cash_1h,8h,-0.00233,0.00512,False,2.49,0.5,False,False,7,0.57,695671
XRPUSDT,cash_1h,12h,-0.00025,0.00518,False,2.15,0.75,False,False,7,0.43,695623
XRPUSDT,cash_1h,24h,-0.00067,0.00802,False,-1.75,0.75,False,False,7,0.29,695479
XRPUSDT,gap_4h,1h,-0.01614,0.00512,True,-1.46,0.75,False,False,7,1.0,695729
XRPUSDT,gap_4h,4h,-0.01701,0.01125,True,-4.76,0.5,False,False,7,1.0,695693
XRPUSDT,gap_4h,8h,-0.01941,0.00724,True,-7.56,0.5,False,False,7,0.71,695645
XRPUSDT,gap_4h,12h,-0.01928,0.01545,True,-8.48,0.5,False,False,7,0.71,695597
XRPUSDT,gap_4h,24h,-0.02985,0.02923,True,-29.93,0.5,True,True,7,1.0,695453
XRPUSDT,cash_4h,1h,0.0023,0.00359,False,-0.76,0.5,False,False,7,0.43,695728
XRPUSDT,cash_4h,4h,0.00414,0.00748,False,1.18,0.5,False,False,7,0.43,695692
XRPUSDT,cash_4h,8h,0.00428,0.01143,False,-0.35,0.5,False,False,7,0.43,695644
XRPUSDT,cash_4h,12h,0.00437,0.01757,False,-5.18,0.5,False,False,7,0.71,695596
XRPUSDT,cash_4h,24h,0.00437,0.01338,False,-6.08,0.5,False,False,7,0.57,695452
XRPUSDT,lead_1h,1h,-0.01365,0.0036,True,-3.97,0.75,False,False,7,0.86,695764
XRPUSDT,lead_1h,4h,-0.0101,0.0025,True,-7.42,0.5,False,False,7,0.71,695728
XRPUSDT,lead_1h,8h,-0.00718,0.00118,True,-5.63,0.75,False,False,7,0.71,695680
XRPUSDT,lead_1h,12h,-0.00374,0.00232,True,-5.25,0.75,False,False,7,0.71,695632
XRPUSDT,lead_1h,24h,-0.00404,0.00239,True,-6.12,0.75,False,False,7,0.71,695488
XRPUSDT,lead_4h,1h,-0.01912,0.00314,True,-5.88,0.5,False,False,7,0.71,695728
XRPUSDT,lead_4h,4h,-0.01404,0.00473,True,-8.55,0.5,False,False,7,0.57,695692
XRPUSDT,lead_4h,8h,-0.01104,0.00269,True,-4.13,0.75,False,False,7,0.86,695644
XRPUSDT,lead_4h,12h,-0.00581,0.00791,False,-1.29,0.75,False,False,7,0.57,695596
XRPUSDT,lead_4h,24h,-0.01203,0.00683,True,-8.57,0.75,False,False,7,0.86,695452
DOGEUSDT,ret_1h,1h,-0.05902,0.00291,True,-4.72,0.75,False,False,7,1.0,643811
DOGEUSDT,ret_1h,4h,-0.04056,0.00482,True,-11.55,0.5,False,False,7,1.0,643775
DOGEUSDT,ret_1h,8h,-0.02722,0.00694,True,-6.57,0.5,False,False,7,0.86,643727
DOGEUSDT,ret_1h,12h,-0.01666,0.00621,True,1.28,0.5,False,False,7,0.86,643679
DOGEUSDT,ret_1h,24h,-0.01323,0.00392,True,5.65,0.5,False,False,7,1.0,643535
DOGEUSDT,ret_4h,1h,-0.05844,0.00276,True,-2.05,0.75,False,False,7,1.0,643775
DOGEUSDT,ret_4h,4h,-0.04962,0.01193,True,-0.68,0.75,False,False,7,0.86,643739
DOGEUSDT,ret_4h,8h,-0.02778,0.01366,True,13.78,0.75,False,False,7,0.86,643691
DOGEUSDT,ret_4h,12h,-0.01198,0.01686,False,35.53,0.75,True,True,7,0.71,643643
DOGEUSDT,ret_4h,24h,-0.01568,0.00845,True,40.91,0.5,True,True,7,0.86,643499
DOGEUSDT,prem,1h,-0.0108,0.00298,True,-0.71,0.75,False,False,7,0.71,643823
DOGEUSDT,prem,4h,-0.00977,0.00588,True,6.53,0.75,False,False,7,0.57,643787
DOGEUSDT,prem,8h,-0.01183,0.0165,False,17.14,0.75,True,False,7,0.71,643739
DOGEUSDT,prem,12h,-0.00855,0.01828,False,28.57,0.5,True,True,7,0.71,643691
DOGEUSDT,prem,24h,-0.00047,0.01262,False,69.27,0.75,True,True,7,0.71,643547
DOGEUSDT,prem_z,1h,-0.02325,0.00245,True,-3.45,0.75,False,False,7,0.86,643679
DOGEUSDT,prem_z,4h,-0.02047,0.00393,True,-5.55,0.5,False,False,7,0.86,643643
DOGEUSDT,prem_z,8h,-0.02032,0.00447,True,-3.99,0.75,False,False,7,1.0,643595
DOGEUSDT,prem_z,12h,-0.01915,0.00534,True,-4.32,0.75,False,False,7,1.0,643547
DOGEUSDT,prem_z,24h,-0.01959,0.00582,True,-3.9,0.5,False,False,7,1.0,643403
DOGEUSDT,dprem_1h,1h,-0.01137,0.00329,True,-2.62,0.5,False,False,7,0.86,643811
DOGEUSDT,dprem_1h,4h,-0.00797,0.00221,True,-4.5,0.5,False,False,7,0.86,643775
DOGEUSDT,dprem_1h,8h,-0.00594,0.00223,True,-3.43,0.5,False,False,7,0.86,643727
DOGEUSDT,dprem_1h,12h,-0.00551,0.00181,True,-4.37,0.5,False,False,7,0.86,643679
DOGEUSDT,dprem_1h,24h,-0.00302,0.0009,True,-1.06,0.5,False,False,7,0.86,643535
DOGEUSDT,dprem_4h,1h,-0.01736,0.00306,True,-5.02,0.5,False,False,7,0.86,643775
DOGEUSDT,dprem_4h,4h,-0.01419,0.00275,True,-7.37,0.5,False,False,7,0.86,643739
DOGEUSDT,dprem_4h,8h,-0.01272,0.00324,True,-3.74,0.5,False,False,7,0.86,643691
DOGEUSDT,dprem_4h,12h,-0.00955,0.00436,True,-4.48,0.5,False,False,7,0.71,643643
DOGEUSDT,dprem_4h,24h,-0.00705,0.00297,True,-1.96,0.5,False,False,7,1.0,643499
DOGEUSDT,lev_1h,1h,0.00421,0.00303,True,1.41,0.5,False,False,7,0.86,643811
DOGEUSDT,lev_1h,4h,0.00449,0.00276,True,-0.03,0.75,False,False,7,0.86,643775
DOGEUSDT,lev_1h,8h,0.00392,0.00418,False,0.42,0.5,False,False,7,0.57,643727
DOGEUSDT,lev_1h,12h,0.0039,0.00424,False,-0.98,0.5,False,False,7,0.57,643679
DOGEUSDT,lev_1h,24h,0.0025,0.00406,False,4.82,0.5,False,False,7,0.57,643535
DOGEUSDT,lev_4h,1h,0.00152,0.00169,False,0.64,0.5,False,False,7,0.43,643775
DOGEUSDT,lev_4h,4h,-0.00146,0.00228,False,-2.91,0.5,False,False,7,0.71,643739
DOGEUSDT,lev_4h,8h,0.0015,0.00277,False,-1.87,0.5,False,False,7,0.57,643691
DOGEUSDT,lev_4h,12h,0.00081,0.00415,False,-2.24,0.5,False,False,7,0.71,643643
DOGEUSDT,lev_4h,24h,0.00368,0.00375,False,11.6,0.5,False,False,7,0.86,643499
DOGEUSDT,gap,1h,0.00162,0.00298,False,-0.3,0.5,False,False,7,0.57,643535
DOGEUSDT,gap,4h,-0.00315,0.00305,True,-3.11,0.5,False,False,7,0.86,643499
DOGEUSDT,gap,8h,-0.004,0.00501,False,-3.85,0.5,False,False,7,0.86,643451
DOGEUSDT,gap,12h,-0.00207,0.00384,False,-4.78,0.5,False,False,7,0.71,643403
DOGEUSDT,gap,24h,-0.00156,0.00483,False,-8.93,0.5,False,False,7,0.43,643259
DOGEUSDT,gap_z,1h,0.00302,0.00228,True,0.16,0.5,False,False,7,0.57,643391
DOGEUSDT,gap_z,4h,-0.0019,0.0031,False,-0.86,0.5,False,False,7,0.71,643355
DOGEUSDT,gap_z,8h,-0.00327,0.0055,False,-1.15,0.5,False,False,7,0.86,643307
DOGEUSDT,gap_z,12h,-0.00092,0.00272,False,-1.41,0.5,False,False,7,0.57,643259
DOGEUSDT,gap_z,24h,0.0004,0.00497,False,-2.49,0.5,False,False,7,0.43,643115
DOGEUSDT,gap_1h,1h,-0.00139,0.00418,False,-1.24,0.75,False,False,7,0.57,643800
DOGEUSDT,gap_1h,4h,-0.00689,0.01168,False,-6.94,0.75,False,False,7,0.57,643764
DOGEUSDT,gap_1h,8h,-0.00674,0.00752,False,-8.92,0.5,False,False,7,0.57,643716
DOGEUSDT,gap_1h,12h,-0.00265,0.009,False,-8.36,0.5,False,False,7,0.43,643668
DOGEUSDT,gap_1h,24h,-0.00203,0.00951,False,-17.21,0.5,True,False,7,0.57,643524
DOGEUSDT,cash_1h,1h,0.003,0.00368,False,-0.32,0.5,False,False,7,0.71,643802
DOGEUSDT,cash_1h,4h,-0.00233,0.00768,False,-1.96,0.5,False,False,7,0.71,643766
DOGEUSDT,cash_1h,8h,-0.00485,0.00594,False,-5.72,0.75,False,False,7,1.0,643718
DOGEUSDT,cash_1h,12h,-0.00551,0.01199,False,-9.09,0.5,False,False,7,0.86,643670
DOGEUSDT,cash_1h,24h,0.00083,0.00663,False,-11.47,0.5,False,False,7,0.57,643526
DOGEUSDT,gap_4h,1h,-0.00584,0.00296,True,-2.77,0.75,False,False,7,0.86,643776
DOGEUSDT,gap_4h,4h,-0.01321,0.00835,True,-11.39,0.75,False,False,7,0.71,643740
DOGEUSDT,gap_4h,8h,-0.00708,0.01102,False,-14.6,0.5,True,False,7,0.71,643692
DOGEUSDT,gap_4h,12h,-0.00405,0.01594,False,-15.88,0.75,True,False,7,0.57,643644
DOGEUSDT,gap_4h,24h,-0.0053,0.01528,False,-42.77,0.75,True,True,7,0.57,643500
DOGEUSDT,cash_4h,1h,0.00499,0.00537,False,-0.21,0.75,False,False,7,0.57,643775
DOGEUSDT,cash_4h,4h,0.00903,0.01215,False,2.9,0.5,False,False,7,0.86,643739
DOGEUSDT,cash_4h,8h,0.00707,0.00865,False,2.62,0.5,False,False,7,0.86,643691
DOGEUSDT,cash_4h,12h,0.00612,0.00806,False,0.1,0.5,False,False,7,0.86,643643
DOGEUSDT,cash_4h,24h,0.0138,0.01037,True,5.59,0.5,False,False,7,0.86,643499
DOGEUSDT,lead_1h,1h,-0.00955,0.00149,True,-2.85,0.5,False,False,7,0.86,643811
DOGEUSDT,lead_1h,4h,-0.0071,0.00161,True,-6.12,0.75,False,False,7,0.86,643775
DOGEUSDT,lead_1h,8h,-0.00485,0.0019,True,-4.8,0.5,False,False,7,0.86,643727
DOGEUSDT,lead_1h,12h,-0.00535,0.00267,True,-7.47,0.5,False,False,7,0.71,643679
DOGEUSDT,lead_1h,24h,-0.00316,0.00178,True,-4.16,0.5,False,False,7,0.71,643535
DOGEUSDT,lead_4h,1h,-0.0151,0.00537,True,-4.69,0.5,False,False,7,0.86,643775
DOGEUSDT,lead_4h,4h,-0.01281,0.00306,True,-6.76,0.5,False,False,7,0.71,643739
DOGEUSDT,lead_4h,8h,-0.0119,0.00539,True,-0.43,0.75,False,False,7,0.71,643691
DOGEUSDT,lead_4h,12h,-0.01031,0.00574,True,-3.04,0.75,False,False,7,0.71,643643
DOGEUSDT,lead_4h,24h,-0.00766,0.00331,True,-0.7,0.75,False,False,7,0.71,643499
ADAUSDT,ret_1h,1h,-0.04384,0.00517,True,-3.79,0.75,False,False,7,1.0,690013
ADAUSDT,ret_1h,4h,-0.02145,0.01071,True,-2.29,0.5,False,False,7,1.0,689977
ADAUSDT,ret_1h,8h,-0.01445,0.00486,True,-3.08,0.75,False,False,7,0.71,689929
ADAUSDT,ret_1h,12h,-0.00691,0.0046,True,2.33,0.75,False,False,7,0.86,689881
ADAUSDT,ret_1h,24h,-0.01575,0.00597,True,-10.0,0.5,False,False,7,0.86,689737
ADAUSDT,ret_4h,1h,-0.03472,0.00654,True,1.04,0.5,False,False,7,1.0,689977
ADAUSDT,ret_4h,4h,-0.026,0.00967,True,5.41,0.5,False,False,7,1.0,689941
ADAUSDT,ret_4h,8h,-0.01657,0.00729,True,4.31,0.5,False,False,7,0.86,689893
ADAUSDT,ret_4h,12h,-0.00772,0.01454,False,15.14,0.5,True,False,7,0.71,689845
ADAUSDT,ret_4h,24h,-0.03108,0.01319,True,-13.87,0.75,False,False,7,0.86,689701
ADAUSDT,prem,1h,-0.0066,0.00376,True,-1.82,0.5,False,False,7,0.86,690025
ADAUSDT,prem,4h,-0.00603,0.01021,False,-2.04,0.75,False,False,7,0.86,689989
ADAUSDT,prem,8h,-0.00823,0.01446,False,-3.79,0.75,False,False,7,1.0,689941
ADAUSDT,prem,12h,-0.00771,0.00911,False,-3.71,0.75,False,False,7,1.0,689893
ADAUSDT,prem,24h,0.0021,0.02709,False,10.67,0.5,False,False,7,0.14,689749
ADAUSDT,prem_z,1h,-0.01809,0.00352,True,-2.83,0.75,False,False,7,0.86,689881
ADAUSDT,prem_z,4h,-0.01642,0.00673,True,-5.5,1.0,False,False,7,0.86,689845
ADAUSDT,prem_z,8h,-0.02022,0.01242,True,-12.74,1.0,False,False,7,1.0,689797
ADAUSDT,prem_z,12h,-0.0271,0.00681,True,-20.91,1.0,True,False,7,1.0,689749
ADAUSDT,prem_z,24h,-0.02637,0.00934,True,-29.0,1.0,True,True,7,1.0,689605
ADAUSDT,dprem_1h,1h,-0.00956,0.00297,True,-2.18,0.5,False,False,7,0.86,690013
ADAUSDT,dprem_1h,4h,-0.00668,0.00226,True,-3.26,0.5,False,False,7,0.86,689977
ADAUSDT,dprem_1h,8h,-0.00429,0.00141,True,-2.99,0.5,False,False,7,0.71,689929
ADAUSDT,dprem_1h,12h,-0.00383,0.00161,True,-5.17,0.5,False,False,7,0.71,689881
ADAUSDT,dprem_1h,24h,-0.00409,0.00103,True,-8.42,0.5,False,False,7,0.86,689737
ADAUSDT,dprem_4h,1h,-0.01224,0.00462,True,-2.57,0.5,False,False,7,0.86,689977
ADAUSDT,dprem_4h,4h,-0.00625,0.00392,True,-1.67,0.5,False,False,7,0.71,689941
ADAUSDT,dprem_4h,8h,-0.00385,0.00405,False,-1.12,0.5,False,False,7,0.57,689893
ADAUSDT,dprem_4h,12h,-0.00652,0.00197,True,-3.76,0.5,False,False,7,0.71,689845
ADAUSDT,dprem_4h,24h,-0.01063,0.00462,True,-13.96,0.5,False,False,7,0.86,689701
ADAUSDT,lev_1h,1h,0.00109,0.0026,False,0.06,0.5,False,False,7,0.71,690013
ADAUSDT,lev_1h,4h,0.00106,0.0042,False,0.9,0.5,False,False,7,0.57,689977
ADAUSDT,lev_1h,8h,-0.00011,0.00358,False,-0.95,0.5,False,False,7,0.71,689929
ADAUSDT,lev_1h,12h,-0.00028,0.00284,False,-2.06,0.5,False,False,7,0.71,689881
ADAUSDT,lev_1h,24h,-0.00162,0.00132,True,-3.29,0.5,False,False,7,0.71,689737
ADAUSDT,lev_4h,1h,0.00173,0.00335,False,0.96,0.75,False,False,7,0.43,689977
ADAUSDT,lev_4h,4h,-0.00042,0.00524,False,0.45,0.5,False,False,7,0.71,689941
ADAUSDT,lev_4h,8h,-0.00095,0.00476,False,-2.72,0.5,False,False,7,0.57,689893
ADAUSDT,lev_4h,12h,-0.00267,0.00498,False,-4.72,0.5,False,False,7,0.57,689845
ADAUSDT,lev_4h,24h,0.00146,0.00798,False,4.1,0.5,False,False,7,0.43,689701
ADAUSDT,gap,1h,0.00195,0.00327,False,-0.21,0.5,False,False,7,0.57,689930
ADAUSDT,gap,4h,-0.00029,0.00271,False,-1.27,0.5,False,False,7,0.71,689894
ADAUSDT,gap,8h,-0.0015,0.0027,False,-1.43,0.5,False,False,7,0.43,689846
ADAUSDT,gap,12h,-0.00263,0.00306,False,-1.79,0.5,False,False,7,0.57,689798
ADAUSDT,gap,24h,-0.00269,0.00495,False,-6.33,0.5,False,False,7,0.57,689654
ADAUSDT,gap_z,1h,0.00349,0.00231,True,0.8,0.5,False,False,7,0.57,689786
ADAUSDT,gap_z,4h,0.00114,0.00308,False,0.38,0.75,False,False,7,0.43,689750
ADAUSDT,gap_z,8h,-1e-05,0.00194,False,0.91,0.5,False,False,7,0.29,689702
ADAUSDT,gap_z,12h,-0.00133,0.00172,False,1.1,0.5,False,False,7,0.57,689654
ADAUSDT,gap_z,24h,-0.00289,0.00473,False,-1.93,0.5,False,False,7,0.57,689510
ADAUSDT,gap_1h,1h,0.00109,0.00537,False,-1.12,0.5,False,False,7,0.57,690002
ADAUSDT,gap_1h,4h,-0.00119,0.00926,False,-2.31,0.75,False,False,7,0.57,689966
ADAUSDT,gap_1h,8h,-0.00124,0.00827,False,-3.41,0.75,False,False,7,0.29,689918
ADAUSDT,gap_1h,12h,-0.00127,0.00716,False,-2.49,0.75,False,False,7,0.43,689870
ADAUSDT,gap_1h,24h,0.00038,0.01226,False,-6.34,0.75,False,False,7,0.57,689726
ADAUSDT,cash_1h,1h,0.00313,0.00219,True,-0.01,0.75,False,False,7,0.43,690004
ADAUSDT,cash_1h,4h,-0.00167,0.00435,False,-2.85,0.5,False,False,7,0.57,689968
ADAUSDT,cash_1h,8h,-0.00297,0.00561,False,-4.74,0.75,False,False,7,0.71,689920
ADAUSDT,cash_1h,12h,-0.00112,0.00379,False,-5.0,0.5,False,False,7,0.43,689872
ADAUSDT,cash_1h,24h,-0.00157,0.00345,False,-9.2,0.5,False,False,7,0.43,689728
ADAUSDT,gap_4h,1h,0.00162,0.00338,False,-1.07,0.5,False,False,7,0.57,689978
ADAUSDT,gap_4h,4h,0.00504,0.01311,False,-1.72,0.5,False,False,7,0.86,689942
ADAUSDT,gap_4h,8h,0.00491,0.00987,False,-2.39,0.5,False,False,7,0.86,689894
ADAUSDT,gap_4h,12h,0.0015,0.00811,False,-3.79,0.5,False,False,7,0.71,689846
ADAUSDT,gap_4h,24h,0.0052,0.02199,False,-11.76,0.5,False,False,7,0.71,689702
ADAUSDT,cash_4h,1h,0.00553,0.00485,True,-0.8,0.75,False,False,7,0.57,689977
ADAUSDT,cash_4h,4h,0.00697,0.00912,False,-1.59,0.75,False,False,7,0.71,689941
ADAUSDT,cash_4h,8h,0.00654,0.01203,False,-0.73,0.75,False,False,7,0.86,689893
ADAUSDT,cash_4h,12h,0.00617,0.00841,False,-1.5,0.5,False,False,7,0.86,689845
ADAUSDT,cash_4h,24h,0.01198,0.00736,True,3.06,0.75,False,False,7,0.86,689701
ADAUSDT,lead_1h,1h,-0.00923,0.0014,True,-2.74,0.75,False,False,7,0.86,690013
ADAUSDT,lead_1h,4h,-0.00776,0.00249,True,-3.56,0.5,False,False,7,0.86,689977
ADAUSDT,lead_1h,8h,-0.0031,0.00156,True,-0.62,0.5,False,False,7,0.71,689929
ADAUSDT,lead_1h,12h,-0.00356,0.00119,True,-2.7,0.5,False,False,7,0.71,689881
ADAUSDT,lead_1h,24h,-0.00426,0.00174,True,-5.15,0.5,False,False,7,0.86,689737
ADAUSDT,lead_4h,1h,-0.01374,0.00412,True,-3.55,0.75,False,False,7,0.86,689977
ADAUSDT,lead_4h,4h,-0.00626,0.00673,False,-2.39,0.5,False,False,7,0.71,689941
ADAUSDT,lead_4h,8h,-0.00295,0.00474,False,-1.67,0.5,False,False,7,0.43,689893
ADAUSDT,lead_4h,12h,-0.00576,0.00163,True,-5.63,0.5,False,False,7,0.71,689845
ADAUSDT,lead_4h,24h,-0.01117,0.00551,True,-17.16,0.75,True,False,7,0.86,689701
AVAXUSDT,ret_1h,1h,-0.03571,0.00759,True,-3.69,0.75,False,False,7,1.0,622236
AVAXUSDT,ret_1h,4h,-0.02006,0.00729,True,-6.95,0.5,False,False,7,1.0,622200
AVAXUSDT,ret_1h,8h,-0.01274,0.00864,True,-7.21,0.5,False,False,7,0.86,622152
AVAXUSDT,ret_1h,12h,-0.0135,0.00334,True,-11.58,0.5,False,False,7,0.86,622104
AVAXUSDT,ret_1h,24h,-0.00772,0.00975,False,-10.44,0.5,False,False,7,1.0,621960
AVAXUSDT,ret_4h,1h,-0.03536,0.00658,True,-3.38,0.5,False,False,7,1.0,622200
AVAXUSDT,ret_4h,4h,-0.0293,0.01411,True,-6.84,0.75,False,False,7,0.86,622164
AVAXUSDT,ret_4h,8h,-0.01906,0.01085,True,-9.87,0.75,False,False,7,0.86,622116
AVAXUSDT,ret_4h,12h,-0.01755,0.01274,True,-12.23,0.75,False,False,7,0.86,622068
AVAXUSDT,ret_4h,24h,-0.01284,0.02118,False,-14.25,0.5,True,False,7,1.0,621924
AVAXUSDT,prem,1h,-0.00462,0.00423,True,-1.48,0.75,False,False,7,0.86,622248
AVAXUSDT,prem,4h,-0.00484,0.01343,False,-0.67,0.75,False,False,7,0.71,622212
AVAXUSDT,prem,8h,-0.00259,0.00976,False,4.98,0.75,False,False,7,1.0,622164
AVAXUSDT,prem,12h,-0.00025,0.01459,False,8.84,0.75,False,False,7,0.71,622116
AVAXUSDT,prem,24h,0.01376,0.01974,False,34.94,0.5,True,True,7,0.14,621972
AVAXUSDT,prem_z,1h,-0.01807,0.00264,True,-3.27,0.75,False,False,7,0.86,622104
AVAXUSDT,prem_z,4h,-0.01685,0.0038,True,-8.42,0.75,False,False,7,0.86,622068
AVAXUSDT,prem_z,8h,-0.01461,0.00918,True,-8.7,0.5,False,False,7,0.71,622020
AVAXUSDT,prem_z,12h,-0.01491,0.0067,True,-14.16,0.75,True,False,7,0.71,621972
AVAXUSDT,prem_z,24h,-0.00872,0.00774,True,-13.19,0.75,False,False,7,0.71,621828
AVAXUSDT,dprem_1h,1h,-0.00456,0.0031,True,-0.44,0.5,False,False,7,0.86,622236
AVAXUSDT,dprem_1h,4h,-0.00577,0.0015,True,-4.71,0.5,False,False,7,0.86,622200
AVAXUSDT,dprem_1h,8h,-0.00368,0.00246,True,-3.37,0.5,False,False,7,0.86,622152
AVAXUSDT,dprem_1h,12h,-0.00302,0.00076,True,-4.52,0.5,False,False,7,1.0,622104
AVAXUSDT,dprem_1h,24h,-0.00361,0.00182,True,-5.66,0.5,False,False,7,0.86,621960
AVAXUSDT,dprem_4h,1h,-0.01237,0.00317,True,-3.6,0.75,False,False,7,0.86,622200
AVAXUSDT,dprem_4h,4h,-0.01026,0.00368,True,-7.21,0.5,False,False,7,0.86,622164
AVAXUSDT,dprem_4h,8h,-0.0082,0.00819,True,-4.87,0.5,False,False,7,0.71,622116
AVAXUSDT,dprem_4h,12h,-0.00662,0.00334,True,-5.97,0.5,False,False,7,0.57,622068
AVAXUSDT,dprem_4h,24h,-0.00595,0.00186,True,-7.13,0.5,False,False,7,0.71,621924
AVAXUSDT,lev_1h,1h,0.00414,0.0039,True,0.94,0.5,False,False,7,0.86,622236
AVAXUSDT,lev_1h,4h,0.00203,0.00302,False,1.46,0.5,False,False,7,0.71,622200
AVAXUSDT,lev_1h,8h,0.003,0.00155,True,1.55,0.5,False,False,7,0.71,622152
AVAXUSDT,lev_1h,12h,0.00064,0.00322,False,-1.78,0.5,False,False,7,0.57,622104
AVAXUSDT,lev_1h,24h,-0.00288,0.00469,False,-5.59,0.5,False,False,7,0.57,621960
AVAXUSDT,lev_4h,1h,0.00087,0.00218,False,0.51,0.5,False,False,7,0.57,622200
AVAXUSDT,lev_4h,4h,0.00234,0.0033,False,2.58,0.5,False,False,7,0.43,622164
AVAXUSDT,lev_4h,8h,-0.00025,0.00338,False,-1.71,0.5,False,False,7,0.43,622116
AVAXUSDT,lev_4h,12h,-0.00381,0.00961,False,-5.27,0.5,False,False,7,0.57,622068
AVAXUSDT,lev_4h,24h,-0.00056,0.00577,False,-2.89,0.5,False,False,7,0.57,621924
AVAXUSDT,gap,1h,0.00497,0.00067,True,1.04,0.75,False,False,7,0.71,621578
AVAXUSDT,gap,4h,0.00688,0.00412,True,4.61,0.75,False,False,7,1.0,621542
AVAXUSDT,gap,8h,0.00482,0.00531,False,4.76,0.75,False,False,7,0.86,621494
AVAXUSDT,gap,12h,0.00562,0.00468,True,6.64,0.5,False,False,7,0.86,621446
AVAXUSDT,gap,24h,0.0061,0.00293,True,8.38,0.75,False,False,7,0.71,621302
AVAXUSDT,gap_z,1h,0.0048,0.00122,True,1.01,0.75,False,False,7,0.71,621434
AVAXUSDT,gap_z,4h,0.00483,0.00404,True,3.01,0.75,False,False,7,0.86,621398
AVAXUSDT,gap_z,8h,0.00211,0.00683,False,2.82,0.75,False,False,7,0.86,621350
AVAXUSDT,gap_z,12h,0.00237,0.00314,False,4.2,0.75,False,False,7,0.86,621302
AVAXUSDT,gap_z,24h,0.00253,0.00295,False,6.63,0.75,False,False,7,0.71,621158
AVAXUSDT,gap_1h,1h,0.01185,0.00625,True,3.44,1.0,False,False,7,0.86,622225
AVAXUSDT,gap_1h,4h,0.01913,0.00765,True,12.84,0.75,False,False,7,0.86,622189
AVAXUSDT,gap_1h,8h,0.01323,0.0137,False,13.02,0.75,False,False,7,1.0,622141
AVAXUSDT,gap_1h,12h,0.01385,0.00961,True,16.25,0.75,True,False,7,1.0,622093
AVAXUSDT,gap_1h,24h,0.01396,0.00636,True,20.79,0.5,True,False,7,0.86,621949
AVAXUSDT,cash_1h,1h,0.00141,0.00414,False,0.29,0.5,False,False,7,0.71,622227
AVAXUSDT,cash_1h,4h,0.00132,0.0066,False,0.61,0.5,False,False,7,0.57,622191
AVAXUSDT,cash_1h,8h,0.00207,0.00584,False,0.79,0.5,False,False,7,0.71,622143
AVAXUSDT,cash_1h,12h,-0.00015,0.00502,False,-0.01,0.5,False,False,7,0.43,622095
AVAXUSDT,cash_1h,24h,-0.00231,0.00946,False,-5.65,0.75,False,False,7,0.29,621951
AVAXUSDT,gap_4h,1h,0.01877,0.00631,True,3.91,0.75,False,False,7,1.0,622201
AVAXUSDT,gap_4h,4h,0.01655,0.00738,True,7.12,0.75,False,False,7,0.86,622165
AVAXUSDT,gap_4h,8h,0.01061,0.02119,False,9.36,0.5,False,False,7,0.71,622117
AVAXUSDT,gap_4h,12h,0.01045,0.01235,False,9.85,0.5,False,False,7,0.71,622069
AVAXUSDT,gap_4h,24h,0.01356,0.00978,True,19.37,0.5,True,False,7,0.86,621925
AVAXUSDT,cash_4h,1h,-0.0,0.00914,False,-0.45,0.5,False,False,7,0.43,622200
AVAXUSDT,cash_4h,4h,0.00529,0.00955,False,1.26,0.5,False,False,7,0.57,622164
AVAXUSDT,cash_4h,8h,0.00649,0.01145,False,2.91,0.5,False,False,7,0.57,622116
AVAXUSDT,cash_4h,12h,0.00037,0.01247,False,0.69,0.5,False,False,7,0.43,622068
AVAXUSDT,cash_4h,24h,-0.00465,0.0107,False,-4.43,0.5,False,False,7,0.43,621924
AVAXUSDT,lead_1h,1h,-0.00573,0.00489,True,-1.74,0.75,False,False,7,0.86,622236
AVAXUSDT,lead_1h,4h,-0.00704,0.00247,True,-5.94,0.75,False,False,7,0.86,622200
AVAXUSDT,lead_1h,8h,-0.00409,0.00226,True,-3.1,0.75,False,False,7,0.86,622152
AVAXUSDT,lead_1h,12h,-0.00389,0.00063,True,-5.26,0.5,False,False,7,1.0,622104
AVAXUSDT,lead_1h,24h,-0.0044,0.00123,True,-8.69,0.5,False,False,7,0.86,621960
AVAXUSDT,lead_4h,1h,-0.01523,0.00414,True,-4.89,1.0,False,False,7,0.86,622200
AVAXUSDT,lead_4h,4h,-0.01253,0.00364,True,-8.06,0.75,False,False,7,0.86,622164
AVAXUSDT,lead_4h,8h,-0.00779,0.00618,True,-6.15,0.5,False,False,7,0.86,622116
AVAXUSDT,lead_4h,12h,-0.00615,0.00396,True,-6.39,0.5,False,False,7,0.71,622068
AVAXUSDT,lead_4h,24h,-0.00709,0.00234,True,-11.57,0.5,False,False,7,0.71,621924
LINKUSDT,ret_1h,1h,-0.04097,0.00223,True,-3.87,0.75,False,False,7,1.0,694037
LINKUSDT,ret_1h,4h,-0.0236,0.00364,True,-6.63,0.5,False,False,7,1.0,694001
LINKUSDT,ret_1h,8h,-0.01191,0.00406,True,-4.94,0.75,False,False,7,0.71,693953
LINKUSDT,ret_1h,12h,-0.00813,0.00331,True,-2.76,0.75,False,False,7,0.71,693905
LINKUSDT,ret_1h,24h,-0.01124,0.00545,True,-15.67,0.5,True,False,7,1.0,693761
LINKUSDT,ret_4h,1h,-0.03589,0.00503,True,-1.89,0.5,False,False,7,1.0,694001
LINKUSDT,ret_4h,4h,-0.02635,0.00439,True,-1.59,0.75,False,False,7,0.71,693965
LINKUSDT,ret_4h,8h,-0.01091,0.01524,False,1.37,0.5,False,False,7,0.71,693917
LINKUSDT,ret_4h,12h,-0.00559,0.01257,False,7.46,0.5,False,False,7,0.57,693869
LINKUSDT,ret_4h,24h,-0.02239,0.01633,True,-24.71,0.75,True,False,7,1.0,693725
LINKUSDT,prem,1h,-0.00685,0.00318,True,-4.43,0.5,False,False,7,0.86,694049
LINKUSDT,prem,4h,-0.00853,0.00961,False,-10.33,0.5,False,False,7,1.0,694013
LINKUSDT,prem,8h,-0.00852,0.01285,False,-13.14,0.5,False,False,7,1.0,693965
LINKUSDT,prem,12h,-0.00442,0.00993,False,-11.57,0.5,False,False,7,1.0,693917
LINKUSDT,prem,24h,-0.00073,0.01506,False,-13.22,0.5,False,False,7,0.86,693773
LINKUSDT,prem_z,1h,-0.02378,0.00123,True,-6.02,1.0,False,False,7,1.0,693905
LINKUSDT,prem_z,4h,-0.02508,0.00504,True,-13.82,1.0,False,False,7,1.0,693869
LINKUSDT,prem_z,8h,-0.02149,0.00454,True,-19.35,1.0,True,False,7,0.86,693821
LINKUSDT,prem_z,12h,-0.01646,0.01335,True,-19.23,1.0,True,False,7,0.86,693773
LINKUSDT,prem_z,24h,-0.01385,0.00803,True,-21.49,1.0,True,False,7,0.71,693629
LINKUSDT,dprem_1h,1h,-0.00926,0.00243,True,-2.18,0.5,False,False,7,0.86,694037
LINKUSDT,dprem_1h,4h,-0.00897,0.00085,True,-5.04,0.75,False,False,7,1.0,694001
LINKUSDT,dprem_1h,8h,-0.0075,0.00106,True,-6.14,0.5,False,False,7,0.71,693953
LINKUSDT,dprem_1h,12h,-0.0056,0.00233,True,-5.83,0.5,False,False,7,0.71,693905
LINKUSDT,dprem_1h,24h,-0.00437,0.0013,True,-7.66,0.5,False,False,7,0.71,693761
LINKUSDT,dprem_4h,1h,-0.01695,0.00191,True,-4.82,1.0,False,False,7,1.0,694001
LINKUSDT,dprem_4h,4h,-0.01392,0.00429,True,-8.09,0.75,False,False,7,0.86,693965
LINKUSDT,dprem_4h,8h,-0.01292,0.00405,True,-13.18,0.75,False,False,7,0.86,693917
LINKUSDT,dprem_4h,12h,-0.00792,0.00665,True,-9.67,0.5,False,False,7,0.57,693869
LINKUSDT,dprem_4h,24h,-0.00792,0.0045,True,-15.13,0.5,True,False,7,0.71,693725
LINKUSDT,lev_1h,1h,0.00345,0.00286,True,1.28,0.5,False,False,7,0.71,694037
LINKUSDT,lev_1h,4h,-0.00106,0.00236,False,-0.65,0.5,False,False,7,0.43,694001
LINKUSDT,lev_1h,8h,-0.00122,0.00124,False,-1.07,0.5,False,False,7,0.43,693953
LINKUSDT,lev_1h,12h,-0.00039,0.00423,False,-0.04,0.5,False,False,7,0.43,693905
LINKUSDT,lev_1h,24h,0.00133,0.00146,False,3.79,0.5,False,False,7,0.57,693761
LINKUSDT,lev_4h,1h,0.00053,0.00237,False,0.13,0.5,False,False,7,0.43,694001
LINKUSDT,lev_4h,4h,-0.00017,0.00598,False,-0.21,0.5,False,False,7,0.57,693965
LINKUSDT,lev_4h,8h,-0.00033,0.00348,False,-2.07,0.5,False,False,7,0.57,693917
LINKUSDT,lev_4h,12h,-0.00206,0.00478,False,-3.33,0.5,False,False,7,0.57,693869
LINKUSDT,lev_4h,24h,0.00139,0.00456,False,4.85,0.5,False,False,7,0.43,693725
LINKUSDT,gap,1h,0.00183,0.0025,False,0.66,0.5,False,False,7,0.57,693956
LINKUSDT,gap,4h,-0.00144,0.00736,False,0.06,0.5,False,False,7,0.71,693920
LINKUSDT,gap,8h,-0.00354,0.00324,True,-1.19,0.5,False,False,7,0.86,693872
LINKUSDT,gap,12h,-0.0013,0.00565,False,-1.44,0.5,False,False,7,0.71,693824
LINKUSDT,gap,24h,-0.00012,0.00422,False,-1.03,0.5,False,False,7,0.43,693680
LINKUSDT,gap_z,1h,0.00251,0.00233,True,1.05,0.75,False,False,7,0.71,693812
LINKUSDT,gap_z,4h,-0.00094,0.00449,False,-0.18,0.5,False,False,7,0.71,693776
LINKUSDT,gap_z,8h,-0.00421,0.0013,True,-1.41,0.5,False,False,7,0.86,693728
LINKUSDT,gap_z,12h,-0.00228,0.00384,False,-1.45,0.5,False,False,7,0.71,693680
LINKUSDT,gap_z,24h,-0.00073,0.00237,False,-0.05,0.5,False,False,7,0.57,693536
LINKUSDT,gap_1h,1h,-0.00042,0.00252,False,-0.57,0.5,False,False,7,0.86,694026
LINKUSDT,gap_1h,4h,-0.00373,0.01336,False,-1.33,0.75,False,False,7,0.57,693990
LINKUSDT,gap_1h,8h,-0.00699,0.00826,False,-4.0,0.75,False,False,7,0.71,693942
LINKUSDT,gap_1h,12h,-0.0015,0.0096,False,-3.1,0.75,False,False,7,0.43,693894
LINKUSDT,gap_1h,24h,0.00096,0.00969,False,-0.27,0.75,False,False,7,0.57,693750
LINKUSDT,cash_1h,1h,0.00627,0.00262,True,0.46,0.5,False,False,7,0.71,694028
LINKUSDT,cash_1h,4h,0.00066,0.00538,False,0.3,0.5,False,False,7,0.71,693992
LINKUSDT,cash_1h,8h,-0.00426,0.00551,False,-2.54,0.5,False,False,7,0.57,693944
LINKUSDT,cash_1h,12h,-0.0052,0.0059,False,-2.36,0.75,False,False,7,0.57,693896
LINKUSDT,cash_1h,24h,-0.00577,0.0014,True,-3.95,0.5,False,False,7,0.71,693752
LINKUSDT,gap_4h,1h,-0.00205,0.00345,False,-0.47,0.75,False,False,7,0.57,694002
LINKUSDT,gap_4h,4h,-0.00594,0.0158,False,-3.14,0.5,False,False,7,0.57,693966
LINKUSDT,gap_4h,8h,-0.00232,0.01445,False,-2.18,0.75,False,False,7,0.43,693918
LINKUSDT,gap_4h,12h,0.0028,0.00861,False,-1.96,0.5,False,False,7,0.57,693870
LINKUSDT,gap_4h,24h,0.00718,0.00974,False,8.62,0.75,False,False,7,0.57,693726
LINKUSDT,cash_4h,1h,0.00775,0.00465,True,-0.25,0.75,False,False,7,0.71,694001
LINKUSDT,cash_4h,4h,0.00927,0.00693,True,2.96,0.5,False,False,7,0.86,693965
LINKUSDT,cash_4h,8h,0.00709,0.00678,True,4.04,0.5,False,False,7,0.86,693917
LINKUSDT,cash_4h,12h,-0.00248,0.01455,False,-4.69,0.5,False,False,7,0.57,693869
LINKUSDT,cash_4h,24h,0.00416,0.00471,False,0.1,0.5,False,False,7,0.86,693725
LINKUSDT,lead_1h,1h,-0.01023,0.00315,True,-3.31,0.75,False,False,7,0.71,694037
LINKUSDT,lead_1h,4h,-0.00868,0.00199,True,-5.68,0.75,False,False,7,0.57,694001
LINKUSDT,lead_1h,8h,-0.00646,0.00115,True,-6.23,0.75,False,False,7,0.86,693953
LINKUSDT,lead_1h,12h,-0.00513,0.00172,True,-7.37,0.5,False,False,7,0.57,693905
LINKUSDT,lead_1h,24h,-0.00481,0.00103,True,-9.5,0.5,False,False,7,0.71,693761
LINKUSDT,lead_4h,1h,-0.01557,0.00274,True,-5.7,1.0,False,False,7,0.71,694001
LINKUSDT,lead_4h,4h,-0.01259,0.00615,True,-8.33,1.0,False,False,7,0.57,693965
LINKUSDT,lead_4h,8h,-0.01285,0.00501,True,-14.53,1.0,True,False,7,0.86,693917
LINKUSDT,lead_4h,12h,-0.00863,0.00833,True,-11.81,0.75,False,False,7,0.57,693869
LINKUSDT,lead_4h,24h,-0.00947,0.0038,True,-16.68,0.5,True,False,7,0.71,693725
DOTUSDT,ret_1h,1h,-0.04309,0.00776,True,-4.08,0.75,False,False,7,1.0,631452
DOTUSDT,ret_1h,4h,-0.02544,0.00578,True,-5.55,0.75,False,False,7,1.0,631416
DOTUSDT,ret_1h,8h,-0.01586,0.00401,True,-4.71,0.5,False,False,7,0.86,631368
DOTUSDT,ret_1h,12h,-0.0128,0.00673,True,-3.05,0.5,False,False,7,0.86,631320
DOTUSDT,ret_1h,24h,-0.01231,0.00464,True,-12.01,0.5,False,False,7,1.0,631176
DOTUSDT,ret_4h,1h,-0.0386,0.00786,True,-2.32,0.5,False,False,7,1.0,631416
DOTUSDT,ret_4h,4h,-0.03026,0.01424,True,-3.02,0.5,False,False,7,1.0,631380
DOTUSDT,ret_4h,8h,-0.02176,0.01318,True,-3.56,0.75,False,False,7,0.86,631332
DOTUSDT,ret_4h,12h,-0.01674,0.01636,True,-4.07,0.75,False,False,7,0.86,631284
DOTUSDT,ret_4h,24h,-0.02235,0.01531,True,-19.86,0.75,True,False,7,0.86,631140
DOTUSDT,prem,1h,-0.00545,0.00619,False,-1.29,0.75,False,False,7,0.86,631464
DOTUSDT,prem,4h,0.00086,0.00445,False,0.97,0.5,False,False,7,0.14,631428
DOTUSDT,prem,8h,0.00211,0.01249,False,5.26,0.5,False,False,7,0.14,631380
DOTUSDT,prem,12h,0.00537,0.01395,False,9.53,0.5,False,False,7,0.14,631332
DOTUSDT,prem,24h,0.01326,0.01132,True,23.99,0.5,True,False,7,0.14,631188
DOTUSDT,prem_z,1h,-0.02071,0.00359,True,-3.81,0.75,False,False,7,1.0,631320
DOTUSDT,prem_z,4h,-0.01466,0.00242,True,-5.16,1.0,False,False,7,1.0,631284
DOTUSDT,prem_z,8h,-0.01203,0.00467,True,-6.02,0.75,False,False,7,0.71,631236
DOTUSDT,prem_z,12h,-0.01478,0.00513,True,-9.0,0.75,False,False,7,0.86,631188
DOTUSDT,prem_z,24h,-0.02088,0.00821,True,-19.62,0.5,True,False,7,0.71,631044
DOTUSDT,dprem_1h,1h,-0.01012,0.00165,True,-2.54,0.5,False,False,7,1.0,631452
DOTUSDT,dprem_1h,4h,-0.00734,0.00181,True,-4.03,0.5,False,False,7,0.86,631416
DOTUSDT,dprem_1h,8h,-0.00408,0.00184,True,-3.52,0.5,False,False,7,0.86,631368
DOTUSDT,dprem_1h,12h,-0.00458,0.00246,True,-4.42,0.5,False,False,7,0.86,631320
DOTUSDT,dprem_1h,24h,-0.00277,0.00202,True,-3.22,0.5,False,False,7,1.0,631176
DOTUSDT,dprem_4h,1h,-0.01556,0.00563,True,-3.22,0.75,False,False,7,0.86,631416
DOTUSDT,dprem_4h,4h,-0.01001,0.00563,True,-4.44,0.5,False,False,7,0.86,631380
DOTUSDT,dprem_4h,8h,-0.00426,0.00358,True,-3.58,0.5,False,False,7,0.71,631332
DOTUSDT,dprem_4h,12h,-0.00497,0.00532,False,-4.36,0.5,False,False,7,0.71,631284
DOTUSDT,dprem_4h,24h,-0.0062,0.00373,True,-7.01,0.5,False,False,7,0.86,631140
DOTUSDT,lev_1h,1h,0.00243,0.00246,False,0.51,0.5,False,False,7,0.71,631452
DOTUSDT,lev_1h,4h,-0.00053,0.00224,False,-0.93,0.5,False,False,7,0.43,631416
DOTUSDT,lev_1h,8h,-0.00257,0.00199,True,-1.31,0.5,False,False,7,0.57,631368
DOTUSDT,lev_1h,12h,-0.00239,0.00283,False,-0.87,0.5,False,False,7,0.57,631320
DOTUSDT,lev_1h,24h,-0.00125,0.00178,False,-0.7,0.5,False,False,7,0.57,631176
DOTUSDT,lev_4h,1h,-0.00071,0.00411,False,0.14,0.5,False,False,7,0.57,631416
DOTUSDT,lev_4h,4h,-0.00782,0.00364,True,-3.26,0.5,False,False,7,1.0,631380
DOTUSDT,lev_4h,8h,-0.00299,0.00575,False,-0.88,0.5,False,False,7,0.43,631332
DOTUSDT,lev_4h,12h,-0.00085,0.00339,False,1.23,0.5,False,False,7,0.57,631284
DOTUSDT,lev_4h,24h,0.00255,0.00737,False,2.48,0.5,False,False,7,0.57,631140
DOTUSDT,gap,1h,0.0004,0.00272,False,-0.51,0.5,False,False,7,0.57,631359
DOTUSDT,gap,4h,0.00064,0.00206,False,-0.72,0.5,False,False,7,0.57,631323
DOTUSDT,gap,8h,-0.00016,0.00219,False,-1.76,0.5,False,False,7,0.43,631275
DOTUSDT,gap,12h,-0.00382,0.00261,True,-4.92,0.5,False,False,7,0.71,631227
DOTUSDT,gap,24h,-0.00273,0.00422,False,-5.42,0.5,False,False,7,0.71,631083
DOTUSDT,gap_z,1h,0.00182,0.00216,False,0.32,0.5,False,False,7,0.57,631215
DOTUSDT,gap_z,4h,0.00192,0.00247,False,0.14,0.75,False,False,7,0.71,631179
DOTUSDT,gap_z,8h,0.00143,0.00197,False,-0.11,0.5,False,False,7,0.57,631131
DOTUSDT,gap_z,12h,-0.00207,0.0037,False,-3.9,0.5,False,False,7,0.71,631083
DOTUSDT,gap_z,24h,-0.00043,0.00316,False,-1.82,0.5,False,False,7,0.71,630939
DOTUSDT,gap_1h,1h,0.00292,0.00505,False,-0.57,0.5,False,False,7,0.57,631441
DOTUSDT,gap_1h,4h,0.00698,0.00524,True,1.74,0.5,False,False,7,0.71,631405
DOTUSDT,gap_1h,8h,0.00018,0.00562,False,-2.98,0.5,False,False,7,0.43,631357
DOTUSDT,gap_1h,12h,-0.00533,0.00662,False,-7.39,0.75,False,False,7,0.57,631309
DOTUSDT,gap_1h,24h,-0.00294,0.0142,False,-6.83,0.5,False,False,7,0.43,631165
DOTUSDT,cash_1h,1h,0.0044,0.0053,False,1.48,0.75,False,False,7,1.0,631443
DOTUSDT,cash_1h,4h,0.0035,0.0072,False,-0.6,0.5,False,False,7,0.57,631407
DOTUSDT,cash_1h,8h,0.0019,0.00563,False,1.1,0.5,False,False,7,0.43,631359
DOTUSDT,cash_1h,12h,-0.00109,0.0051,False,-0.46,0.5,False,False,7,0.71,631311
DOTUSDT,cash_1h,24h,0.00195,0.0044,False,2.75,0.5,False,False,7,0.71,631167
DOTUSDT,gap_4h,1h,0.0053,0.0056,False,0.44,0.5,False,False,7,0.71,631417
DOTUSDT,gap_4h,4h,0.00842,0.00747,True,-0.89,0.5,False,False,7,0.71,631381
DOTUSDT,gap_4h,8h,-0.00453,0.00966,False,-9.44,0.75,False,False,7,0.43,631333
DOTUSDT,gap_4h,12h,-0.00694,0.01183,False,-10.45,0.5,False,False,7,0.43,631285
DOTUSDT,gap_4h,24h,-0.00283,0.01721,False,-10.79,0.75,False,False,7,0.43,631141
DOTUSDT,cash_4h,1h,0.00826,0.00519,True,0.65,0.75,False,False,7,1.0,631416
DOTUSDT,cash_4h,4h,0.01099,0.00844,True,2.65,0.5,False,False,7,0.57,631380
DOTUSDT,cash_4h,8h,0.0069,0.01105,False,4.31,0.75,False,False,7,0.71,631332
DOTUSDT,cash_4h,12h,0.0005,0.00832,False,1.09,0.5,False,False,7,0.71,631284
DOTUSDT,cash_4h,24h,0.00307,0.00356,False,0.93,0.5,False,False,7,0.57,631140
DOTUSDT,lead_1h,1h,-0.01067,0.00175,True,-2.69,0.75,False,False,7,0.86,631452
DOTUSDT,lead_1h,4h,-0.008,0.00278,True,-4.78,0.5,False,False,7,0.86,631416
DOTUSDT,lead_1h,8h,-0.00425,0.00091,True,-3.34,0.5,False,False,7,0.86,631368
DOTUSDT,lead_1h,12h,-0.00388,0.00214,True,-4.48,0.5,False,False,7,0.86,631320
DOTUSDT,lead_1h,24h,-0.00319,0.00197,True,-3.82,0.5,False,False,7,1.0,631176
DOTUSDT,lead_4h,1h,-0.01575,0.00537,True,-4.34,0.75,False,False,7,0.86,631416
DOTUSDT,lead_4h,4h,-0.0118,0.00707,True,-4.48,0.75,False,False,7,0.86,631380
DOTUSDT,lead_4h,8h,-0.00435,0.00366,True,-2.0,0.75,False,False,7,0.57,631332
DOTUSDT,lead_4h,12h,-0.00524,0.00536,False,-4.92,0.5,False,False,7,0.71,631284
DOTUSDT,lead_4h,24h,-0.00839,0.00524,True,-9.84,0.5,False,False,7,1.0,631140
LTCUSDT,ret_1h,1h,-0.05911,0.00473,True,-5.71,1.0,False,False,7,1.0,695188
LTCUSDT,ret_1h,4h,-0.03762,0.00634,True,-6.97,1.0,False,False,7,1.0,695152
LTCUSDT,ret_1h,8h,-0.02598,0.0021,True,-8.35,1.0,False,False,7,1.0,695104
LTCUSDT,ret_1h,12h,-0.01817,0.00312,True,-3.79,0.75,False,False,7,1.0,695056
LTCUSDT,ret_1h,24h,-0.02059,0.00846,True,-14.3,1.0,True,False,7,1.0,694912
LTCUSDT,ret_4h,1h,-0.05545,0.00692,True,-3.98,0.75,False,False,7,1.0,695152
LTCUSDT,ret_4h,4h,-0.05029,0.01836,True,-6.97,0.75,False,False,7,1.0,695116
LTCUSDT,ret_4h,8h,-0.03293,0.00772,True,-7.52,0.75,False,False,7,1.0,695068
LTCUSDT,ret_4h,12h,-0.02557,0.00683,True,-1.67,0.5,False,False,7,1.0,695020
LTCUSDT,ret_4h,24h,-0.03322,0.01418,True,-18.97,0.75,True,False,7,1.0,694876
LTCUSDT,prem,1h,-0.01017,0.00372,True,-2.61,0.75,False,False,7,0.86,695200
LTCUSDT,prem,4h,-0.00974,0.00689,True,-5.6,0.75,False,False,7,0.86,695164
LTCUSDT,prem,8h,-0.01021,0.01117,False,-6.74,1.0,False,False,7,0.86,695116
LTCUSDT,prem,12h,-0.00706,0.01749,False,-7.87,0.75,False,False,7,0.86,695068
LTCUSDT,prem,24h,0.00183,0.0198,False,-6.65,0.5,False,False,7,0.14,694924
LTCUSDT,prem_z,1h,-0.02533,0.00244,True,-4.35,1.0,False,False,7,0.86,695056
LTCUSDT,prem_z,4h,-0.02292,0.00525,True,-9.46,1.0,False,False,7,0.86,695020
LTCUSDT,prem_z,8h,-0.01775,0.00608,True,-10.11,1.0,False,False,7,0.86,694972
LTCUSDT,prem_z,12h,-0.01993,0.00407,True,-12.26,1.0,False,False,7,0.86,694924
LTCUSDT,prem_z,24h,-0.01747,0.00555,True,-15.37,1.0,True,False,7,1.0,694780
LTCUSDT,dprem_1h,1h,-0.01407,0.0032,True,-2.57,1.0,False,False,7,0.86,695188
LTCUSDT,dprem_1h,4h,-0.01197,0.002,True,-5.28,0.75,False,False,7,0.86,695152
LTCUSDT,dprem_1h,8h,-0.00619,0.00213,True,-3.92,0.75,False,False,7,0.86,695104
LTCUSDT,dprem_1h,12h,-0.00497,0.00108,True,-4.69,0.75,False,False,7,0.86,695056
LTCUSDT,dprem_1h,24h,-0.00377,0.00223,True,-5.61,0.5,False,False,7,0.86,694912
LTCUSDT,dprem_4h,1h,-0.02392,0.00183,True,-4.91,1.0,False,False,7,0.86,695152
LTCUSDT,dprem_4h,4h,-0.01659,0.00199,True,-6.85,0.75,False,False,7,0.86,695116
LTCUSDT,dprem_4h,8h,-0.00944,0.00367,True,-7.26,0.5,False,False,7,0.86,695068
LTCUSDT,dprem_4h,12h,-0.00983,0.00454,True,-8.85,0.75,False,False,7,0.71,695020
LTCUSDT,dprem_4h,24h,-0.00752,0.00323,True,-10.02,0.75,False,False,7,0.86,694876
LTCUSDT,lev_1h,1h,0.00285,0.00242,True,1.08,0.75,False,False,7,1.0,695188
LTCUSDT,lev_1h,4h,0.00437,0.00248,True,3.07,0.75,False,False,7,0.86,695152
LTCUSDT,lev_1h,8h,0.00595,0.00327,True,6.19,0.75,False,False,7,0.86,695104
LTCUSDT,lev_1h,12h,0.00463,0.00492,False,5.05,0.5,False,False,7,0.86,695056
LTCUSDT,lev_1h,24h,0.00563,0.00414,True,8.49,0.5,False,False,7,0.71,694912
LTCUSDT,lev_4h,1h,0.00191,0.00238,False,0.76,0.5,False,False,7,0.71,695152
LTCUSDT,lev_4h,4h,0.00392,0.00277,True,2.52,0.5,False,False,7,0.86,695116
LTCUSDT,lev_4h,8h,0.00274,0.00267,True,3.12,0.75,False,False,7,0.71,695068
LTCUSDT,lev_4h,12h,-0.00031,0.00437,False,1.78,0.75,False,False,7,0.57,695020
LTCUSDT,lev_4h,24h,0.00199,0.00614,False,5.49,0.5,False,False,7,0.29,694876
LTCUSDT,gap,1h,0.00505,0.00355,True,0.58,0.75,False,False,7,0.86,695109
LTCUSDT,gap,4h,-0.00023,0.00292,False,-0.25,0.5,False,False,7,0.43,695073
LTCUSDT,gap,8h,-0.00285,0.00239,True,-1.22,0.75,False,False,7,0.57,695025
LTCUSDT,gap,12h,-0.0041,0.00537,False,-2.17,0.5,False,False,7,0.86,694977
LTCUSDT,gap,24h,-0.00417,0.00253,True,-3.01,0.75,False,False,7,0.71,694833
LTCUSDT,gap_z,1h,0.0063,0.00394,True,0.85,0.75,False,False,7,0.86,694965
LTCUSDT,gap_z,4h,0.00201,0.0028,False,0.51,0.5,False,False,7,0.57,694929
LTCUSDT,gap_z,8h,-0.00028,0.00155,False,-0.22,0.5,False,False,7,0.29,694881
LTCUSDT,gap_z,12h,-0.00154,0.00359,False,-1.45,0.5,False,False,7,0.57,694833
LTCUSDT,gap_z,24h,-0.00256,0.00223,True,-3.56,0.75,False,False,7,0.71,694689
LTCUSDT,gap_1h,1h,0.00685,0.00271,True,1.05,0.75,False,False,7,0.86,695177
LTCUSDT,gap_1h,4h,0.00206,0.01059,False,-0.02,0.75,False,False,7,0.71,695141
LTCUSDT,gap_1h,8h,-0.00226,0.00605,False,-0.96,0.5,False,False,7,0.29,695093
LTCUSDT,gap_1h,12h,-0.0064,0.01259,False,-3.38,0.75,False,False,7,0.57,695045
LTCUSDT,gap_1h,24h,-0.01027,0.00867,True,-7.72,0.75,False,False,7,0.71,694901
LTCUSDT,cash_1h,1h,0.00337,0.00421,False,0.4,0.5,False,False,7,0.86,695179
LTCUSDT,cash_1h,4h,0.00138,0.00358,False,-0.67,0.5,False,False,7,0.57,695143
LTCUSDT,cash_1h,8h,-0.00268,0.00477,False,-2.08,0.5,False,False,7,0.43,695095
LTCUSDT,cash_1h,12h,-0.00782,0.00589,True,-5.0,0.75,False,False,7,0.86,695047
LTCUSDT,cash_1h,24h,-0.00907,0.0042,True,-7.83,0.75,False,False,7,0.71,694903
LTCUSDT,gap_4h,1h,0.00117,0.00329,False,0.05,0.5,False,False,7,0.71,695153
LTCUSDT,gap_4h,4h,-0.00477,0.01065,False,-1.41,0.5,False,False,7,0.43,695117
LTCUSDT,gap_4h,8h,-0.01067,0.00331,True,-6.14,0.5,False,False,7,0.57,695069
LTCUSDT,gap_4h,12h,-0.01563,0.016,False,-11.03,0.75,False,False,7,0.57,695021
LTCUSDT,gap_4h,24h,-0.01846,0.01439,True,-10.82,0.75,False,False,7,0.71,694877
LTCUSDT,cash_4h,1h,0.00305,0.00172,True,-0.92,0.75,False,False,7,0.71,695152
LTCUSDT,cash_4h,4h,0.00207,0.00613,False,-2.48,0.75,False,False,7,0.57,695116
LTCUSDT,cash_4h,8h,-0.00355,0.00891,False,-4.9,0.75,False,False,7,0.43,695068
LTCUSDT,cash_4h,12h,-0.01329,0.00973,True,-10.42,0.75,False,False,7,0.86,695020
LTCUSDT,cash_4h,24h,-0.01033,0.00778,True,-17.41,0.5,True,False,7,0.86,694876
LTCUSDT,lead_1h,1h,-0.00962,0.00162,True,-2.41,0.75,False,False,7,0.86,695188
LTCUSDT,lead_1h,4h,-0.01063,0.00197,True,-6.13,0.75,False,False,7,0.86,695152
LTCUSDT,lead_1h,8h,-0.00666,0.00211,True,-4.67,0.75,False,False,7,0.86,695104
LTCUSDT,lead_1h,12h,-0.00577,0.00231,True,-6.23,0.75,False,False,7,0.86,695056
LTCUSDT,lead_1h,24h,-0.0047,0.00172,True,-7.43,0.75,False,False,7,0.86,694912
LTCUSDT,lead_4h,1h,-0.01958,0.00276,True,-4.94,1.0,False,False,7,0.86,695152
LTCUSDT,lead_4h,4h,-0.0177,0.00276,True,-7.99,1.0,False,False,7,0.86,695116
LTCUSDT,lead_4h,8h,-0.0117,0.00372,True,-7.69,1.0,False,False,7,0.86,695068
LTCUSDT,lead_4h,12h,-0.01194,0.00725,True,-10.22,0.75,False,False,7,0.71,695020
LTCUSDT,lead_4h,24h,-0.00959,0.00402,True,-14.1,0.75,True,False,7,0.86,694876
