sym,feature,horizon,tail,n_trades,fade_bps,hi_bps,lo_bps,hit_rate,null_best,beats_null,clears_taker1x,clears_taker2x,clears_mixed,clears_maker2x
BTCUSDT,flow_15m,15m,0.1,125641,0.9538090897700555,0.6097385813878216,1.2975894373340442,0.5393143957784481,0.09168033254726826,True,False,False,False,False
BTCUSDT,flow_15m,15m,0.05,62842,1.1359931510285464,1.0054664999544705,1.2663371486456603,0.5439355844817161,0.19320314376472025,True,False,False,False,False
BTCUSDT,flow_15m,15m,0.02,25185,1.2907192210246967,1.1975664475087777,1.3832159371818342,0.5491760968830653,0.3580277253030224,True,False,False,False,False
BTCUSDT,flow_15m,15m,0.01,12697,1.4635088751042777,0.8291106839288352,2.0968088006040944,0.5565094116720485,0.5601765529014981,True,False,False,False,False
BTCUSDT,flow_15m,30m,0.1,125639,1.2515056107255458,0.7627710174563836,1.7398124922084681,0.5331067582518167,0.06724137825204786,True,False,False,False,False
BTCUSDT,flow_15m,30m,0.05,62840,1.4321079202173825,0.9925582204406874,1.8710145742862978,0.538430935709739,0.23476475530725363,True,False,False,False,False
BTCUSDT,flow_15m,30m,0.02,25184,1.493037199203423,1.0630076011041947,1.9200041508019843,0.5397077509529861,0.22598262044303769,True,False,False,False,False
BTCUSDT,flow_15m,30m,0.01,12696,1.7400797765817595,0.5737866539171237,2.9041702682309753,0.5437145557655955,0.4627878015334574,True,False,False,False,False
BTCUSDT,flow_15m,1h,0.1,125637,1.3282657481778106,0.31525197163381014,2.3403607571551324,0.5273924082873676,0.19361259888285934,True,False,False,False,False
BTCUSDT,flow_15m,1h,0.05,62838,1.5242785883228451,0.44127098110783686,2.605632906565862,0.530507018046405,0.4129857849841008,True,False,False,False,False
BTCUSDT,flow_15m,1h,0.02,25184,1.8990247230508446,1.0635724150863148,2.7285269868817337,0.533989834815756,0.7139979815787622,True,False,False,False,False
BTCUSDT,flow_15m,1h,0.01,12696,1.9691564366122714,0.16852963515697186,3.7663826208787987,0.5344990548204159,1.1067821041153187,True,False,False,False,False
BTCUSDT,flow_15m,2h,0.1,125632,1.5472253592112946,0.09091467186624282,3.0023309901332222,0.5219609653591442,0.38720012565134543,True,False,False,False,False
BTCUSDT,flow_15m,2h,0.05,62835,1.9279779020327505,0.26923768429485473,3.584343968695639,0.5251690936579931,0.669102513550288,True,False,False,False,False
BTCUSDT,flow_15m,2h,0.02,25181,2.5050155555306404,1.090449610403233,3.909840544727536,0.5275406060124698,0.8947376739945874,True,False,False,False,False
BTCUSDT,flow_15m,2h,0.01,12695,2.72713261780525,0.5643173824131575,4.886203013343838,0.5346199291059472,0.8960173229955347,True,False,False,False,False
BTCUSDT,flow_15m,4h,0.1,125622,1.4743617855864375,-0.5806634435496911,3.5277517855313887,0.5137873939278151,0.37499119143269605,True,False,False,False,False
BTCUSDT,flow_15m,4h,0.05,62830,1.6325364182839557,-0.73699125281859,3.9987476400583684,0.5159796275664491,0.759457268990137,True,False,False,False,False
BTCUSDT,flow_15m,4h,0.02,25180,1.6925041651591954,-1.1888624021690435,4.5542556351399925,0.5158856235107228,1.7565932647442737,False,False,False,False,False
BTCUSDT,flow_15m,4h,0.01,12694,1.3103242396989498,-3.186325807904219,5.799895178285111,0.5160705845281235,1.8413728607477553,False,False,False,False,False
BTCUSDT,absorb_15m,15m,0.1,125842,0.48388336499922063,0.1332510431571348,0.8340145130496445,0.498315347817104,0.13758087854076012,True,False,False,False,False
BTCUSDT,absorb_15m,15m,0.05,63057,0.6726763880487361,0.22337624175699472,1.120425899000396,0.49410850500340964,0.07954419783299264,True,False,False,False,False
BTCUSDT,absorb_15m,15m,0.02,25482,0.6451843587108088,-0.29733942356162696,1.586968674654771,0.48332156031708656,0.07429375008440046,True,False,False,False,False
BTCUSDT,absorb_15m,15m,0.01,12852,0.6888769432696741,-0.6590041125625998,2.020910387678177,0.47315592903828196,0.31804565077806773,True,False,False,False,False
BTCUSDT,absorb_15m,30m,0.1,125840,0.45480383021051485,-0.2712785933275244,1.1798253703675945,0.49644787031150667,0.12353766324190003,True,False,False,False,False
BTCUSDT,absorb_15m,30m,0.05,63055,0.4995821058981693,-0.2679059565415633,1.264372793961471,0.4935215288240425,0.0939572750662352,True,False,False,False,False
BTCUSDT,absorb_15m,30m,0.02,25480,0.481569863225036,-1.0676130163113302,2.029294230714138,0.48563579277864993,0.18642528396877608,True,False,False,False,False
BTCUSDT,absorb_15m,30m,0.01,12852,0.30858010229332955,-1.9402601962759185,2.5309798280452416,0.4793028322440087,0.29602800495226916,True,False,False,False,False
BTCUSDT,absorb_15m,1h,0.1,125839,0.5314844296092468,-0.253642899071977,1.3154521349768196,0.4966266419790367,0.2864358813293717,True,False,False,False,False
BTCUSDT,absorb_15m,1h,0.05,63054,0.47137035593469956,-0.3730204819859604,1.312766805296732,0.4920544295365877,0.25916511896351596,True,False,False,False,False
BTCUSDT,absorb_15m,1h,0.02,25480,0.5210134967003204,-1.601987121169095,2.642015369283808,0.483320251177394,0.34044130230542097,True,False,False,False,False
BTCUSDT,absorb_15m,1h,0.01,12852,0.5667659242077142,-2.6460433432194654,3.7418008252480655,0.47533457827575476,1.2698031235376526,False,False,False,False,False
BTCUSDT,absorb_15m,2h,0.1,125836,0.944999504420211,-0.2932214886056233,2.1814505708324416,0.49888744079595665,0.734236902522217,True,False,False,False,False
BTCUSDT,absorb_15m,2h,0.05,63053,0.5442512546194221,-0.6836318735185481,1.7678187907358833,0.4929345154076729,0.8992445560137338,False,False,False,False,False
BTCUSDT,absorb_15m,2h,0.02,25479,0.6185886632921508,-2.1018456378257198,3.3366750022827323,0.4881667255386789,-0.18229143578126822,True,False,False,False,False
BTCUSDT,absorb_15m,2h,0.01,12852,0.7602063234552057,-3.7696621259396914,5.236815180932712,0.48373793962029255,0.1740661468795003,True,False,False,False,False
BTCUSDT,absorb_15m,4h,0.1,125826,0.8921565455166884,-1.2595631215311403,3.041005202286826,0.4977349673358447,0.7615470585206294,True,False,False,False,False
BTCUSDT,absorb_15m,4h,0.05,63051,0.8286461547697028,-1.0372604307765116,2.688112467427237,0.49632836909803174,1.1165676330573526,False,False,False,False,False
BTCUSDT,absorb_15m,4h,0.02,25479,0.22135511782129344,-2.81218648138327,3.2522785171363906,0.49134581419992934,0.3198802674674043,False,False,False,False,False
BTCUSDT,absorb_15m,4h,0.01,12852,1.631928881908135,-3.4300698446554616,6.634411534335154,0.49315281668222843,0.30493433908344714,True,False,False,False,False
BTCUSDT,absorbq_15m,15m,0.1,42435,0.7717579156180615,0.4172156780489866,1.1252489902633822,0.5062566277836691,0.31344951957723455,True,False,False,False,False
BTCUSDT,absorbq_15m,15m,0.05,21347,0.8754232004467233,0.30663093348094494,1.4446952809285476,0.5025998969410221,0.27548199055762584,True,False,False,False,False
BTCUSDT,absorbq_15m,15m,0.02,8682,1.0847430981885577,0.18867503503622596,1.9672902440642424,0.4880211932734393,0.3438950599266008,True,False,False,False,False
BTCUSDT,absorbq_15m,15m,0.01,4463,2.194076502999457,1.172499076770458,3.197055050686987,0.48644409589961907,0.5548917207951438,True,False,False,False,False
BTCUSDT,absorbq_15m,30m,0.1,42433,0.6273537509392363,0.004436880328241784,1.2483651390997763,0.5029811703155563,0.19842374005775512,True,False,False,False,False
BTCUSDT,absorbq_15m,30m,0.05,21345,0.6172113611809878,-0.2587054460900302,1.4937028631423137,0.4992269852424455,0.3829179095037525,True,False,False,False,False
BTCUSDT,absorbq_15m,30m,0.02,8681,0.4508455127524352,-0.9096809077181354,1.7905316794114998,0.486464693007718,0.5122795360305104,False,False,False,False,False
BTCUSDT,absorbq_15m,30m,0.01,4463,1.6195209542541142,-0.16461489724465944,3.3711747587229377,0.48106654716558367,0.4849920934618734,True,False,False,False,False
BTCUSDT,absorbq_15m,1h,0.1,42432,0.6844369090816077,-0.1306894621235208,1.497031474531193,0.5027809200603318,0.31404357058555243,True,False,False,False,False
BTCUSDT,absorbq_15m,1h,0.05,21344,0.5445806118622564,-0.590330970897323,1.6801304427703558,0.4983133433283358,0.21922543853729132,True,False,False,False,False
BTCUSDT,absorbq_15m,1h,0.02,8681,-0.21170117484343287,-2.933816443018068,2.4687173116742067,0.47759474714894595,0.37603149891416504,False,False,False,False,False
BTCUSDT,absorbq_15m,1h,0.01,4463,0.42671644052055097,-2.9171409690636048,3.709695451439987,0.4786018373291508,1.6849436769179855,False,False,False,False,False
BTCUSDT,absorbq_15m,2h,0.1,42430,0.5031383993568611,-0.9187869524386101,1.9207806418891462,0.4976196087673816,1.1725060291850153,False,False,False,False,False
BTCUSDT,absorbq_15m,2h,0.05,21343,0.05727764012132428,-1.9184627781514136,2.0343144759913545,0.4916834559340299,0.8665262445431631,False,False,False,False,False
BTCUSDT,absorbq_15m,2h,0.02,8681,-1.3269810623179203,-6.083809491568567,3.3569832826255053,0.4784011058633798,0.3265826253090436,False,False,False,False,False
BTCUSDT,absorbq_15m,2h,0.01,4463,-0.8800256206860636,-6.741534609395782,4.874768506328674,0.4712077078198521,1.2832667291590418,False,False,False,False,False
BTCUSDT,absorbq_15m,4h,0.1,42428,0.17995126645797488,-2.1032858058987878,2.456525091062978,0.4979966060148958,1.255090851818435,False,False,False,False,False
BTCUSDT,absorbq_15m,4h,0.05,21343,-0.4618778978042558,-3.357344621727703,2.435488738667696,0.4931827765543738,0.37980896420027144,False,False,False,False,False
BTCUSDT,absorbq_15m,4h,0.02,8681,-2.1039972981892454,-9.153246272940557,4.837272782801585,0.4805897938025573,1.0656143545058057,False,False,False,False,False
BTCUSDT,absorbq_15m,4h,0.01,4463,-2.9793098672745995,-11.880136710725184,5.759468174852066,0.4734483531257002,1.8375224765181852,False,False,False,False,False
BTCUSDT,flow_30m,15m,0.1,125593,0.898377347639116,0.6352736073636303,1.1610247975184265,0.5417021649295741,0.09434712085807745,True,False,False,False,False
BTCUSDT,flow_30m,15m,0.05,62944,0.9672103539897929,0.6472875877757595,1.28692987849986,0.5472960091509913,0.10342526716806186,True,False,False,False,False
BTCUSDT,flow_30m,15m,0.02,25265,1.1696770991860892,0.6618393844122514,1.6790850724928834,0.5519097565802493,0.07878843089849424,True,False,False,False,False
BTCUSDT,flow_30m,15m,0.01,12754,1.3897339466261276,0.860448950231545,1.9211813267269113,0.5614709110867179,0.3163726062863533,True,False,False,False,False
BTCUSDT,flow_30m,30m,0.1,125591,1.1637951925884253,0.6691998999080414,1.6575169895807937,0.5364078636208008,0.29744224460586005,True,False,False,False,False
BTCUSDT,flow_30m,30m,0.05,62942,1.3124275231705143,0.6297818399695051,1.9945961653629969,0.5392424772012329,0.3323723867634614,True,False,False,False,False
BTCUSDT,flow_30m,30m,0.02,25264,1.4593081202780926,0.45124804567088955,2.4704052426007537,0.5410465484483851,0.3300581775527427,True,False,False,False,False
BTCUSDT,flow_30m,30m,0.01,12754,1.7724756913699873,0.38510476332738625,3.1655146967427443,0.54908264074016,0.8372178753220054,True,False,False,False,False
BTCUSDT,flow_30m,1h,0.1,125589,1.1276755219988202,0.17395532527834645,2.079741666921453,0.5285415123936014,0.24295827487863525,True,False,False,False,False
BTCUSDT,flow_30m,1h,0.05,62942,1.375133934595039,0.05571064543217244,2.6936351949045423,0.5328238695942296,0.5907644196167968,True,False,False,False,False
BTCUSDT,flow_30m,1h,0.02,25264,1.8204536924082262,0.2747525139702407,3.3708117046510675,0.5338822039265357,0.28631660111341084,True,False,False,False,False
BTCUSDT,flow_30m,1h,0.01,12754,2.1312956569869805,0.22704016048929002,4.043330952810399,0.5403010820134859,0.8681942348897687,True,False,False,False,False
BTCUSDT,flow_30m,2h,0.1,125583,1.3271879506558508,0.24911221798743263,2.40349671165734,0.5248799598671795,0.5372623325781617,True,False,False,False,False
BTCUSDT,flow_30m,2h,0.05,62938,1.6828490093272952,0.17011553558168155,3.1947174598018164,0.5277415869585942,0.9956860106359796,True,False,False,False,False
BTCUSDT,flow_30m,2h,0.02,25261,2.0263016894262345,-0.16041583885070448,4.220129084369259,0.5319662721190769,0.5909617372865645,True,False,False,False,False
BTCUSDT,flow_30m,2h,0.01,12751,2.253356732962728,-0.7250239384075895,5.245315935927095,0.5372127676260685,1.3078944594966904,True,False,False,False,False
BTCUSDT,flow_30m,4h,0.1,125573,0.9478722214330907,-0.7275364926355479,2.6206412788925753,0.5156124326089208,0.824114671880369,True,False,False,False,False
BTCUSDT,flow_30m,4h,0.05,62936,1.512195542587773,-0.6031019793294262,3.6264178084257157,0.5199091140205924,0.7083649503098567,True,False,False,False,False
BTCUSDT,flow_30m,4h,0.02,25260,1.3507006444608254,-1.4165074672248161,4.127126199297454,0.5218131433095804,0.8835135354510711,True,False,False,False,False
BTCUSDT,flow_30m,4h,0.01,12750,2.0151581270967793,-2.2794515518927483,6.330025398911728,0.5305882352941177,2.1871726263079583,False,False,False,False,False
BTCUSDT,absorb_30m,15m,0.1,125895,0.3916075405743341,-0.05004444037652531,0.8327336201427801,0.4960959529766869,0.10488952154401375,True,False,False,False,False
BTCUSDT,absorb_30m,15m,0.05,63341,0.3553479340177969,-0.20730734326638037,0.9174527374777046,0.4914668224372839,0.10605616183327765,True,False,False,False,False
BTCUSDT,absorb_30m,15m,0.02,25523,0.5214172972191148,0.006188734335554258,1.0349931945512572,0.4868549935352427,0.2063020597797652,True,False,False,False,False
BTCUSDT,absorb_30m,15m,0.01,12962,0.6974023635619121,-0.003215249343727926,1.3904933906935506,0.4775497608393766,0.20118318153591666,True,False,False,False,False
BTCUSDT,absorb_30m,30m,0.1,125893,0.44183981618534907,-0.3433869438026587,1.2261066260182547,0.49344284432017665,0.24532020245711214,True,False,False,False,False
BTCUSDT,absorb_30m,30m,0.05,63339,0.3125066508160327,-0.7948669424653517,1.4187269483649712,0.48815106016830073,0.311285237930429,True,False,False,False,False
BTCUSDT,absorb_30m,30m,0.02,25523,0.8245509598748584,-0.8429661252349834,2.486719257589183,0.4848176154840732,0.13850980963659407,True,False,False,False,False
BTCUSDT,absorb_30m,30m,0.01,12962,1.7705572474514044,-0.31631124325832793,3.8350069544978966,0.4857275111865453,0.07830092974025236,True,False,False,False,False
BTCUSDT,absorb_30m,1h,0.1,125893,0.6644066057336876,-0.2867845525869955,1.6144349202155093,0.49465021883663113,0.4780234098960666,True,False,False,False,False
BTCUSDT,absorb_30m,1h,0.05,63339,0.4300239044129273,-0.973005358042999,1.8315919547985056,0.4894772572980312,0.5174274650344903,False,False,False,False,False
BTCUSDT,absorb_30m,1h,0.02,25523,1.4649214355873914,-0.6198584002746416,3.54301405714256,0.48744269874231083,0.43302303287235805,True,False,False,False,False
BTCUSDT,absorb_30m,1h,0.01,12962,2.2417388803719653,-0.5691895074493122,5.022470063290313,0.48889060330195955,0.5176346976436967,True,False,False,False,False
BTCUSDT,absorb_30m,2h,0.1,125889,0.8511155958295712,-0.20774837627370946,1.9087522601739473,0.4959051227668819,1.096590310803244,False,False,False,False,False
BTCUSDT,absorb_30m,2h,0.05,63339,0.7559460677443242,-0.9531632864034716,2.463275436766611,0.49339269644294986,1.0944847048142252,False,False,False,False,False
BTCUSDT,absorb_30m,2h,0.02,25523,1.7802690465288165,-0.8552065262098054,4.407290973634337,0.4946127022685421,0.19029908651518543,True,False,False,False,False
BTCUSDT,absorb_30m,2h,0.01,12962,2.854668076551939,-0.8231289257164386,6.492955289047634,0.5015429717636167,0.30700863559803443,True,False,False,False,False
BTCUSDT,absorb_30m,4h,0.1,125881,0.623948630139374,-1.3027171304025802,2.5486257086360826,0.49595252659257555,1.1681760511430086,False,False,False,False,False
BTCUSDT,absorb_30m,4h,0.05,63336,0.9021462168694407,-1.2629131006890406,3.0651554829957104,0.493431855500821,1.3929634944280567,False,False,False,False,False
BTCUSDT,absorb_30m,4h,0.02,25523,1.345806154859086,-1.188531300080267,3.8720143784064422,0.49277122595306194,1.248889590416674,True,False,False,False,False
BTCUSDT,absorb_30m,4h,0.01,12962,2.7952021441535297,-0.45635654360596767,6.011830029558334,0.5012343774108934,1.4297620379935116,True,False,False,False,False
BTCUSDT,absorbq_30m,15m,0.1,42367,0.38444403910756697,0.026315076746435385,0.7420830618560713,0.5062194632615007,0.07762640706342136,True,False,False,False,False
BTCUSDT,absorbq_30m,15m,0.05,21284,0.19444919987756087,-0.2658283785015448,0.6529138120846772,0.49957714715279083,0.2485778226054342,False,False,False,False,False
BTCUSDT,absorbq_30m,15m,0.02,8701,0.158675603862463,0.031006678765749984,0.2835293696651585,0.4917825537294564,0.3865886816065616,False,False,False,False,False
BTCUSDT,absorbq_30m,15m,0.01,4503,0.012935415306014778,0.16237068061247098,-0.13432552735709422,0.4819009549189429,0.5657310199216324,False,False,False,False,False
BTCUSDT,absorbq_30m,30m,0.1,42365,0.2936977851552545,-0.7204466789295243,1.3063591622324555,0.4975333412014635,0.2263159366926231,True,False,False,False,False
BTCUSDT,absorbq_30m,30m,0.05,21283,0.26679152210993046,-1.3828298367811342,1.90976055816199,0.49405628905699384,0.11995917352181444,True,False,False,False,False
BTCUSDT,absorbq_30m,30m,0.02,8701,0.5973459871590103,-0.9570342302606686,2.1174513964200834,0.4892541087231353,0.16988014091125467,True,False,False,False,False
BTCUSDT,absorbq_30m,30m,0.01,4503,0.7054105894151214,-0.521159050951892,1.9141333170254713,0.49033977348434377,-0.14455968109527328,True,False,False,False,False
BTCUSDT,absorbq_30m,1h,0.1,42365,0.5357722749624926,-1.005676947572626,2.0749672788968665,0.49880797828396084,0.41733201961890437,True,False,False,False,False
BTCUSDT,absorbq_30m,1h,0.05,21283,0.6159666057084785,-1.6288381897199997,2.8517189200149997,0.4927876709110558,0.19180303241144986,True,False,False,False,False
BTCUSDT,absorbq_30m,1h,0.02,8701,0.8491026676527769,-1.139682951880053,2.794034637470973,0.4879898862199747,0.26241048303745823,True,False,False,False,False
BTCUSDT,absorbq_30m,1h,0.01,4503,0.951226176135097,-1.6989499644903394,3.562841552809634,0.48634243837441704,0.030093080466061156,True,False,False,False,False
BTCUSDT,absorbq_30m,2h,0.1,42365,0.30937195891707475,-1.6752749224289751,2.2911164884694775,0.4975333412014635,0.7174169327410238,False,False,False,False,False
BTCUSDT,absorbq_30m,2h,0.05,21283,0.12022751477752426,-2.6661635250372924,2.8953820531657217,0.49429121834327866,-0.4691622405300956,True,False,False,False,False
BTCUSDT,absorbq_30m,2h,0.02,8701,0.11099680943721557,-3.1420983593135934,3.292359713725914,0.49419606941730837,0.44603628005960705,False,False,False,False,False
BTCUSDT,absorbq_30m,2h,0.01,4503,-0.24153903339581717,-4.491762080869846,3.9468421443398314,0.495447479458139,-0.5296138119155087,True,False,False,False,False
BTCUSDT,absorbq_30m,4h,0.1,42361,-0.3372980145838986,-4.123506468166365,3.44408701594267,0.49326031019097755,0.8451506771053243,False,False,False,False,False
BTCUSDT,absorbq_30m,4h,0.05,21281,-1.3329612066627103,-5.46542526952654,2.7836102545148416,0.4876650533339599,0.4645198286882706,False,False,False,False,False
BTCUSDT,absorbq_30m,4h,0.02,8701,-2.535218682750317,-7.9672491282646565,2.7770329600327437,0.4868405930352833,2.3314396718392785,False,False,False,False,False
BTCUSDT,absorbq_30m,4h,0.01,4503,-3.825405060937925,-11.460125592503793,3.6982282671263254,0.49122807017543857,2.542851662148275,False,False,False,False,False
BTCUSDT,flow_1h,15m,0.1,125664,0.6581485967104174,0.30957227168552554,1.0067915011116868,0.5397727272727273,0.136200545094529,True,False,False,False,False
BTCUSDT,flow_1h,15m,0.05,63011,0.7119709947446136,0.40674192269253656,1.0178110292272453,0.5475869292663186,0.2088893978365137,True,False,False,False,False
BTCUSDT,flow_1h,15m,0.02,25385,0.715897157986937,0.6730872884286345,0.7584078928674748,0.5550915895213709,0.16920487489297584,True,False,False,False,False
BTCUSDT,flow_1h,15m,0.01,12945,0.4514382367551497,0.8902060460997807,0.013686093635853807,0.5507918115102356,0.5129575467067977,False,False,False,False,False
BTCUSDT,flow_1h,30m,0.1,125664,0.8127778117281835,0.12191713573297973,1.5037704446856635,0.5355551311433664,0.22849850985210796,True,False,False,False,False
BTCUSDT,flow_1h,30m,0.05,63011,0.7691895937614729,-0.012816490126051551,1.5527609818138604,0.54061989176493,0.3861897610555336,True,False,False,False,False
BTCUSDT,flow_1h,30m,0.02,25385,0.8894083307381895,0.4793817221770836,1.2965698715312226,0.5493401615127044,0.48951796584318424,True,False,False,False,False
BTCUSDT,flow_1h,30m,0.01,12945,0.430449403276978,0.3419878469932311,0.5187061874396978,0.5493240633449208,0.7802798654425045,False,False,False,False,False
BTCUSDT,flow_1h,1h,0.1,125660,0.5550872177391248,-0.6862498904237146,1.7967404793789414,0.5299379277415247,0.3982720793503898,True,False,False,False,False
BTCUSDT,flow_1h,1h,0.05,63007,0.545132304715264,-1.0848985778151485,2.178633542159231,0.5317663116796546,0.6433843826434749,False,False,False,False,False
BTCUSDT,flow_1h,1h,0.02,25384,0.4933813881766015,-0.9081718047335405,1.8852504823920122,0.5386069965332493,1.288138284752062,False,False,False,False,False
BTCUSDT,flow_1h,1h,0.01,12945,-0.24330415545506356,-2.060213163238481,1.5693990444399657,0.5371958285052144,1.2330466632932064,False,False,False,False,False
BTCUSDT,flow_1h,2h,0.1,125655,0.5938464718312384,-0.6677758919222042,1.855890601502168,0.5286856870001194,0.6542761825798451,False,False,False,False,False
BTCUSDT,flow_1h,2h,0.05,63003,0.480231337186715,-1.114463208321793,2.0785241574276676,0.5308636096693808,1.343970950077194,False,False,False,False,False
BTCUSDT,flow_1h,2h,0.02,25380,0.39125766036759724,-1.331664894863979,2.1028131487880324,0.5351851851851852,2.5867266740348422,False,False,False,False,False
BTCUSDT,flow_1h,2h,0.01,12942,-0.209683298775725,-3.891343925013563,3.4651562795209605,0.5368567454798331,2.1893303107713153,False,False,False,False,False
BTCUSDT,flow_1h,4h,0.1,125652,0.3996623537088389,-2.165314682623857,2.9656194175652075,0.5185671537261644,0.9719222760762991,False,False,False,False,False
BTCUSDT,flow_1h,4h,0.05,63001,0.23675353757394577,-2.809939363985777,3.290515107510667,0.5230393168362407,1.513985174389564,False,False,False,False,False
BTCUSDT,flow_1h,4h,0.02,25379,1.0089142521607364,-2.024025244441799,4.022080441229063,0.5300445250009851,1.6719148899488105,False,False,False,False,False
BTCUSDT,flow_1h,4h,0.01,12941,0.4033941280010047,-4.990217588620895,5.787844367031361,0.537670968240476,1.5666559563527762,False,False,False,False,False
BTCUSDT,absorb_1h,15m,0.1,126353,0.18511657695154152,-0.20808062449921885,0.5777105339809381,0.49399697672394005,0.18541249622042819,False,False,False,False,False
BTCUSDT,absorb_1h,15m,0.05,63344,0.09766051161249083,-0.5062992174615486,0.7028036894777372,0.49126989138671384,0.16168276901180276,False,False,False,False,False
BTCUSDT,absorb_1h,15m,0.02,25777,0.30259914305547736,-0.7044159233586631,1.3087551148728624,0.48516119020832527,0.34474541538125864,False,False,False,False,False
BTCUSDT,absorb_1h,15m,0.01,13078,-0.02803879462469303,-1.1747167733270851,1.111297648238446,0.47958403425600243,0.32492521587521417,False,False,False,False,False
BTCUSDT,absorb_1h,30m,0.1,126353,0.2839815075114191,-0.4061278021156474,0.9730320491980539,0.495801445157614,0.43838071041071147,False,False,False,False,False
BTCUSDT,absorb_1h,30m,0.05,63344,0.2642778594584357,-0.96775279788355,1.4987226598665444,0.4918066430916898,0.22297728723527488,True,False,False,False,False
BTCUSDT,absorb_1h,30m,0.02,25777,0.559338146595702,-1.4666621361900078,2.583610028333587,0.48795437793381696,0.3070871676537308,True,False,False,False,False
BTCUSDT,absorb_1h,30m,0.01,13078,0.2406140914960093,-2.56888046381699,3.032121029229262,0.48073099862364277,0.19253050757711704,True,False,False,False,False
BTCUSDT,absorb_1h,1h,0.1,126353,0.47234820440185554,-0.501992112520461,1.4451936852507605,0.49633961995362197,0.6946950640510062,False,False,False,False,False
BTCUSDT,absorb_1h,1h,0.05,63344,0.6223896713988882,-1.1745756696950176,2.4228761354392185,0.49354319272543573,0.49477518729744435,True,False,False,False,False
BTCUSDT,absorb_1h,1h,0.02,25777,0.9472626137216238,-2.0367572505915033,3.9287367809269917,0.49004926872793575,0.38011625945466887,True,False,False,False,False
BTCUSDT,absorb_1h,1h,0.01,13078,0.7822723475072806,-3.229438413343078,4.768298374827805,0.4856247132589081,0.3564592612407635,True,False,False,False,False
BTCUSDT,absorb_1h,2h,0.1,126350,0.707661147300717,-0.1985534986320559,1.6125284113613938,0.5014562722595963,1.4476422476514708,False,False,False,False,False
BTCUSDT,absorb_1h,2h,0.05,63344,1.1353934664236032,-0.2979970136540184,2.5715926507066795,0.50268375852488,1.2332633401174358,False,False,False,False,False
BTCUSDT,absorb_1h,2h,0.02,25777,1.3221339241046774,-1.237668065017094,3.8797521206190075,0.5013771967257633,0.7298141088166903,True,False,False,False,False
BTCUSDT,absorb_1h,2h,0.01,13078,1.1503341162988823,-1.9896179035318107,4.270182784783097,0.5046643217617373,0.6987276226876307,True,False,False,False,False
BTCUSDT,absorb_1h,4h,0.1,126347,0.5600340612266685,-1.3553741336772493,2.472685139666607,0.49954490411327535,1.9896193043898034,False,False,False,False,False
BTCUSDT,absorb_1h,4h,0.05,63342,0.9075293469177825,-0.9558261100459553,2.774654036450364,0.5005999179059708,1.9744454901154136,False,False,False,False,False
BTCUSDT,absorb_1h,4h,0.02,25776,1.4965618769528874,-0.24837486155585037,3.240145216920937,0.501435443823712,1.477357303338202,True,False,False,False,False
BTCUSDT,absorb_1h,4h,0.01,13078,2.524792269834164,2.0072263355488946,3.0390445197840705,0.507646429117602,1.3823013249849045,True,False,False,False,False
BTCUSDT,absorbq_1h,15m,0.1,42742,0.1896811051566129,-0.5745211152574702,0.9539548466020871,0.5049599925132189,0.1533947952677818,True,False,False,False,False
BTCUSDT,absorbq_1h,15m,0.05,21647,0.2084535600068048,-0.8368123629042009,1.2474609820897695,0.49794428789208667,0.259111848420836,False,False,False,False,False
BTCUSDT,absorbq_1h,15m,0.02,8958,-0.18353003727137615,-1.571067462143464,1.201531300293333,0.48984148247376647,-0.023835126579432164,False,False,False,False,False
BTCUSDT,absorbq_1h,15m,0.01,4721,-0.7982219307366263,-3.746116711510894,2.12356328006874,0.4854903622113959,-0.07339163580877989,False,False,False,False,False
BTCUSDT,absorbq_1h,30m,0.1,42742,0.285254549201447,-1.3588765995848266,1.929539570814,0.50264376959431,0.5077683415216218,False,False,False,False,False
BTCUSDT,absorbq_1h,30m,0.05,21647,0.43967192342399897,-1.5201595118887912,2.3877689221767917,0.49789809211438074,0.3166987539312377,True,False,False,False,False
BTCUSDT,absorbq_1h,30m,0.02,8958,0.31504903922855365,-2.9696479113278476,3.5938843846980824,0.4936369725385131,0.1309920227181479,True,False,False,False,False
BTCUSDT,absorbq_1h,30m,0.01,4721,0.05880388178185468,-5.822122928512537,5.887643191858539,0.4935395043423004,0.37914197764225543,False,False,False,False,False
BTCUSDT,absorbq_1h,1h,0.1,42742,0.6240538323977162,-1.8019087127927877,3.050243421345374,0.5033924477095129,0.6260865465687601,False,False,False,False,False
BTCUSDT,absorbq_1h,1h,0.05,21647,1.0359960238335342,-1.8071322114716957,3.8621011073982676,0.5003926641105003,0.6471797932308161,True,False,False,False,False
BTCUSDT,absorbq_1h,1h,0.02,8958,1.4835920323355243,-2.7498396669095646,5.709469091028761,0.49720919848180395,0.07852818623788864,True,False,False,False,False
BTCUSDT,absorbq_1h,1h,0.01,4721,1.9428954780939298,-4.811102042819862,8.637072691989928,0.4990468121160771,0.48881418909416974,True,False,False,False,False
BTCUSDT,absorbq_1h,2h,0.1,42742,0.11448313109727679,-2.0494352559786897,2.2786040374420384,0.5075569697253287,1.0060401923099898,False,False,False,False,False
BTCUSDT,absorbq_1h,2h,0.05,21647,0.25405449124965496,-2.3313984363494193,2.8240270908923972,0.505612786991269,0.33438875413619107,False,False,False,False,False
BTCUSDT,absorbq_1h,2h,0.02,8958,0.8106523670059832,-3.892328248674708,5.50524042303344,0.5078142442509489,-0.23448874275200068,True,False,False,False,False
BTCUSDT,absorbq_1h,2h,0.01,4721,2.4916170869156904,-5.7107144988111,10.621300438437393,0.5145096377886041,1.1994786190737496,True,False,False,False,False
BTCUSDT,absorbq_1h,4h,0.1,42740,-0.25306392506108816,-4.381263760803867,3.875908692380632,0.5019653720168461,2.209318121863569,False,False,False,False,False
BTCUSDT,absorbq_1h,4h,0.05,21646,0.4383276959142258,-3.5441711348650426,4.397346109819254,0.5033262496535157,2.135031551082243,False,False,False,False,False
BTCUSDT,absorbq_1h,4h,0.02,8958,4.31489171136405,-1.3091560557269635,9.928903256698042,0.5176378655949989,0.5912049872966014,True,False,False,False,False
BTCUSDT,absorbq_1h,4h,0.01,4721,6.551242197438954,-2.9338946687390535,15.952368994367808,0.5202287650921414,3.5300323171146095,True,False,False,False,False
BTCUSDT,flow_2h,15m,0.1,125807,0.4344976426426453,0.11233226903782459,0.756545241414868,0.5363056109755419,0.06721912646915655,True,False,False,False,False
BTCUSDT,flow_2h,15m,0.05,63360,0.3125788140506288,0.13455505626081102,0.49000790640302405,0.5388888888888889,0.05676921606931565,True,False,False,False,False
BTCUSDT,flow_2h,15m,0.02,25610,0.5660116745897892,0.52872438053558,0.6031246610753773,0.5431081608746583,0.2736114484067111,True,False,False,False,False
BTCUSDT,flow_2h,15m,0.01,13116,0.5833269186405629,1.2046262512410184,-0.04578989827372345,0.5464318389752973,0.32753377741613154,True,False,False,False,False
BTCUSDT,flow_2h,30m,0.1,125807,0.5898961968612195,-0.044182672784992695,1.22374326464775,0.536345354392045,0.2192890272558898,True,False,False,False,False
BTCUSDT,flow_2h,30m,0.05,63360,0.28907778805974105,-0.31432847196088626,0.8904684471739874,0.5381944444444444,0.32574260573284075,False,False,False,False,False
BTCUSDT,flow_2h,30m,0.02,25610,0.49884411615127916,0.015650729426343043,0.9797787102619963,0.5437329168293635,0.26929608619679507,True,False,False,False,False
BTCUSDT,flow_2h,30m,0.01,13116,0.47286879012349864,0.4865980249014605,0.45896680757021197,0.548642878926502,0.5130255238413133,False,False,False,False,False
BTCUSDT,flow_2h,1h,0.1,125803,0.6120084810532933,-0.45819276443894447,1.681886510833424,0.5353767398233746,0.3014886237341883,True,False,False,False,False
BTCUSDT,flow_2h,1h,0.05,63358,-0.028815063012940362,-1.2412428345161781,1.1796389135189336,0.5355124846112567,0.47031727285480257,False,False,False,False,False
BTCUSDT,flow_2h,1h,0.02,25610,0.06709182674467751,-1.0949947902027777,1.2237460169670167,0.5399453338539633,0.9474463747158834,False,False,False,False,False
BTCUSDT,flow_2h,1h,0.01,13116,-0.21900319145772437,-0.8302234880611566,0.39990777022495855,0.5420860018298261,0.8113618952548827,False,False,False,False,False
BTCUSDT,flow_2h,2h,0.1,125796,0.7581025311053595,-0.7877425715167874,2.3036527376758804,0.5327752869725587,0.5307755786938166,True,False,False,False,False
BTCUSDT,flow_2h,2h,0.05,63352,0.012334241632524081,-1.6751705924324687,1.694626294807418,0.5301332238919055,0.9360471456131366,False,False,False,False,False
BTCUSDT,flow_2h,2h,0.02,25609,-0.545946220481651,-1.898456672057877,0.8003465190295123,0.5327814440235854,1.7395616081594376,False,False,False,False,False
BTCUSDT,flow_2h,2h,0.01,13116,-1.0549727137086486,-2.3406658169642527,0.24689759293301797,0.5355291247331504,2.494649414812873,False,False,False,False,False
BTCUSDT,flow_2h,4h,0.1,125795,1.3211021832136385,-1.890869530226115,4.532512211378478,0.5276918796454549,1.4878270877721527,False,False,False,False,False
BTCUSDT,flow_2h,4h,0.05,63352,-0.12836202215969358,-3.529080653494727,3.26185163121251,0.5273077408763733,1.7928424680230677,False,False,False,False,False
BTCUSDT,flow_2h,4h,0.02,25609,-0.5036779358361229,-2.6845580437130487,1.6671763089922804,0.5339919559529853,1.3450575113916747,False,False,False,False,False
BTCUSDT,flow_2h,4h,0.01,13116,-2.0378910180306002,-4.6667721668518745,0.6240679663290135,0.5323269289417505,3.441754967619627,False,False,False,False,False
BTCUSDT,absorb_2h,15m,0.1,126294,0.34983939476243875,0.0328981850053761,0.6669010858536927,0.49856683611256275,0.22387052086596632,True,False,False,False,False
BTCUSDT,absorb_2h,15m,0.05,64069,0.3140532299285107,-0.24963445162614334,0.8801567662154741,0.49668326335669355,0.1389979921038953,True,False,False,False,False
BTCUSDT,absorb_2h,15m,0.02,26316,-0.05788465042226999,-1.2611314895212529,1.1349823067503193,0.4925520595835233,0.2315972629978707,False,False,False,False,False
BTCUSDT,absorb_2h,15m,0.01,13679,-0.492077260417249,-2.127279819090854,1.1286060324515388,0.48417281965055925,-0.007187489467963463,False,False,False,False,False
BTCUSDT,absorb_2h,30m,0.1,126294,0.4865964619348908,-0.022663313459662143,0.9960498262200663,0.4998653934470363,0.41776442104788125,True,False,False,False,False
BTCUSDT,absorb_2h,30m,0.05,64069,0.546935861656392,-0.40631953923870867,1.5042767280436609,0.5002575348452449,0.3051051654789557,True,False,False,False,False
BTCUSDT,absorb_2h,30m,0.02,26316,-0.029212495473270726,-2.180677336395404,2.1036926033478314,0.4960860313117495,0.6518429671980644,False,False,False,False,False
BTCUSDT,absorb_2h,30m,0.01,13679,-0.6459775705639821,-3.7300765223895946,2.410737096536542,0.48921704802982674,0.29898498623696823,False,False,False,False,False
BTCUSDT,absorb_2h,1h,0.1,126294,0.8291654344675699,0.20275744438334628,1.4558115459070176,0.5017340491234737,0.45230884091191675,True,False,False,False,False
BTCUSDT,absorb_2h,1h,0.05,64069,1.1075640590333742,0.17673095625140828,2.042386529740045,0.5025051116764738,0.40377376718188257,True,False,False,False,False
BTCUSDT,absorb_2h,1h,0.02,26316,0.626372420049491,-2.2420663006628607,3.4700663799475238,0.49794801641586867,1.2062610268263425,False,False,False,False,False
BTCUSDT,absorb_2h,1h,0.01,13679,-0.40350490362832697,-4.443847683149889,3.6009629254491595,0.4907522479713429,0.8579405591616991,False,False,False,False,False
BTCUSDT,absorb_2h,2h,0.1,126287,1.1972236466157165,0.42487269593775817,1.9699538724088534,0.5046362650154014,1.5495584900973107,False,False,False,False,False
BTCUSDT,absorb_2h,2h,0.05,64067,1.9122414484281594,0.8741119782553309,2.9548853722474027,0.5085301325175208,1.5998707957462248,True,False,False,False,False
BTCUSDT,absorb_2h,2h,0.02,26316,1.8025434682288615,-1.5375988780825651,5.113871873754855,0.5062319501443988,2.374661507841418,False,False,False,False,False
BTCUSDT,absorb_2h,2h,0.01,13679,1.38584648362493,-2.6648122580944045,5.400538677564806,0.5026683237078734,2.3513364426080403,False,False,False,False,False
BTCUSDT,absorb_2h,4h,0.1,126287,0.8069925837798768,-0.20503045571301035,1.8195125931470544,0.5016193274050378,1.5957378062249294,False,False,False,False,False
BTCUSDT,absorb_2h,4h,0.05,64067,0.6745446581303376,0.6330988667263606,0.7161706824527578,0.5013813663820688,1.8950169549750067,False,False,False,False,False
BTCUSDT,absorb_2h,4h,0.02,26316,0.3698510068433402,-0.9726687063697843,1.7007893922239798,0.5010639914880681,2.3002828170113445,False,False,False,False,False
BTCUSDT,absorb_2h,4h,0.01,13679,-0.9360530720625672,-2.12664890119472,0.24397123660713227,0.49696615249652754,2.9169121895544943,False,False,False,False,False
BTCUSDT,absorbq_2h,15m,0.1,44503,0.18399051344435552,-0.4164078484750913,0.7890750434942813,0.5084376334179718,0.22566757723846192,False,False,False,False,False
BTCUSDT,absorbq_2h,15m,0.05,22827,0.00011161065731961287,-0.7233678320088017,0.7226408570499103,0.5026941779471679,0.377352159141968,False,False,False,False,False
BTCUSDT,absorbq_2h,15m,0.02,9659,-0.2741755941319285,-1.6020783512102648,1.0490611135726304,0.49383994202298376,0.15569595028774844,False,False,False,False,False
BTCUSDT,absorbq_2h,15m,0.01,5200,-1.033744990494042,-3.3255053236055248,1.2668467889878123,0.485,-0.09040235384428665,False,False,False,False,False
BTCUSDT,absorbq_2h,30m,0.1,44503,0.43148265319969026,-0.5609690366465164,1.431680525872127,0.5094712715996674,0.4579056473881681,False,False,False,False,False
BTCUSDT,absorbq_2h,30m,0.05,22827,0.5275456934188383,-0.9548781085635867,2.0080225242928016,0.5081263416130022,0.5653453008723638,False,False,False,False,False
BTCUSDT,absorbq_2h,30m,0.02,9659,-0.28499660759725,-2.5702526810976636,1.9922294218251335,0.49466818511233046,0.37824146702349193,False,False,False,False,False
BTCUSDT,absorbq_2h,30m,0.01,5200,-1.1822441626134088,-5.439285080891727,3.0912015376235926,0.4882692307692308,0.0909773734374551,False,False,False,False,False
BTCUSDT,absorbq_2h,1h,0.1,44503,0.7543835316186746,-0.29339265378736534,1.8103377129676537,0.5135384131406872,0.17837655652386142,True,False,False,False,False
BTCUSDT,absorbq_2h,1h,0.05,22827,1.1889646877017208,-0.6971923636810055,3.072644516794741,0.5140403907653218,0.8011411609241837,True,False,False,False,False
BTCUSDT,absorbq_2h,1h,0.02,9659,-0.43108910170912107,-3.5243981655223124,2.6513505420782697,0.4993270524899058,0.31907763751382534,False,False,False,False,False
BTCUSDT,absorbq_2h,1h,0.01,5200,-2.5199665768462447,-8.318144834330766,3.3005553348097005,0.4907692307692308,0.785889137191315,False,False,False,False,False
BTCUSDT,absorbq_2h,2h,0.1,44500,0.6551045262990032,-1.0753002954605606,2.3992513951946415,0.5150337078651686,0.5788649818865669,True,False,False,False,False
BTCUSDT,absorbq_2h,2h,0.05,22826,0.8918749504176957,-2.3941595115296463,4.173880998839008,0.5134933847367038,1.9423607685046955,False,False,False,False,False
BTCUSDT,absorbq_2h,2h,0.02,9659,0.08658225972931681,-5.20675786871613,5.361322391857361,0.5025364944611244,1.1416633634400313,False,False,False,False,False
BTCUSDT,absorbq_2h,2h,0.01,5200,-2.326193960357744,-10.80468905102339,6.184973558402952,0.5011538461538462,1.8033260513706713,False,False,False,False,False
BTCUSDT,absorbq_2h,4h,0.1,44500,0.677982828104938,-2.384188316517816,3.764472270780828,0.5104044943820225,1.590728920825925,False,False,False,False,False
BTCUSDT,absorbq_2h,4h,0.05,22826,0.6771174625514291,-3.308999387935009,4.6583476549024185,0.5103828966967493,2.8644105574443217,False,False,False,False,False
BTCUSDT,absorbq_2h,4h,0.02,9659,-0.5874381101738776,-5.774443759299976,4.58134118590651,0.501501190599441,2.694723655334057,False,False,False,False,False
BTCUSDT,absorbq_2h,4h,0.01,5200,-2.2881831566456436,-12.981533537808202,8.446374740436614,0.4948076923076923,3.8468601926165595,False,False,False,False,False
BTCUSDT,flow_4h,15m,0.1,126011,0.19935759888971602,-0.06435185400339158,0.46345659067510375,0.5277158343319234,0.2835414755962805,False,False,False,False,False
BTCUSDT,flow_4h,15m,0.05,63783,0.25830425337078466,-0.0037923331396084014,0.5211003346801789,0.5357853973629337,0.38086616327207157,False,False,False,False,False
BTCUSDT,flow_4h,15m,0.02,26066,-0.013384897307729059,-0.13234208900719804,0.10621293167585757,0.5371748638072585,0.5798807121222622,False,False,False,False,False
BTCUSDT,flow_4h,15m,0.01,13519,-0.24088979599668991,-0.14721602021535182,-0.33350254195526213,0.5453805754863525,0.7166697248924364,False,False,False,False,False
BTCUSDT,flow_4h,30m,0.1,126011,0.1630467786567267,-0.1925065902037048,0.5191253538149713,0.5291839601304648,0.5091961063305956,False,False,False,False,False
BTCUSDT,flow_4h,30m,0.05,63783,0.06666399130265,-0.3338448068200461,0.4682416847702685,0.5350642020601101,0.6798110458850702,False,False,False,False,False
BTCUSDT,flow_4h,30m,0.02,26066,-0.6324207130599759,-0.9215554137307191,-0.3417288936750496,0.5362541241463976,0.9725910502500603,False,False,False,False,False
BTCUSDT,flow_4h,30m,0.01,13519,-1.392870473834096,-1.9101096031247091,-0.8814900401826972,0.5387972483171832,0.928760337482928,False,False,False,False,False
BTCUSDT,flow_4h,1h,0.1,126006,-0.04022019059177516,-0.3846352682230668,0.30473103530027623,0.5288795771629923,0.7956270881634817,False,False,False,False,False
BTCUSDT,flow_4h,1h,0.05,63780,-0.5109253265201421,-1.1089831191625146,0.08878507824785169,0.5320790216368768,0.9424971360796202,False,False,False,False,False
BTCUSDT,flow_4h,1h,0.02,26066,-1.931953395377158,-2.7571338367080247,-1.1023289910602037,0.5262027161819995,1.6656512986853118,False,False,False,False,False
BTCUSDT,flow_4h,1h,0.01,13519,-3.6141377924524307,-5.175647768442811,-2.0703148226625885,0.5197129965234115,1.733068199717044,False,False,False,False,False
BTCUSDT,flow_4h,2h,0.1,126002,0.0390166946959364,-0.5483085938814716,0.6272936461714359,0.528912239488262,0.9094559313876381,False,False,False,False,False
BTCUSDT,flow_4h,2h,0.05,63777,-1.0752349297122064,-2.3871283146675015,0.24040754603324405,0.5264750615425624,1.3297829387457627,False,False,False,False,False
BTCUSDT,flow_4h,2h,0.02,26066,-2.786749962828813,-4.581000536987713,-0.9828365528343134,0.5200644517762603,2.5170025252871704,False,False,False,False,False
BTCUSDT,flow_4h,2h,0.01,13519,-5.604657095602931,-8.398498149819751,-2.8424614902202796,0.5166062578593091,3.0695212494617174,False,False,False,False,False
BTCUSDT,flow_4h,4h,0.1,126002,0.6888164052417121,-0.5617541455284212,1.941413297492045,0.5273170267138617,2.4785801689767912,False,False,False,False,False
BTCUSDT,flow_4h,4h,0.05,63777,-0.7139666637970905,-1.9885728337991475,0.5642820386758445,0.5236997663734575,2.700715696199344,False,False,False,False,False
BTCUSDT,flow_4h,4h,0.02,26066,-1.8146681572416297,-3.5799765311123095,-0.0398528141317632,0.5172638686411417,3.199910277033043,False,False,False,False,False
BTCUSDT,flow_4h,4h,0.01,13519,-6.301964532126754,-8.382658138882373,-4.244838652308498,0.5052148827576004,2.7812710479098572,False,False,False,False,False
BTCUSDT,absorb_4h,15m,0.1,127186,0.2695378843251755,-0.018109203958723185,0.5576467144964078,0.49621813721636027,0.2816302574746215,False,False,False,False,False
BTCUSDT,absorb_4h,15m,0.05,64942,0.20959191019877133,-0.19373610977921318,0.6123985779411568,0.49536509500785314,0.09474211161355771,True,False,False,False,False
BTCUSDT,absorb_4h,15m,0.02,26852,-0.020912033171236657,-0.9823302296102983,0.9376460764124359,0.4925517652316401,0.30943537793355114,False,False,False,False,False
BTCUSDT,absorb_4h,15m,0.01,14236,-0.6253630227447655,-2.0709011371017847,0.8124785176532273,0.48939308794605224,0.1477683761057916,False,False,False,False,False
BTCUSDT,absorb_4h,30m,0.1,127186,0.44366686941726124,0.03050743358052376,0.8574895242659174,0.4980972748572956,0.5082766012141164,False,False,False,False,False
BTCUSDT,absorb_4h,30m,0.05,64942,0.04575705687955979,-0.44227402673332517,0.5331572988849185,0.4966277601552154,0.26580023493791255,False,False,False,False,False
BTCUSDT,absorb_4h,30m,0.02,26852,-0.44948850425639253,-1.9159058457496543,1.0125664474064564,0.49560554148666763,0.9500741505121334,False,False,False,False,False
BTCUSDT,absorb_4h,30m,0.01,14236,-1.5308404107778542,-4.6516290447947855,1.573332002405023,0.49283506602978366,0.3359952955184569,False,False,False,False,False
BTCUSDT,absorb_4h,1h,0.1,127186,0.5516720668966796,0.015922845442791555,1.0882812930811125,0.4960451622033872,0.6978177954475198,False,False,False,False,False
BTCUSDT,absorb_4h,1h,0.05,64942,0.03223624685846613,-0.2892102210124469,0.35326720470689443,0.4943642019032367,0.30882340131304176,False,False,False,False,False
BTCUSDT,absorb_4h,1h,0.02,26852,-0.6328595136342673,-2.2366220164971944,0.9661320164401338,0.48912557723819455,1.427321096796585,False,False,False,False,False
BTCUSDT,absorb_4h,1h,0.01,14236,-2.1586795288424176,-5.93143296109511,1.5939863833842696,0.4796291093003653,0.39098021805955513,False,False,False,False,False
BTCUSDT,absorb_4h,2h,0.1,127185,0.378536796638069,-0.3095196276805284,1.0677085608427999,0.4991704996658411,1.2081521084918079,False,False,False,False,False
BTCUSDT,absorb_4h,2h,0.05,64942,0.10988192422408226,-0.03590115529258055,0.25547656075971137,0.4969049305534169,0.7171626122041077,False,False,False,False,False
BTCUSDT,absorb_4h,2h,0.02,26852,0.0748018802129774,-1.6641752066018465,1.8086057494558399,0.4898704007150305,0.8014375278149641,False,False,False,False,False
BTCUSDT,absorb_4h,2h,0.01,14236,-1.6968916832734484,-5.7962312399320615,2.3806214893087985,0.4780837313852206,1.8341619161424147,False,False,False,False,False
BTCUSDT,absorb_4h,4h,0.1,127185,0.6492228757801227,0.010290584857628548,1.2891908763383644,0.4995321775366592,1.5834106443417661,False,False,False,False,False
BTCUSDT,absorb_4h,4h,0.05,64942,0.9942489585372232,1.4773001955244724,0.5118221260788891,0.4996304394690647,1.9190373132301126,False,False,False,False,False
BTCUSDT,absorb_4h,4h,0.02,26852,1.6695823389305122,1.674228533378768,1.6649499662714813,0.4975420825264412,1.6982206062544212,False,False,False,False,False
BTCUSDT,absorb_4h,4h,0.01,14236,0.3250880588755209,-0.2783554589831237,0.9253186225967638,0.49150042146670414,3.901928114382019,False,False,False,False,False
BTCUSDT,absorbq_4h,15m,0.1,49102,0.026781741555612866,-0.6012956402522553,0.6517457867561123,0.505335831534357,0.29190109101338796,False,False,False,False,False
BTCUSDT,absorbq_4h,15m,0.05,25316,-0.31211806154682104,-1.4584271506293025,0.8244520893968228,0.5015405277294991,0.07601910340203828,False,False,False,False,False
BTCUSDT,absorbq_4h,15m,0.02,10798,-1.715977638970917,-3.089259671282523,-0.3370882932385876,0.49666604926838304,-0.07538094571153202,False,False,False,False,False
BTCUSDT,absorbq_4h,15m,0.01,6054,-2.713814201999365,-4.577202975074161,-0.8577978869782786,0.48562933597621405,0.04210126909746989,False,False,False,False,False
BTCUSDT,absorbq_4h,30m,0.1,49102,-0.340597983305522,-1.146855205092837,0.46166267659905075,0.5047859557655493,0.49051269708579576,False,False,False,False,False
BTCUSDT,absorbq_4h,30m,0.05,25316,-0.9672618407108562,-2.6005074234321386,0.6521078355492957,0.5021330383946911,0.17654012948685952,False,False,False,False,False
BTCUSDT,absorbq_4h,30m,0.02,10798,-2.798117793379849,-5.441027498425511,-0.14441669755634703,0.4973143174661974,-0.06856519653861122,False,False,False,False,False
BTCUSDT,absorbq_4h,30m,0.01,6054,-4.759630656358657,-8.958555092163563,-0.5773191757893766,0.4859596960687149,0.3246081296168053,False,False,False,False,False
BTCUSDT,absorbq_4h,1h,0.1,49102,-0.8169545292451073,-1.9089082963312842,0.26958649773118354,0.501792187690929,0.5464072445061391,False,False,False,False,False
BTCUSDT,absorbq_4h,1h,0.05,25316,-1.5530684661246932,-3.3772385406709673,0.2556036247800623,0.49664243956391213,0.23111031545557872,False,False,False,False,False
BTCUSDT,absorbq_4h,1h,0.02,10798,-3.4829563436709083,-6.837034224439265,-0.11518326739830066,0.4810150027782923,0.26363854920659785,False,False,False,False,False
BTCUSDT,absorbq_4h,1h,0.01,6054,-5.2773565631250685,-10.25788036189996,-0.3165381008438477,0.46993723158242484,1.3431277924031915,False,False,False,False,False
BTCUSDT,absorbq_4h,2h,0.1,49102,-0.49481423321032925,-2.005056138525631,1.0079415063139576,0.5103254449920573,0.8583345996953907,False,False,False,False,False
BTCUSDT,absorbq_4h,2h,0.05,25316,-0.8841415362359925,-3.644869346420221,1.8531313806584389,0.500592510665192,0.6119675032937266,False,False,False,False,False
BTCUSDT,absorbq_4h,2h,0.02,10798,-1.7228918770800679,-6.440569985890651,3.0140492084183075,0.48203370994628636,1.1993377050866685,False,False,False,False,False
BTCUSDT,absorbq_4h,2h,0.01,6054,-2.1764332083114444,-9.09305291123022,4.712821035842075,0.4849686157912124,4.912553039288339,False,False,False,False,False
BTCUSDT,absorbq_4h,4h,0.1,49102,0.1647434067683334,-2.5534629464027274,2.8694757970315914,0.5117103172986843,2.0094790773258384,False,False,False,False,False
BTCUSDT,absorbq_4h,4h,0.05,25316,-0.4431319399305147,-3.9580347560989373,3.041908580442897,0.5031600568810238,1.717383546714516,False,False,False,False,False
BTCUSDT,absorbq_4h,4h,0.02,10798,-2.132815427533808,-6.835709303311786,2.5892810587243313,0.4870346360437118,2.224241785333133,False,False,False,False,False
BTCUSDT,absorbq_4h,4h,0.01,6054,-2.091733174770605,-10.188747797530132,5.973245781825679,0.4798480343574496,4.233523690046615,False,False,False,False,False
