symbol,feature,horizon,ic,null_best,beats_null,spread_bps,monotone,clears_2x,same_sign_years,n
BTCUSDT,own,1h,-0.00736,0.00263,True,-5.47,1.0,False,0.71,52020
BTCUSDT,own,4h,-0.02449,0.00568,True,-15.54,1.0,False,0.86,52017
BTCUSDT,own,8h,-0.03497,0.00656,True,-24.58,1.0,False,0.86,52013
BTCUSDT,own,24h,-0.04618,0.02583,True,-41.99,1.0,True,0.71,51997
BTCUSDT,sys,1h,-0.00346,0.00772,False,-3.72,1.0,False,0.67,41117
BTCUSDT,sys,4h,-0.01731,0.00615,True,-11.81,1.0,False,0.67,41114
BTCUSDT,sys,8h,-0.02864,0.00527,True,-18.86,1.0,False,0.83,41110
BTCUSDT,sys,24h,-0.01219,0.03916,False,-13.76,1.0,False,0.5,41094
BTCUSDT,breadth,1h,-0.00343,0.00879,False,-3.79,0.75,False,0.67,41117
BTCUSDT,breadth,4h,-0.01507,0.00742,True,-12.37,1.0,False,0.83,41114
BTCUSDT,breadth,8h,-0.02584,0.00223,True,-21.29,1.0,False,0.83,41110
BTCUSDT,breadth,24h,-0.0152,0.03864,False,-17.55,1.0,False,0.5,41094
BTCUSDT,disp,1h,-0.00308,0.01136,False,0.61,0.5,False,0.67,41117
BTCUSDT,disp,4h,0.00062,0.01801,False,2.81,0.75,False,0.5,41114
BTCUSDT,disp,8h,0.0016,0.00966,False,0.44,0.5,False,0.5,41110
BTCUSDT,disp,24h,-0.01144,0.00904,True,-7.04,0.5,False,0.83,41094
BTCUSDT,sys_gap,1h,0.00818,0.00603,True,2.06,0.75,False,0.83,33891
BTCUSDT,sys_gap,4h,0.01893,0.01934,False,7.86,0.75,False,0.83,33888
BTCUSDT,sys_gap,8h,0.01992,0.00656,True,13.2,0.75,False,1.0,33884
BTCUSDT,sys_gap,24h,0.01666,0.02406,False,18.89,1.0,False,0.83,33868
BTCUSDT,idio,1h,0.00279,0.00413,False,-2.61,1.0,False,0.5,41117
BTCUSDT,idio,4h,0.00406,0.01001,False,-8.56,1.0,False,0.5,41114
BTCUSDT,idio,8h,0.00279,0.01717,False,-12.05,0.5,False,0.33,41110
BTCUSDT,idio,24h,-0.01401,0.02272,False,-22.76,0.75,False,0.67,41094
BTCUSDT,dsys_12,1h,-0.00566,0.0063,False,-2.29,0.5,False,0.5,41107
BTCUSDT,dsys_12,4h,-0.00515,0.00683,False,-3.34,0.75,False,0.67,41104
BTCUSDT,dsys_12,8h,-0.00874,0.00417,True,-3.44,0.75,False,0.83,41100
BTCUSDT,dsys_12,24h,-0.01091,0.00567,True,-6.92,0.5,False,0.67,41084
BTCUSDT,down_12,1h,-0.01098,0.00222,True,-3.43,0.5,False,0.71,52010
BTCUSDT,down_12,4h,-0.01844,0.00815,True,-8.48,0.5,False,0.86,52007
BTCUSDT,down_12,8h,-0.0204,0.00503,True,-11.64,0.75,False,0.86,52003
BTCUSDT,down_12,24h,-0.01243,0.01118,True,-14.58,0.75,False,0.86,51987
BTCUSDT,dsys_48,1h,-0.00191,0.00309,False,-1.25,0.75,False,0.5,41101
BTCUSDT,dsys_48,4h,-0.00719,0.00792,False,-4.18,0.75,False,0.67,41098
BTCUSDT,dsys_48,8h,-0.01337,0.00806,True,-6.85,0.75,False,0.67,41094
BTCUSDT,dsys_48,24h,-0.01165,0.00858,True,-4.09,0.75,False,0.67,41078
BTCUSDT,down_48,1h,-0.01587,0.00481,True,-3.77,1.0,False,0.86,52004
BTCUSDT,down_48,4h,-0.02594,0.00511,True,-10.02,0.75,False,0.86,52001
BTCUSDT,down_48,8h,-0.0278,0.01032,True,-14.46,0.75,False,0.71,51997
BTCUSDT,down_48,24h,-0.01831,0.01537,True,-15.47,1.0,False,1.0,51981
BTCUSDT,dsys_144,1h,-0.00331,0.0037,False,-1.49,0.5,False,0.67,41085
BTCUSDT,dsys_144,4h,-0.01855,0.01993,False,-8.12,0.75,False,1.0,41082
BTCUSDT,dsys_144,8h,-0.03706,0.00658,True,-18.52,0.75,False,1.0,41078
BTCUSDT,dsys_144,24h,-0.01016,0.02366,False,-14.44,0.75,False,0.67,41062
BTCUSDT,down_144,1h,-0.00808,0.00545,True,-3.84,0.75,False,0.57,51988
BTCUSDT,down_144,4h,-0.02155,0.01078,True,-8.53,1.0,False,0.71,51985
BTCUSDT,down_144,8h,-0.02121,0.01379,True,-15.56,0.75,False,0.86,51981
BTCUSDT,down_144,24h,-0.01371,0.01481,False,-16.07,0.5,False,0.71,51965
ETHUSDT,own,1h,0.00353,0.00807,False,-6.11,1.0,False,0.67,41117
ETHUSDT,own,4h,-0.01075,0.00981,True,-16.86,0.75,False,0.67,41114
ETHUSDT,own,8h,-0.0208,0.0136,True,-21.12,0.75,False,0.67,41110
ETHUSDT,own,24h,-0.01828,0.01642,True,-27.83,0.5,False,0.67,41094
ETHUSDT,sys,1h,-0.0003,0.00662,False,-5.65,1.0,False,0.5,41117
ETHUSDT,sys,4h,-0.01609,0.00551,True,-17.56,1.0,False,0.67,41114
ETHUSDT,sys,8h,-0.02761,0.00811,True,-27.5,1.0,False,0.67,41110
ETHUSDT,sys,24h,-0.0122,0.02869,False,-24.87,1.0,False,0.5,41094
ETHUSDT,breadth,1h,-0.00011,0.00759,False,-5.4,0.75,False,0.5,41117
ETHUSDT,breadth,4h,-0.01365,0.00772,True,-15.72,1.0,False,0.5,41114
ETHUSDT,breadth,8h,-0.02478,0.00536,True,-27.77,1.0,False,0.67,41110
ETHUSDT,breadth,24h,-0.01717,0.02889,False,-31.7,0.75,True,0.5,41094
ETHUSDT,disp,1h,-0.0014,0.0075,False,0.96,0.5,False,0.33,41117
ETHUSDT,disp,4h,-0.00107,0.01478,False,3.32,0.75,False,0.5,41114
ETHUSDT,disp,8h,-0.0041,0.01039,False,0.39,0.5,False,0.67,41110
ETHUSDT,disp,24h,-0.01017,0.01363,False,-7.33,0.75,False,0.5,41094
ETHUSDT,sys_gap,1h,0.00182,0.00683,False,2.51,0.5,False,0.83,33891
ETHUSDT,sys_gap,4h,0.00912,0.01738,False,10.45,1.0,False,0.67,33888
ETHUSDT,sys_gap,8h,0.00878,0.01657,False,16.48,0.75,False,0.67,33884
ETHUSDT,sys_gap,24h,0.01239,0.0211,False,26.44,0.75,False,0.67,33868
ETHUSDT,idio,1h,0.0042,0.00474,False,-4.09,1.0,False,0.83,41117
ETHUSDT,idio,4h,-0.0011,0.00989,False,-10.91,1.0,False,0.5,41114
ETHUSDT,idio,8h,-0.00482,0.01471,False,-15.27,0.75,False,0.5,41110
ETHUSDT,idio,24h,-0.01954,0.02165,False,-37.48,0.5,True,0.67,41094
ETHUSDT,dsys_12,1h,-0.00454,0.00626,False,-1.27,0.5,False,0.5,41107
ETHUSDT,dsys_12,4h,0.00028,0.0054,False,-2.02,0.5,False,0.67,41104
ETHUSDT,dsys_12,8h,-0.00586,0.00823,False,-4.17,0.5,False,0.67,41100
ETHUSDT,dsys_12,24h,-0.0076,0.00766,False,-6.93,0.75,False,0.67,41084
ETHUSDT,down_12,1h,-0.01022,0.01223,False,-3.62,0.75,False,0.67,41107
ETHUSDT,down_12,4h,-0.01334,0.01073,True,-7.67,0.75,False,0.83,41104
ETHUSDT,down_12,8h,-0.0121,0.01069,True,-9.78,0.75,False,0.83,41100
ETHUSDT,down_12,24h,-0.0083,0.01136,False,-9.19,0.5,False,0.67,41084
ETHUSDT,dsys_48,1h,0.00191,0.00569,False,-1.74,0.75,False,0.67,41101
ETHUSDT,dsys_48,4h,-0.0034,0.00835,False,-7.92,0.5,False,0.5,41098
ETHUSDT,dsys_48,8h,-0.01428,0.01149,True,-13.05,0.75,False,0.67,41094
ETHUSDT,dsys_48,24h,-0.00506,0.00904,False,-3.55,0.5,False,0.67,41078
ETHUSDT,down_48,1h,-0.00719,0.00685,True,-4.05,0.75,False,0.67,41101
ETHUSDT,down_48,4h,-0.01367,0.01456,False,-9.35,0.75,False,0.83,41098
ETHUSDT,down_48,8h,-0.01754,0.01433,True,-11.45,0.5,False,0.83,41094
ETHUSDT,down_48,24h,-0.0075,0.01632,False,-7.58,0.75,False,0.67,41078
ETHUSDT,dsys_144,1h,-0.00341,0.00513,False,-2.47,0.5,False,0.5,41085
ETHUSDT,dsys_144,4h,-0.02194,0.01665,True,-12.75,0.75,False,1.0,41082
ETHUSDT,dsys_144,8h,-0.03919,0.00717,True,-24.52,0.75,False,1.0,41078
ETHUSDT,dsys_144,24h,-0.00074,0.01867,False,-14.66,0.75,False,0.5,41062
ETHUSDT,down_144,1h,-0.00135,0.00404,False,-3.99,1.0,False,0.5,41085
ETHUSDT,down_144,4h,-0.01818,0.01663,True,-14.7,0.75,False,0.83,41082
ETHUSDT,down_144,8h,-0.02648,0.01465,True,-20.53,0.75,False,0.83,41078
ETHUSDT,down_144,24h,-0.00551,0.00934,False,-20.1,0.75,False,0.5,41062
SOLUSDT,own,1h,-0.00033,0.00367,False,-2.08,0.5,False,0.5,40995
SOLUSDT,own,4h,-0.01185,0.00826,True,-7.81,0.5,False,0.67,40992
SOLUSDT,own,8h,-0.0248,0.01059,True,-13.49,0.5,False,0.83,40988
SOLUSDT,own,24h,-0.02832,0.00776,True,-34.68,0.75,True,1.0,40972
SOLUSDT,sys,1h,-0.0064,0.00437,True,-6.26,0.75,False,0.83,40997
SOLUSDT,sys,4h,-0.02043,0.0171,True,-18.56,1.0,False,0.83,40994
SOLUSDT,sys,8h,-0.03247,0.016,True,-31.31,1.0,True,0.83,40990
SOLUSDT,sys,24h,-0.01766,0.02463,False,-34.45,0.75,True,0.5,40974
SOLUSDT,breadth,1h,-0.00308,0.00576,False,-5.43,0.75,False,0.33,40997
SOLUSDT,breadth,4h,-0.01731,0.01849,False,-15.46,1.0,False,0.67,40994
SOLUSDT,breadth,8h,-0.0296,0.01516,True,-32.32,1.0,True,0.83,40990
SOLUSDT,breadth,24h,-0.01936,0.02348,False,-38.99,1.0,True,0.5,40974
SOLUSDT,disp,1h,-0.00601,0.00928,False,0.12,0.5,False,0.67,40997
SOLUSDT,disp,4h,-0.00539,0.01205,False,-0.13,0.5,False,0.83,40994
SOLUSDT,disp,8h,0.00023,0.02191,False,-2.76,0.75,False,0.33,40990
SOLUSDT,disp,24h,-0.02017,0.01483,True,-31.59,0.75,True,0.83,40974
SOLUSDT,sys_gap,1h,0.00531,0.0074,False,3.88,0.75,False,0.83,33891
SOLUSDT,sys_gap,4h,0.01449,0.02133,False,13.69,1.0,False,0.83,33888
SOLUSDT,sys_gap,8h,0.01915,0.01892,True,19.47,0.75,False,0.83,33884
SOLUSDT,sys_gap,24h,0.01278,0.03582,False,3.76,0.5,False,0.67,33868
SOLUSDT,idio,1h,0.00492,0.00293,True,0.15,0.5,False,0.67,40995
SOLUSDT,idio,4h,-0.00022,0.01044,False,1.03,0.5,False,0.5,40992
SOLUSDT,idio,8h,-0.00541,0.02257,False,1.81,0.75,False,0.5,40988
SOLUSDT,idio,24h,-0.0221,0.01084,True,-13.41,0.75,False,0.83,40972
SOLUSDT,dsys_12,1h,-0.01434,0.00776,True,-5.31,0.75,False,0.67,40987
SOLUSDT,dsys_12,4h,-0.00558,0.00571,False,-4.38,0.5,False,0.67,40984
SOLUSDT,dsys_12,8h,-0.00651,0.00672,False,1.12,0.75,False,0.5,40980
SOLUSDT,dsys_12,24h,-0.00807,0.00766,True,-6.31,0.75,False,0.83,40964
SOLUSDT,down_12,1h,-0.01103,0.0066,True,-4.38,0.75,False,0.67,40982
SOLUSDT,down_12,4h,-0.00148,0.00924,False,-6.19,0.5,False,0.67,40979
SOLUSDT,down_12,8h,-0.00331,0.00817,False,-6.79,0.5,False,0.5,40975
SOLUSDT,down_12,24h,-0.00104,0.00279,False,-6.21,0.75,False,0.5,40959
SOLUSDT,dsys_48,1h,-0.00401,0.00843,False,-1.99,0.75,False,0.67,40981
SOLUSDT,dsys_48,4h,-0.00135,0.00576,False,-1.65,0.5,False,0.67,40978
SOLUSDT,dsys_48,8h,-0.00901,0.01125,False,-1.01,0.5,False,0.67,40974
SOLUSDT,dsys_48,24h,-0.00717,0.00838,False,0.53,0.5,False,0.83,40958
SOLUSDT,down_48,1h,-0.0031,0.01001,False,-1.76,0.5,False,0.83,40978
SOLUSDT,down_48,4h,0.00198,0.00948,False,-3.89,0.5,False,0.67,40975
SOLUSDT,down_48,8h,-0.00246,0.00792,False,-5.27,0.75,False,0.5,40971
SOLUSDT,down_48,24h,-0.00639,0.00858,False,-6.5,0.75,False,0.67,40955
SOLUSDT,dsys_144,1h,-0.00391,0.0066,False,-1.13,0.75,False,1.0,40965
SOLUSDT,dsys_144,4h,-0.01977,0.01831,True,-10.91,0.75,False,1.0,40962
SOLUSDT,dsys_144,8h,-0.03677,0.01432,True,-23.45,0.75,False,1.0,40958
SOLUSDT,dsys_144,24h,-0.01122,0.02356,False,-19.58,0.75,False,0.83,40942
SOLUSDT,down_144,1h,0.00025,0.01181,False,-3.27,0.5,False,0.5,40962
SOLUSDT,down_144,4h,-0.00802,0.01374,False,-7.75,0.5,False,0.67,40959
SOLUSDT,down_144,8h,-0.01664,0.00721,True,-11.07,0.75,False,0.5,40955
SOLUSDT,down_144,24h,-0.00748,0.01289,False,-6.73,0.5,False,0.67,40939
BNBUSDT,own,1h,0.00596,0.00433,True,-2.17,1.0,False,0.5,41141
BNBUSDT,own,4h,0.00785,0.01134,False,-6.1,0.75,False,0.67,41138
BNBUSDT,own,8h,0.00088,0.01249,False,-10.56,1.0,False,0.33,41134
BNBUSDT,own,24h,-0.00401,0.00835,False,-18.47,0.75,False,0.5,41118
BNBUSDT,sys,1h,0.00884,0.0048,True,-2.67,0.75,False,0.67,41141
BNBUSDT,sys,4h,0.00566,0.01386,False,-6.65,1.0,False,0.5,41138
BNBUSDT,sys,8h,-5e-05,0.00602,False,-11.02,0.75,False,0.5,41134
BNBUSDT,sys,24h,0.01312,0.01053,True,-4.17,0.5,False,0.67,41118
BNBUSDT,breadth,1h,0.00874,0.00791,True,-2.51,0.75,False,0.67,41141
BNBUSDT,breadth,4h,0.0066,0.01263,False,-5.2,0.75,False,0.5,41138
BNBUSDT,breadth,8h,0.00127,0.00548,False,-11.69,0.75,False,0.5,41134
BNBUSDT,breadth,24h,0.01056,0.01512,False,-6.69,0.5,False,0.67,41118
BNBUSDT,disp,1h,-0.00577,0.01274,False,-0.43,0.75,False,0.83,41141
BNBUSDT,disp,4h,-0.01054,0.01142,False,-0.78,0.75,False,0.83,41138
BNBUSDT,disp,8h,-0.01051,0.0155,False,-3.42,0.5,False,0.67,41134
BNBUSDT,disp,24h,-0.01942,0.02778,False,-18.19,1.0,False,0.5,41118
BNBUSDT,sys_gap,1h,-0.00772,0.01194,False,0.98,0.5,False,0.5,33915
BNBUSDT,sys_gap,4h,-0.0116,0.01394,False,2.45,0.5,False,0.33,33912
BNBUSDT,sys_gap,8h,-0.01452,0.01186,True,3.94,0.75,False,0.5,33908
BNBUSDT,sys_gap,24h,-0.00627,0.00604,True,6.67,0.75,False,0.5,33892
BNBUSDT,idio,1h,0.00148,0.00839,False,-1.45,0.5,False,0.5,41141
BNBUSDT,idio,4h,0.00456,0.01107,False,-3.81,0.75,False,0.67,41138
BNBUSDT,idio,8h,0.00104,0.01654,False,-6.19,0.5,False,0.5,41134
BNBUSDT,idio,24h,-0.01434,0.01112,True,-23.22,0.75,False,0.5,41118
BNBUSDT,dsys_12,1h,-0.01237,0.00813,True,-2.27,0.5,False,0.83,41131
BNBUSDT,dsys_12,4h,-0.0058,0.00356,True,-3.63,0.75,False,0.5,41128
BNBUSDT,dsys_12,8h,-0.00691,0.00617,True,-2.16,0.75,False,0.5,41124
BNBUSDT,dsys_12,24h,-0.00967,0.0062,True,-6.05,0.5,False,0.83,41108
BNBUSDT,down_12,1h,-0.01193,0.00937,True,-1.91,0.75,False,0.83,41131
BNBUSDT,down_12,4h,-0.01003,0.00688,True,-3.9,0.5,False,1.0,41128
BNBUSDT,down_12,8h,-0.00812,0.00354,True,-3.72,0.75,False,0.83,41124
BNBUSDT,down_12,24h,-0.01063,0.01004,True,-5.88,0.75,False,0.83,41108
BNBUSDT,dsys_48,1h,-0.00141,0.00647,False,-1.44,0.5,False,0.5,41125
BNBUSDT,dsys_48,4h,0.00037,0.00536,False,-2.12,0.75,False,0.67,41122
BNBUSDT,dsys_48,8h,-0.00377,0.00245,True,-2.59,0.5,False,0.33,41118
BNBUSDT,dsys_48,24h,-0.00244,0.00781,False,1.51,0.5,False,0.5,41102
BNBUSDT,down_48,1h,-0.00505,0.00416,True,-2.3,0.75,False,0.5,41125
BNBUSDT,down_48,4h,-0.00154,0.00596,False,-2.28,0.75,False,0.5,41122
BNBUSDT,down_48,8h,-0.00199,0.00691,False,-2.72,0.75,False,0.83,41118
BNBUSDT,down_48,24h,-0.00458,0.00718,False,-4.59,0.75,False,0.67,41102
BNBUSDT,dsys_144,1h,0.00247,0.0066,False,-0.52,0.75,False,0.67,41109
BNBUSDT,dsys_144,4h,-0.00841,0.01217,False,-5.08,0.5,False,0.67,41106
BNBUSDT,dsys_144,8h,-0.0224,0.01072,True,-13.41,0.75,False,0.83,41102
BNBUSDT,dsys_144,24h,0.00439,0.01601,False,-6.86,0.5,False,0.5,41086
BNBUSDT,down_144,1h,0.00052,0.00525,False,-0.19,0.5,False,0.67,41108
BNBUSDT,down_144,4h,-0.00245,0.01633,False,0.08,0.5,False,0.5,41105
BNBUSDT,down_144,8h,-0.00803,0.00882,False,2.17,0.5,False,0.67,41101
BNBUSDT,down_144,24h,-0.00054,0.01331,False,4.91,0.5,False,0.5,41085
XRPUSDT,own,1h,0.01693,0.00494,True,-2.67,0.75,False,0.67,40997
XRPUSDT,own,4h,0.01402,0.00474,True,-7.26,0.75,False,0.67,40994
XRPUSDT,own,8h,0.00083,0.00391,False,-16.14,0.75,False,0.5,40990
XRPUSDT,own,24h,-0.00253,0.01567,False,-25.87,0.75,False,0.33,40974
XRPUSDT,sys,1h,0.00043,0.00811,False,-5.1,1.0,False,0.5,40997
XRPUSDT,sys,4h,-0.01231,0.01039,True,-17.73,1.0,False,0.67,40994
XRPUSDT,sys,8h,-0.02822,0.01295,True,-30.9,1.0,True,1.0,40990
XRPUSDT,sys,24h,-0.00655,0.0242,False,-18.03,0.5,False,0.5,40974
XRPUSDT,breadth,1h,0.00088,0.0083,False,-5.26,0.75,False,0.5,40997
XRPUSDT,breadth,4h,-0.01124,0.0064,True,-15.0,0.5,False,0.67,40994
XRPUSDT,breadth,8h,-0.02431,0.01244,True,-27.67,0.75,False,0.83,40990
XRPUSDT,breadth,24h,-0.00759,0.03023,False,-13.14,0.75,False,0.5,40974
XRPUSDT,disp,1h,-0.00563,0.0065,False,1.38,0.75,False,0.5,40997
XRPUSDT,disp,4h,-0.00754,0.02002,False,1.98,0.75,False,0.83,40994
XRPUSDT,disp,8h,-0.01465,0.01213,True,-2.77,0.5,False,0.67,40990
XRPUSDT,disp,24h,-0.03671,0.00912,True,-27.3,0.75,False,1.0,40974
XRPUSDT,sys_gap,1h,0.00145,0.00486,False,3.64,0.75,False,0.67,33891
XRPUSDT,sys_gap,4h,0.00526,0.01126,False,11.61,0.5,False,0.83,33888
XRPUSDT,sys_gap,8h,0.01381,0.01486,False,19.14,0.75,False,0.83,33884
XRPUSDT,sys_gap,24h,0.00565,0.02028,False,11.53,0.5,False,0.67,33868
XRPUSDT,idio,1h,0.02151,0.00323,True,1.5,0.75,False,0.83,40997
XRPUSDT,idio,4h,0.02982,0.01279,True,3.63,0.75,False,0.83,40994
XRPUSDT,idio,8h,0.02812,0.0119,True,0.11,0.75,False,0.83,40990
XRPUSDT,idio,24h,0.00844,0.00914,False,-21.3,0.75,False,0.83,40974
XRPUSDT,dsys_12,1h,-0.00089,0.00451,False,-1.41,0.75,False,0.5,40987
XRPUSDT,dsys_12,4h,-0.00156,0.00674,False,-2.08,0.75,False,0.67,40984
XRPUSDT,dsys_12,8h,-0.00776,0.00455,True,-4.75,0.75,False,0.5,40980
XRPUSDT,dsys_12,24h,-0.01429,0.00902,True,-14.51,0.75,False,0.83,40964
XRPUSDT,down_12,1h,0.00722,0.00207,True,-0.76,0.5,False,0.5,40987
XRPUSDT,down_12,4h,0.00522,0.00414,True,-0.39,0.75,False,0.67,40984
XRPUSDT,down_12,8h,0.00283,0.01154,False,2.23,0.5,False,0.67,40980
XRPUSDT,down_12,24h,-0.00992,0.00363,True,-8.42,0.75,False,0.83,40964
XRPUSDT,dsys_48,1h,0.00097,0.009,False,-2.15,0.75,False,0.5,40981
XRPUSDT,dsys_48,4h,-7e-05,0.01036,False,-7.19,0.5,False,0.17,40978
XRPUSDT,dsys_48,8h,-0.01565,0.00757,True,-13.99,0.5,False,0.83,40974
XRPUSDT,dsys_48,24h,-0.01322,0.01222,True,-18.1,0.75,False,0.83,40958
XRPUSDT,down_48,1h,0.0134,0.00763,True,-1.04,0.75,False,0.67,40981
XRPUSDT,down_48,4h,0.01301,0.00842,True,0.5,0.5,False,0.83,40978
XRPUSDT,down_48,8h,0.00396,0.01338,False,-3.88,0.5,False,0.67,40974
XRPUSDT,down_48,24h,-0.01139,0.00534,True,-18.42,0.75,False,0.83,40958
XRPUSDT,dsys_144,1h,-0.00313,0.00678,False,-2.72,0.5,False,0.33,40965
XRPUSDT,dsys_144,4h,-0.02141,0.01561,True,-14.59,0.75,False,1.0,40962
XRPUSDT,dsys_144,8h,-0.04136,0.01575,True,-31.16,0.75,True,1.0,40958
XRPUSDT,dsys_144,24h,-0.01012,0.02444,False,-17.93,0.75,False,0.67,40942
XRPUSDT,down_144,1h,0.01347,0.00916,True,-0.38,0.5,False,0.67,40965
XRPUSDT,down_144,4h,0.00619,0.01016,False,-1.59,0.5,False,0.83,40962
XRPUSDT,down_144,8h,-0.00117,0.01873,False,-6.5,0.75,False,0.5,40958
XRPUSDT,down_144,24h,-0.00992,0.01073,False,-23.6,0.75,False,0.67,40942
DOGEUSDT,own,1h,0.01793,0.00574,True,-0.44,0.75,False,0.83,41141
DOGEUSDT,own,4h,0.00806,0.02394,False,-2.91,0.5,False,0.67,41138
DOGEUSDT,own,8h,-0.00504,0.01672,False,-11.0,0.5,False,0.67,41134
DOGEUSDT,own,24h,0.00049,0.01868,False,-19.11,0.75,False,0.33,41118
DOGEUSDT,sys,1h,0.00708,0.0067,True,-4.68,1.0,False,0.67,41141
DOGEUSDT,sys,4h,-0.00303,0.01659,False,-13.83,1.0,False,0.5,41138
DOGEUSDT,sys,8h,-0.0142,0.00475,True,-25.21,1.0,False,0.67,41134
DOGEUSDT,sys,24h,-0.00184,0.02748,False,-22.12,0.5,False,0.5,41118
DOGEUSDT,breadth,1h,0.00853,0.00485,True,-3.97,0.75,False,0.67,41141
DOGEUSDT,breadth,4h,-0.00119,0.01759,False,-10.7,0.75,False,0.67,41138
DOGEUSDT,breadth,8h,-0.01266,0.00842,True,-25.61,0.75,False,0.83,41134
DOGEUSDT,breadth,24h,-0.00462,0.02548,False,-21.38,0.75,False,0.67,41118
DOGEUSDT,disp,1h,-0.00869,0.00603,True,-1.81,0.75,False,0.83,41141
DOGEUSDT,disp,4h,-0.01464,0.00818,True,-6.67,1.0,False,1.0,41138
DOGEUSDT,disp,8h,-0.01478,0.01361,True,-11.24,0.75,False,0.83,41134
DOGEUSDT,disp,24h,-0.03123,0.01666,True,-36.56,1.0,True,0.83,41118
DOGEUSDT,sys_gap,1h,-0.00509,0.00443,True,2.2,0.5,False,0.33,33915
DOGEUSDT,sys_gap,4h,-0.00474,0.01707,False,6.69,0.5,False,0.33,33912
DOGEUSDT,sys_gap,8h,-0.00477,0.00882,False,11.9,0.75,False,0.33,33908
DOGEUSDT,sys_gap,24h,0.00267,0.02999,False,19.78,0.5,False,0.5,33892
DOGEUSDT,idio,1h,0.01693,0.0037,True,1.63,1.0,False,1.0,41141
DOGEUSDT,idio,4h,0.01063,0.016,False,3.28,0.5,False,0.67,41138
DOGEUSDT,idio,8h,0.00352,0.01919,False,4.7,0.5,False,0.67,41134
DOGEUSDT,idio,24h,-0.0003,0.01759,False,-11.31,0.5,False,0.5,41118
DOGEUSDT,dsys_12,1h,-0.00075,0.0116,False,-0.8,0.5,False,0.5,41131
DOGEUSDT,dsys_12,4h,0.00148,0.00443,False,2.93,0.5,False,0.67,41128
DOGEUSDT,dsys_12,8h,-0.00544,0.00423,True,2.61,0.5,False,0.33,41124
DOGEUSDT,dsys_12,24h,-0.00596,0.0056,True,-6.98,0.5,False,0.83,41108
DOGEUSDT,down_12,1h,0.00853,0.01254,False,1.41,0.75,False,0.67,41131
DOGEUSDT,down_12,4h,0.00615,0.00549,True,1.69,0.75,False,0.67,41128
DOGEUSDT,down_12,8h,0.00186,0.00527,False,5.27,0.5,False,0.5,41124
DOGEUSDT,down_12,24h,0.0007,0.00711,False,3.32,0.5,False,0.5,41108
DOGEUSDT,dsys_48,1h,0.00737,0.00406,True,0.06,0.5,False,0.83,41125
DOGEUSDT,dsys_48,4h,0.00182,0.0039,False,-0.83,0.75,False,0.67,41122
DOGEUSDT,dsys_48,8h,-0.01012,0.00488,True,-5.68,0.5,False,0.67,41118
DOGEUSDT,dsys_48,24h,-0.00456,0.01248,False,-4.05,0.75,False,0.67,41102
DOGEUSDT,down_48,1h,0.01731,0.00444,True,2.89,0.5,False,1.0,41125
DOGEUSDT,down_48,4h,0.01513,0.00834,True,7.88,0.75,False,0.67,41122
DOGEUSDT,down_48,8h,0.00291,0.00679,False,9.51,0.75,False,0.67,41118
DOGEUSDT,down_48,24h,0.00492,0.0128,False,18.08,0.75,False,0.67,41102
DOGEUSDT,dsys_144,1h,0.00321,0.00661,False,-1.45,0.5,False,0.83,41109
DOGEUSDT,dsys_144,4h,-0.01201,0.01036,True,-9.75,0.5,False,0.67,41106
DOGEUSDT,dsys_144,8h,-0.02946,0.01748,True,-24.83,0.75,False,1.0,41102
DOGEUSDT,dsys_144,24h,0.00303,0.03388,False,-20.53,0.5,False,0.5,41086
DOGEUSDT,down_144,1h,0.01493,0.01057,True,1.4,0.5,False,1.0,41109
DOGEUSDT,down_144,4h,0.00533,0.01773,False,0.54,0.75,False,0.67,41106
DOGEUSDT,down_144,8h,-0.01251,0.01215,True,-2.0,0.5,False,0.67,41102
DOGEUSDT,down_144,24h,0.00906,0.02715,False,12.55,0.75,False,0.5,41086
ADAUSDT,own,1h,0.00706,0.00561,True,-3.65,0.75,False,0.67,41141
ADAUSDT,own,4h,0.00482,0.01136,False,-5.04,0.75,False,0.67,41138
ADAUSDT,own,8h,-0.00306,0.01391,False,-9.21,0.75,False,0.5,41134
ADAUSDT,own,24h,0.00191,0.01936,False,-4.33,0.75,False,0.33,41118
ADAUSDT,sys,1h,0.00503,0.00349,True,-5.05,0.75,False,0.67,41141
ADAUSDT,sys,4h,-0.00301,0.0106,False,-13.48,0.75,False,0.83,41138
ADAUSDT,sys,8h,-0.00766,0.01384,False,-16.9,0.5,False,0.5,41134
ADAUSDT,sys,24h,-0.00098,0.02676,False,-4.53,0.75,False,0.5,41118
ADAUSDT,breadth,1h,0.00652,0.00383,True,-4.56,0.75,False,0.67,41141
ADAUSDT,breadth,4h,0.00046,0.01243,False,-9.79,0.5,False,0.5,41138
ADAUSDT,breadth,8h,-0.0057,0.01987,False,-16.82,0.5,False,0.33,41134
ADAUSDT,breadth,24h,-0.00352,0.02533,False,-17.68,0.75,False,0.67,41118
ADAUSDT,disp,1h,-0.00611,0.00682,False,1.77,0.5,False,1.0,41141
ADAUSDT,disp,4h,-0.0079,0.00677,True,2.42,0.5,False,0.83,41138
ADAUSDT,disp,8h,-0.00858,0.01655,False,-0.93,0.5,False,0.67,41134
ADAUSDT,disp,24h,-0.0138,0.01886,False,-6.65,0.5,False,0.5,41118
ADAUSDT,sys_gap,1h,-0.00137,0.00547,False,2.89,0.5,False,0.33,33915
ADAUSDT,sys_gap,4h,0.00367,0.00875,False,6.98,0.5,False,0.67,33912
ADAUSDT,sys_gap,8h,0.00402,0.00894,False,13.52,0.5,False,0.67,33908
ADAUSDT,sys_gap,24h,0.01497,0.02365,False,25.4,0.5,False,0.83,33892
ADAUSDT,idio,1h,0.00658,0.00556,True,-0.67,0.5,False,0.67,41141
ADAUSDT,idio,4h,0.00895,0.01541,False,1.01,0.75,False,0.67,41138
ADAUSDT,idio,8h,0.00468,0.01092,False,-1.17,0.5,False,0.67,41134
ADAUSDT,idio,24h,0.00689,0.0079,False,-8.98,0.75,False,0.33,41118
ADAUSDT,dsys_12,1h,-0.00727,0.00531,True,-3.15,1.0,False,0.5,41131
ADAUSDT,dsys_12,4h,-0.00582,0.00385,True,-4.51,0.75,False,0.5,41128
ADAUSDT,dsys_12,8h,-0.01196,0.00557,True,-6.02,0.5,False,1.0,41124
ADAUSDT,dsys_12,24h,-0.00693,0.00544,True,-7.52,0.5,False,0.67,41108
ADAUSDT,down_12,1h,-0.01063,0.00613,True,-3.61,1.0,False,0.67,41131
ADAUSDT,down_12,4h,-0.00525,0.00559,False,-3.36,0.75,False,0.67,41128
ADAUSDT,down_12,8h,-0.00552,0.00586,False,0.71,0.5,False,0.83,41124
ADAUSDT,down_12,24h,-0.00338,0.00396,False,-2.16,0.75,False,0.83,41108
ADAUSDT,dsys_48,1h,-0.00062,0.00606,False,-3.15,1.0,False,0.33,41125
ADAUSDT,dsys_48,4h,-0.00926,0.00865,True,-9.87,0.75,False,0.83,41122
ADAUSDT,dsys_48,8h,-0.01559,0.00615,True,-11.55,0.5,False,0.83,41118
ADAUSDT,dsys_48,24h,-0.00429,0.00697,False,-1.35,0.5,False,0.67,41102
ADAUSDT,down_48,1h,0.00224,0.00486,False,-3.26,0.75,False,0.5,41125
ADAUSDT,down_48,4h,0.00268,0.01704,False,-2.34,0.5,False,0.5,41122
ADAUSDT,down_48,8h,-0.00138,0.00575,False,1.62,0.5,False,0.67,41118
ADAUSDT,down_48,24h,-0.00127,0.00411,False,-6.99,0.5,False,0.5,41102
ADAUSDT,dsys_144,1h,-0.00023,0.00441,False,-2.02,0.5,False,0.5,41109
ADAUSDT,dsys_144,4h,-0.01484,0.01891,False,-11.82,0.75,False,1.0,41106
ADAUSDT,dsys_144,8h,-0.02511,0.01076,True,-18.98,0.75,False,1.0,41102
ADAUSDT,dsys_144,24h,0.00327,0.01822,False,4.61,0.5,False,0.67,41086
ADAUSDT,down_144,1h,0.00219,0.00126,True,-1.7,0.75,False,0.67,41109
ADAUSDT,down_144,4h,-0.00784,0.01328,False,-4.69,0.5,False,0.67,41106
ADAUSDT,down_144,8h,-0.02224,0.00919,True,-10.39,0.75,False,1.0,41102
ADAUSDT,down_144,24h,0.00314,0.00351,False,0.06,0.75,False,0.5,41086
AVAXUSDT,own,1h,-0.01347,0.00771,True,-4.32,1.0,False,0.67,41137
AVAXUSDT,own,4h,-0.03099,0.0105,True,-11.65,0.75,False,0.83,41134
AVAXUSDT,own,8h,-0.0393,0.01076,True,-21.97,0.75,False,0.83,41130
AVAXUSDT,own,24h,-0.0309,0.01692,True,-32.27,0.75,True,0.67,41114
AVAXUSDT,sys,1h,-0.00763,0.0023,True,-7.28,1.0,False,0.67,41141
AVAXUSDT,sys,4h,-0.02526,0.01373,True,-22.46,1.0,False,0.67,41138
AVAXUSDT,sys,8h,-0.03417,0.01293,True,-32.49,0.75,True,0.67,41134
AVAXUSDT,sys,24h,-0.0212,0.00673,True,-38.16,0.75,True,0.67,41118
AVAXUSDT,breadth,1h,-0.00651,0.00223,True,-6.97,0.75,False,0.67,41141
AVAXUSDT,breadth,4h,-0.02253,0.01026,True,-19.64,0.75,False,0.83,41138
AVAXUSDT,breadth,8h,-0.03361,0.01624,True,-34.81,0.75,True,0.83,41134
AVAXUSDT,breadth,24h,-0.02494,0.00879,True,-47.03,0.75,True,0.67,41118
AVAXUSDT,disp,1h,-0.00523,0.00794,False,-0.43,0.5,False,0.83,41141
AVAXUSDT,disp,4h,-0.01331,0.00961,True,-2.71,0.5,False,0.83,41138
AVAXUSDT,disp,8h,-0.01367,0.01692,False,-10.69,0.75,False,0.67,41134
AVAXUSDT,disp,24h,-0.01735,0.01033,True,-21.51,0.75,False,0.5,41118
AVAXUSDT,sys_gap,1h,0.00767,0.00515,True,4.72,0.5,False,0.67,33915
AVAXUSDT,sys_gap,4h,0.01662,0.01054,True,17.47,1.0,False,0.67,33912
AVAXUSDT,sys_gap,8h,0.02079,0.02287,False,29.16,0.75,True,0.67,33908
AVAXUSDT,sys_gap,24h,0.02099,0.00679,True,38.55,0.5,True,0.67,33892
AVAXUSDT,idio,1h,-0.00928,0.00748,True,-0.84,0.75,False,0.67,41137
AVAXUSDT,idio,4h,-0.01789,0.00797,True,-2.43,0.75,False,0.5,41134
AVAXUSDT,idio,8h,-0.02039,0.00945,True,-5.93,0.75,False,0.5,41130
AVAXUSDT,idio,24h,-0.02069,0.02151,False,-21.2,1.0,False,0.67,41114
AVAXUSDT,dsys_12,1h,-0.0067,0.00601,True,-2.97,0.5,False,0.83,41131
AVAXUSDT,dsys_12,4h,-0.00491,0.0098,False,-4.61,0.75,False,0.67,41128
AVAXUSDT,dsys_12,8h,-0.00993,0.00279,True,-3.76,0.75,False,0.67,41124
AVAXUSDT,dsys_12,24h,-0.00827,0.00464,True,-11.66,0.5,False,0.83,41108
AVAXUSDT,down_12,1h,-0.01008,0.00861,True,-0.64,0.75,False,0.83,41123
AVAXUSDT,down_12,4h,-0.00512,0.00969,False,-4.37,0.5,False,0.5,41120
AVAXUSDT,down_12,8h,-0.00593,0.00337,True,-6.0,0.5,False,0.67,41116
AVAXUSDT,down_12,24h,-0.01105,0.01005,True,-10.93,0.5,False,0.83,41100
AVAXUSDT,dsys_48,1h,-0.00326,0.00825,False,-3.14,0.75,False,0.67,41125
AVAXUSDT,dsys_48,4h,-0.00933,0.01139,False,-8.86,0.75,False,0.83,41122
AVAXUSDT,dsys_48,8h,-0.01792,0.00559,True,-11.14,0.5,False,0.83,41118
AVAXUSDT,dsys_48,24h,-0.00899,0.00911,False,-11.03,1.0,False,0.83,41102
AVAXUSDT,down_48,1h,-0.00587,0.00645,False,-2.79,0.5,False,0.67,41117
AVAXUSDT,down_48,4h,-0.01018,0.00729,True,-4.11,0.5,False,0.67,41114
AVAXUSDT,down_48,8h,-0.01386,0.00601,True,-8.91,0.5,False,0.67,41110
AVAXUSDT,down_48,24h,-0.0124,0.01459,False,-12.93,0.75,False,0.67,41094
AVAXUSDT,dsys_144,1h,-0.00337,0.01105,False,-2.81,0.75,False,0.5,41109
AVAXUSDT,dsys_144,4h,-0.02042,0.01911,True,-12.97,0.75,False,1.0,41106
AVAXUSDT,dsys_144,8h,-0.03741,0.01276,True,-27.52,0.75,False,1.0,41102
AVAXUSDT,dsys_144,24h,-0.00434,0.01631,False,-24.41,0.5,False,0.67,41086
AVAXUSDT,down_144,1h,-0.00702,0.01268,False,-1.89,0.75,False,0.67,41101
AVAXUSDT,down_144,4h,-0.01279,0.0201,False,-3.42,0.5,False,0.67,41098
AVAXUSDT,down_144,8h,-0.02192,0.00709,True,-12.57,1.0,False,0.67,41094
AVAXUSDT,down_144,24h,-0.01861,0.02162,False,-28.67,0.75,True,0.83,41078
LINKUSDT,own,1h,-0.00535,0.00671,False,-5.09,0.75,False,0.83,41141
LINKUSDT,own,4h,-0.01952,0.01281,True,-14.43,0.75,False,0.83,41138
LINKUSDT,own,8h,-0.02688,0.01072,True,-25.38,0.75,False,0.83,41134
LINKUSDT,own,24h,-0.00974,0.01305,False,-15.51,1.0,False,0.67,41118
LINKUSDT,sys,1h,-0.00298,0.00507,False,-5.49,1.0,False,0.5,41141
LINKUSDT,sys,4h,-0.01308,0.01555,False,-15.24,1.0,False,0.83,41138
LINKUSDT,sys,8h,-0.02168,0.0101,True,-21.1,0.75,False,1.0,41134
LINKUSDT,sys,24h,-0.00932,0.02898,False,-28.0,0.75,True,0.67,41118
LINKUSDT,breadth,1h,-0.00273,0.00615,False,-5.61,0.75,False,0.5,41141
LINKUSDT,breadth,4h,-0.01148,0.01597,False,-15.44,0.75,False,0.83,41138
LINKUSDT,breadth,8h,-0.01971,0.00859,True,-23.64,0.75,False,0.83,41134
LINKUSDT,breadth,24h,-0.01205,0.03093,False,-36.19,0.75,True,0.83,41118
LINKUSDT,disp,1h,-0.00302,0.009,False,1.09,0.5,False,0.67,41141
LINKUSDT,disp,4h,-0.00409,0.0064,False,4.13,0.5,False,0.67,41138
LINKUSDT,disp,8h,-0.00601,0.01531,False,-0.65,0.5,False,0.67,41134
LINKUSDT,disp,24h,-0.01066,0.00837,True,-23.17,0.75,False,0.67,41118
LINKUSDT,sys_gap,1h,0.003,0.00711,False,3.04,0.5,False,0.67,33915
LINKUSDT,sys_gap,4h,0.0094,0.0089,True,10.46,0.5,False,0.83,33912
LINKUSDT,sys_gap,8h,0.01168,0.01277,False,15.99,0.75,False,0.83,33908
LINKUSDT,sys_gap,24h,0.01873,0.0118,True,37.84,0.75,True,0.83,33892
LINKUSDT,idio,1h,-0.00603,0.00633,False,-2.69,0.75,False,0.83,41141
LINKUSDT,idio,4h,-0.01725,0.01392,True,-8.32,1.0,False,0.83,41138
LINKUSDT,idio,8h,-0.01962,0.01401,True,-16.37,0.75,False,0.83,41134
LINKUSDT,idio,24h,-0.00686,0.0049,True,1.45,0.5,False,0.67,41118
LINKUSDT,dsys_12,1h,-0.01019,0.00409,True,-3.08,0.75,False,0.83,41131
LINKUSDT,dsys_12,4h,-0.00513,0.0039,True,-2.87,0.75,False,0.67,41128
LINKUSDT,dsys_12,8h,-0.00702,0.00722,False,-1.51,0.75,False,0.67,41124
LINKUSDT,dsys_12,24h,-0.005,0.00355,True,-3.63,0.5,False,0.83,41108
LINKUSDT,down_12,1h,-0.01074,0.00566,True,-3.06,0.75,False,0.83,41130
LINKUSDT,down_12,4h,-0.00603,0.01022,False,-3.63,0.75,False,0.67,41127
LINKUSDT,down_12,8h,-0.00831,0.00775,True,-3.82,0.75,False,0.67,41123
LINKUSDT,down_12,24h,-0.01153,0.0025,True,-14.66,0.75,False,1.0,41107
LINKUSDT,dsys_48,1h,-0.003,0.0056,False,-2.2,0.75,False,0.5,41125
LINKUSDT,dsys_48,4h,-0.00557,0.00486,True,-6.87,0.75,False,0.83,41122
LINKUSDT,dsys_48,8h,-0.01084,0.00779,True,-7.53,0.5,False,0.67,41118
LINKUSDT,dsys_48,24h,-0.0034,0.00631,False,5.49,0.5,False,0.5,41102
LINKUSDT,down_48,1h,-0.00183,0.01351,False,-2.35,0.75,False,0.5,41124
LINKUSDT,down_48,4h,-0.00907,0.01406,False,-6.72,0.75,False,0.67,41121
LINKUSDT,down_48,8h,-0.01617,0.00476,True,-11.0,0.5,False,0.83,41117
LINKUSDT,down_48,24h,-0.00976,0.00573,True,-6.4,0.5,False,0.83,41101
LINKUSDT,dsys_144,1h,-0.00394,0.00943,False,-1.83,0.5,False,0.67,41109
LINKUSDT,dsys_144,4h,-0.0166,0.01351,True,-10.49,1.0,False,1.0,41106
LINKUSDT,dsys_144,8h,-0.03007,0.00775,True,-20.26,0.75,False,1.0,41102
LINKUSDT,dsys_144,24h,0.00217,0.01958,False,-4.55,0.5,False,0.5,41086
LINKUSDT,down_144,1h,-0.00606,0.00861,False,-3.16,0.5,False,0.83,41109
LINKUSDT,down_144,4h,-0.0223,0.02786,False,-13.29,0.75,False,1.0,41106
LINKUSDT,down_144,8h,-0.03405,0.01486,True,-25.21,0.75,False,1.0,41102
LINKUSDT,down_144,24h,-0.01031,0.00697,True,-18.29,0.75,False,0.83,41086
DOTUSDT,own,1h,0.00122,0.0076,False,-2.47,0.5,False,0.33,41141
DOTUSDT,own,4h,-0.00831,0.01456,False,-8.42,0.75,False,0.67,41138
DOTUSDT,own,8h,-0.01191,0.01116,True,-9.78,0.75,False,0.67,41134
DOTUSDT,own,24h,0.0004,0.01683,False,5.96,0.5,False,0.33,41118
DOTUSDT,sys,1h,-0.00314,0.00573,False,-5.13,1.0,False,0.67,41141
DOTUSDT,sys,4h,-0.01051,0.00809,True,-15.27,1.0,False,0.67,41138
DOTUSDT,sys,8h,-0.01572,0.01383,True,-22.59,0.75,False,0.67,41134
DOTUSDT,sys,24h,0.00241,0.02636,False,-14.2,0.5,False,0.5,41118
DOTUSDT,breadth,1h,-0.00157,0.00688,False,-4.26,0.75,False,0.5,41141
DOTUSDT,breadth,4h,-0.00756,0.00803,False,-12.99,0.75,False,0.67,41138
DOTUSDT,breadth,8h,-0.0126,0.01176,True,-22.43,0.75,False,0.67,41134
DOTUSDT,breadth,24h,-0.00086,0.02602,False,-18.26,0.75,False,0.5,41118
DOTUSDT,disp,1h,-0.0032,0.0066,False,0.7,0.5,False,0.5,41141
DOTUSDT,disp,4h,-0.00136,0.00569,False,4.06,0.5,False,0.67,41138
DOTUSDT,disp,8h,-0.00457,0.01857,False,-1.49,0.5,False,0.5,41134
DOTUSDT,disp,24h,-0.01996,0.0277,False,-28.2,0.75,True,0.83,41118
DOTUSDT,sys_gap,1h,0.00443,0.00795,False,3.45,0.75,False,0.83,33915
DOTUSDT,sys_gap,4h,0.0099,0.00699,True,10.74,0.5,False,0.67,33912
DOTUSDT,sys_gap,8h,0.00992,0.00662,True,17.3,0.75,False,0.67,33908
DOTUSDT,sys_gap,24h,0.02188,0.01541,True,32.74,0.5,True,0.83,33892
DOTUSDT,idio,1h,0.00524,0.00717,False,2.23,0.5,False,0.83,41141
DOTUSDT,idio,4h,0.0009,0.02169,False,0.28,0.5,False,0.33,41138
DOTUSDT,idio,8h,0.00094,0.02083,False,0.77,0.5,False,0.33,41134
DOTUSDT,idio,24h,0.00034,0.01262,False,10.16,0.5,False,0.33,41118
DOTUSDT,dsys_12,1h,-0.00969,0.00942,True,-2.01,0.75,False,0.83,41131
DOTUSDT,dsys_12,4h,-0.00833,0.00508,True,-3.16,0.75,False,0.67,41128
DOTUSDT,dsys_12,8h,-0.01327,0.00615,True,-3.28,0.75,False,0.83,41124
DOTUSDT,dsys_12,24h,-0.00674,0.0079,False,-3.32,0.5,False,0.83,41108
DOTUSDT,down_12,1h,0.00089,0.01186,False,-0.61,0.5,False,0.83,41131
DOTUSDT,down_12,4h,0.00045,0.00554,False,-3.14,0.5,False,0.83,41128
DOTUSDT,down_12,8h,-0.00747,0.0046,True,-6.48,0.5,False,0.67,41124
DOTUSDT,down_12,24h,-0.01109,0.0087,True,-3.97,0.5,False,0.83,41108
DOTUSDT,dsys_48,1h,-0.00249,0.00561,False,-1.78,0.5,False,0.5,41125
DOTUSDT,dsys_48,4h,-0.00841,0.00182,True,-7.75,0.5,False,0.67,41122
DOTUSDT,dsys_48,8h,-0.01794,0.00844,True,-10.67,0.75,False,1.0,41118
DOTUSDT,dsys_48,24h,0.00158,0.00711,False,3.43,0.5,False,0.5,41102
DOTUSDT,down_48,1h,0.00438,0.00693,False,-1.33,0.5,False,0.83,41125
DOTUSDT,down_48,4h,-0.00722,0.00624,True,-9.51,0.5,False,0.67,41122
DOTUSDT,down_48,8h,-0.01567,0.00479,True,-10.01,0.75,False,0.83,41118
DOTUSDT,down_48,24h,-0.01126,0.00804,True,-6.13,0.75,False,0.83,41102
DOTUSDT,dsys_144,1h,-0.00482,0.01085,False,-2.49,0.75,False,0.83,41109
DOTUSDT,dsys_144,4h,-0.01768,0.01788,False,-12.61,0.75,False,1.0,41106
DOTUSDT,dsys_144,8h,-0.03152,0.00599,True,-24.5,0.75,False,1.0,41102
DOTUSDT,dsys_144,24h,0.01202,0.00515,True,-3.06,0.5,False,0.5,41086
DOTUSDT,down_144,1h,0.00071,0.01062,False,-0.99,0.5,False,0.5,41109
DOTUSDT,down_144,4h,-0.00757,0.0058,True,-3.18,0.75,False,0.67,41106
DOTUSDT,down_144,8h,-0.01821,0.01359,True,-7.34,0.75,False,0.67,41102
DOTUSDT,down_144,24h,-0.00752,0.00531,True,-9.46,0.75,False,0.67,41086
LTCUSDT,own,1h,0.01089,0.00753,True,-1.56,0.75,False,0.83,41018
LTCUSDT,own,4h,0.00429,0.0155,False,-4.43,0.5,False,0.67,41015
LTCUSDT,own,8h,-0.00654,0.01615,False,-11.44,0.5,False,0.67,41011
LTCUSDT,own,24h,-0.00264,0.00975,False,-4.82,0.75,False,0.5,40995
LTCUSDT,sys,1h,0.00355,0.00397,False,-4.74,1.0,False,0.5,41021
LTCUSDT,sys,4h,-0.0066,0.01646,False,-15.58,1.0,False,0.5,41018
LTCUSDT,sys,8h,-0.01739,0.01029,True,-24.67,1.0,False,0.83,41014
LTCUSDT,sys,24h,-0.01437,0.02225,False,-34.5,1.0,True,0.67,40998
LTCUSDT,breadth,1h,0.00325,0.00415,False,-4.5,0.75,False,0.83,41021
LTCUSDT,breadth,4h,-0.00444,0.01359,False,-13.61,0.75,False,0.5,41018
LTCUSDT,breadth,8h,-0.01507,0.0135,True,-25.35,0.75,False,0.67,41014
LTCUSDT,breadth,24h,-0.01259,0.0186,False,-35.1,0.75,True,0.83,40998
LTCUSDT,disp,1h,-0.00712,0.00521,True,1.25,0.5,False,1.0,41021
LTCUSDT,disp,4h,-0.01023,0.01489,False,1.18,0.75,False,0.83,41018
LTCUSDT,disp,8h,-0.01071,0.00942,True,-1.33,0.5,False,0.67,41014
LTCUSDT,disp,24h,-0.02871,0.00915,True,-28.78,0.75,True,0.83,40998
LTCUSDT,sys_gap,1h,-0.00336,0.00312,True,2.66,0.5,False,0.33,33915
LTCUSDT,sys_gap,4h,0.00498,0.01272,False,10.86,0.75,False,0.83,33912
LTCUSDT,sys_gap,8h,0.00604,0.011,False,17.31,0.75,False,0.67,33908
LTCUSDT,sys_gap,24h,0.0089,0.01125,False,32.94,0.75,True,0.67,33892
LTCUSDT,idio,1h,0.00971,0.00757,True,0.5,0.5,False,0.5,41018
LTCUSDT,idio,4h,0.00959,0.00885,True,2.01,0.5,False,0.5,41015
LTCUSDT,idio,8h,0.00482,0.01264,False,-1.61,0.75,False,0.5,41011
LTCUSDT,idio,24h,0.0056,0.01311,False,16.77,0.5,False,0.67,40995
LTCUSDT,dsys_12,1h,-0.00084,0.00625,False,-1.73,0.5,False,0.83,41011
LTCUSDT,dsys_12,4h,-0.00229,0.00785,False,-1.09,0.75,False,0.67,41008
LTCUSDT,dsys_12,8h,-0.00565,0.00927,False,-1.04,0.5,False,0.67,41004
LTCUSDT,dsys_12,24h,-0.01312,0.01017,True,-7.89,0.75,False,0.83,40988
LTCUSDT,down_12,1h,0.0061,0.0035,True,-1.68,0.75,False,0.67,41007
LTCUSDT,down_12,4h,-3e-05,0.00446,False,-1.01,0.5,False,0.67,41004
LTCUSDT,down_12,8h,-0.00059,0.00882,False,0.79,0.5,False,0.67,41000
LTCUSDT,down_12,24h,-0.01204,0.01055,True,-8.77,0.75,False,1.0,40984
LTCUSDT,dsys_48,1h,0.00049,0.00285,False,-1.15,1.0,False,0.5,41005
LTCUSDT,dsys_48,4h,-0.00324,0.01109,False,-5.91,0.5,False,0.5,41002
LTCUSDT,dsys_48,8h,-0.00961,0.00437,True,-6.94,0.75,False,0.67,40998
LTCUSDT,dsys_48,24h,-0.016,0.01352,True,-8.86,1.0,False,1.0,40982
LTCUSDT,down_48,1h,0.00748,0.00878,False,0.24,0.5,False,0.83,41000
LTCUSDT,down_48,4h,0.0047,0.00483,False,3.65,0.75,False,0.67,40997
LTCUSDT,down_48,8h,-6e-05,0.01447,False,0.77,0.5,False,0.5,40993
LTCUSDT,down_48,24h,-0.01524,0.00668,True,-8.01,0.75,False,0.83,40977
LTCUSDT,dsys_144,1h,0.00114,0.00091,True,-1.45,0.5,False,0.33,40989
LTCUSDT,dsys_144,4h,-0.01132,0.02216,False,-9.03,0.75,False,0.83,40986
LTCUSDT,dsys_144,8h,-0.02444,0.01079,True,-18.13,0.75,False,0.83,40982
LTCUSDT,dsys_144,24h,-0.01974,0.00974,True,-30.82,0.75,True,0.83,40966
LTCUSDT,down_144,1h,0.00249,0.00366,False,-1.3,0.75,False,0.5,40983
LTCUSDT,down_144,4h,-0.00938,0.00808,True,-9.3,0.75,False,0.83,40980
LTCUSDT,down_144,8h,-0.0226,0.00474,True,-19.86,0.75,False,1.0,40976
LTCUSDT,down_144,24h,-0.01717,0.01062,True,-16.93,0.75,False,0.67,40960
