quarter,anchor,entry_level,stop_k,target_mode,rr,min_risk_bps,flow_mode,crowd_mode,revert,train_pf_2x,test_trades,test_pf,test_pf_2x,symbol,tf
2021Q1,roll96,3,3.0,2,0.0,25.0,1,0,1,2.4436,7,0.9847,0.9161,BTCUSDT,15m
2021Q2,roll96,3,3.0,2,0.0,25.0,1,0,1,2.1662,11,2.2776,2.0566,BTCUSDT,15m
2021Q3,roll96,3,3.0,2,0.0,25.0,1,0,1,2.1458,11,3.808,3.442,BTCUSDT,15m
2021Q4,roll96,3,3.0,2,0.0,25.0,1,0,1,2.3191,14,0.8726,0.7721,BTCUSDT,15m
2022Q1,roll96,3,3.0,2,0.0,100.0,0,1,1,2.0262,4,0.2249,0.1782,BTCUSDT,15m
2022Q2,roll96,3,3.0,2,0.0,25.0,1,0,1,1.7601,5,0.4127,0.3165,BTCUSDT,15m
2022Q3,W,3,2.0,2,0.0,25.0,0,1,1,2.889,3,0.3028,0.2309,BTCUSDT,15m
2023Q1,W,3,2.0,2,0.0,25.0,0,1,1,2.6771,7,0.1335,0.1025,BTCUSDT,15m
2023Q2,W,3,3.0,2,0.0,50.0,0,1,1,3.0327,1,inf,inf,BTCUSDT,15m
2023Q3,W,3,3.0,2,0.0,50.0,0,1,1,3.055,1,0.0,0.0,BTCUSDT,15m
2024Q3,W,3,3.0,2,0.0,50.0,0,1,1,3.0394,2,0.0567,0.0,BTCUSDT,15m
2024Q4,W,3,3.0,2,0.0,50.0,0,1,1,2.7707,1,0.0,0.0,BTCUSDT,15m
2025Q1,W,3,3.0,2,0.0,50.0,0,1,1,2.7235,2,2.5113,0.5057,BTCUSDT,15m
2025Q2,W,3,3.0,2,0.0,50.0,0,1,1,2.6903,1,0.0,0.0,BTCUSDT,15m
2026Q1,W,3,3.0,2,0.0,50.0,1,1,1,2.6072,2,inf,inf,BTCUSDT,15m
2026Q2,W,3,3.0,2,0.0,50.0,1,1,1,2.8568,2,0.7414,0.5362,BTCUSDT,15m
2021Q1,W,1,3.0,2,0.0,50.0,1,1,1,2.6391,40,1.6223,1.5302,BTCUSDT,30m
2021Q2,W,2,3.0,2,0.0,25.0,0,1,1,2.8832,31,0.6423,0.5791,BTCUSDT,30m
2021Q3,W,2,2.0,2,0.0,25.0,1,1,1,2.3591,17,10.5916,8.8203,BTCUSDT,30m
2021Q4,W,2,2.0,2,0.0,25.0,1,1,1,3.217,20,0.6725,0.5443,BTCUSDT,30m
2022Q1,W,2,2.0,2,0.0,25.0,1,1,1,2.5597,27,0.3856,0.3182,BTCUSDT,30m
2022Q2,W,3,2.0,2,0.0,25.0,1,0,1,1.9192,3,0.0,0.0,BTCUSDT,30m
2022Q3,W,2,2.0,2,0.0,25.0,1,1,1,1.9179,9,1.3144,1.1176,BTCUSDT,30m
2022Q4,W,2,2.0,2,0.0,25.0,1,1,1,1.8736,5,2.0261,1.5352,BTCUSDT,30m
2023Q1,W,2,2.0,2,0.0,25.0,1,1,1,1.8647,23,0.222,0.1702,BTCUSDT,30m
2023Q2,W,3,2.0,2,0.0,25.0,0,1,1,2.2128,1,0.0,0.0,BTCUSDT,30m
2023Q3,W,3,2.0,2,0.0,25.0,0,1,1,2.0853,1,0.0,0.0,BTCUSDT,30m
2023Q4,W,3,2.0,2,0.0,25.0,0,1,1,1.9808,1,0.0,0.0,BTCUSDT,30m
2024Q1,W,3,2.0,2,0.0,25.0,0,1,1,1.9078,1,0.0,0.0,BTCUSDT,30m
2024Q2,W,3,2.0,2,0.0,25.0,0,1,1,1.8271,1,0.0,0.0,BTCUSDT,30m
2025Q1,W,3,2.0,2,0.0,25.0,0,1,1,1.739,1,0.0,0.0,BTCUSDT,30m
2025Q2,W,3,2.0,2,0.0,25.0,0,1,1,1.7318,1,inf,inf,BTCUSDT,30m
2026Q1,W,3,2.0,2,0.0,25.0,0,1,1,1.8562,4,0.303,0.2077,BTCUSDT,30m
2026Q2,W,3,2.0,2,0.0,25.0,1,1,1,2.2222,1,0.0,0.0,BTCUSDT,30m
2026Q3,W,3,2.0,2,0.0,25.0,1,1,1,2.1152,1,0.0,0.0,BTCUSDT,30m
2021Q1,D,2,2.0,2,0.0,25.0,1,1,1,2.9169,43,1.1259,0.9785,BTCUSDT,1h
2021Q2,W,2,3.0,2,0.0,50.0,1,1,1,2.2667,15,1.136,1.038,BTCUSDT,1h
2021Q3,W,2,3.0,2,0.0,50.0,1,1,1,1.9459,13,0.759,0.6951,BTCUSDT,1h
2021Q4,D,2,3.0,2,0.0,50.0,0,1,1,2.2007,42,0.4065,0.3438,BTCUSDT,1h
2022Q1,D,2,3.0,2,0.0,50.0,0,1,1,1.6617,34,1.1989,1.0457,BTCUSDT,1h
2022Q2,D,2,3.0,2,0.0,50.0,0,1,1,1.5537,46,1.7544,1.5444,BTCUSDT,1h
2022Q3,D,2,3.0,2,0.0,50.0,0,1,1,1.5518,40,1.0763,0.9332,BTCUSDT,1h
2022Q4,D,2,3.0,2,0.0,50.0,0,1,1,1.4527,27,1.5588,1.3084,BTCUSDT,1h
2023Q1,roll96,2,1.0,2,0.0,25.0,0,1,1,1.4429,14,0.1045,0.0889,BTCUSDT,1h
2023Q2,D,2,3.0,2,0.0,50.0,0,1,1,1.4394,28,1.407,1.2188,BTCUSDT,1h
2023Q3,W,2,3.0,2,0.0,50.0,1,1,1,1.6631,4,0.0,0.0,BTCUSDT,1h
2023Q4,W,2,3.0,2,0.0,50.0,1,1,1,1.5835,8,0.0117,0.0083,BTCUSDT,1h
2024Q1,W,2,3.0,2,0.0,50.0,1,1,1,1.4442,5,0.5041,0.4447,BTCUSDT,1h
2024Q2,W,2,3.0,2,0.0,25.0,1,1,1,1.4473,5,4.5069,3.6379,BTCUSDT,1h
2024Q3,W,2,3.0,2,0.0,25.0,1,1,1,1.4992,12,0.2187,0.1851,BTCUSDT,1h
2024Q4,W,2,3.0,2,0.0,50.0,1,1,1,1.4584,8,0.6219,0.5445,BTCUSDT,1h
2025Q1,W,2,3.0,2,0.0,50.0,1,1,1,1.4179,6,1.1911,0.9389,BTCUSDT,1h
2025Q2,W,2,3.0,2,0.0,50.0,1,1,1,1.4063,9,0.3796,0.3078,BTCUSDT,1h
2025Q3,W,2,3.0,2,0.0,50.0,1,1,1,1.3593,7,1.8769,1.5354,BTCUSDT,1h
2025Q4,W,2,3.0,2,0.0,50.0,1,1,1,1.3654,8,0.7802,0.6825,BTCUSDT,1h
2026Q1,W,2,3.0,2,0.0,25.0,1,1,1,1.3453,11,1.0931,0.9334,BTCUSDT,1h
2026Q2,W,2,3.0,2,0.0,25.0,1,1,1,1.3234,11,2.0651,1.6765,BTCUSDT,1h
2026Q3,W,2,3.0,2,0.0,50.0,1,1,1,1.4224,4,0.9519,0.8172,BTCUSDT,1h
2021Q1,D,3,3.0,2,0.0,50.0,1,0,1,3.1699,15,8.1106,7.1924,BTCUSDT,4h
2021Q2,D,3,3.0,2,0.0,50.0,1,0,1,4.0748,12,1.5992,1.4084,BTCUSDT,4h
2021Q3,W,2,1.0,2,0.0,50.0,0,1,1,3.8471,7,3.135,2.8484,BTCUSDT,4h
2021Q4,W,2,2.0,2,0.0,100.0,0,1,1,4.1901,4,1.0634,0.981,BTCUSDT,4h
2022Q1,W,2,2.0,2,0.0,100.0,0,1,1,3.8777,6,1.8863,1.7212,BTCUSDT,4h
2022Q2,W,2,2.0,2,0.0,100.0,0,1,1,3.5864,6,0.0203,0.0168,BTCUSDT,4h
2022Q3,D,2,1.0,2,0.0,100.0,0,1,1,3.2992,2,0.0,0.0,BTCUSDT,4h
2022Q4,D,2,1.0,2,0.0,100.0,0,1,1,3.0387,1,inf,inf,BTCUSDT,4h
2023Q1,D,2,1.0,2,0.0,100.0,0,1,1,3.1225,1,0.0,0.0,BTCUSDT,4h
2023Q2,D,2,1.0,2,0.0,100.0,0,1,1,3.0093,1,0.0,0.0,BTCUSDT,4h
2024Q1,W,3,1.0,2,0.0,50.0,1,0,1,3.0693,2,4.6135,3.9518,BTCUSDT,4h
2024Q2,W,3,2.0,2,0.0,100.0,1,0,1,4.8453,2,0.0,0.0,BTCUSDT,4h
2024Q3,W,3,2.0,2,0.0,100.0,1,0,1,4.3953,2,0.0,0.0,BTCUSDT,4h
2025Q2,W,3,2.0,2,0.0,100.0,1,0,1,4.045,3,5.7523,5.3751,BTCUSDT,4h
2026Q2,W,3,2.0,2,0.0,100.0,1,0,1,4.1431,1,0.0,0.0,BTCUSDT,4h
2021Q1,D,3,1.0,2,0.0,50.0,1,0,1,2.0403,6,0.5928,0.5038,ETHUSDT,15m
2021Q2,D,3,1.0,2,0.0,50.0,1,0,1,1.7873,4,0.0,0.0,ETHUSDT,15m
2021Q3,D,3,1.0,2,0.0,50.0,1,0,1,1.5753,9,0.1825,0.1462,ETHUSDT,15m
2021Q4,D,3,1.0,2,0.0,50.0,1,0,1,1.2779,6,0.0,0.0,ETHUSDT,15m
2022Q1,D,1,3.0,2,0.0,25.0,0,1,1,1.4102,126,1.1626,0.9914,ETHUSDT,15m
2022Q2,roll96,2,1.0,2,0.0,100.0,0,1,1,1.6815,31,0.8049,0.7215,ETHUSDT,15m
2022Q3,W,2,3.0,2,0.0,50.0,1,1,1,2.1307,17,1.1591,1.0144,ETHUSDT,15m
2022Q4,W,2,2.0,2,0.0,25.0,1,1,1,2.7623,15,0.4193,0.3325,ETHUSDT,15m
2023Q1,D,3,2.0,2,0.0,25.0,1,1,1,2.2495,11,0.0699,0.0445,ETHUSDT,15m
2023Q2,W,2,2.0,2,0.0,25.0,1,1,1,1.8633,11,1.0606,0.8243,ETHUSDT,15m
2023Q3,W,2,2.0,2,0.0,25.0,1,1,1,1.7482,11,0.9554,0.7072,ETHUSDT,15m
2023Q4,D,3,2.0,2,0.0,25.0,1,1,1,1.7636,4,0.0,0.0,ETHUSDT,15m
2024Q1,D,3,3.0,2,0.0,50.0,1,1,1,1.6633,3,2.0713,1.7507,ETHUSDT,15m
2024Q2,D,3,3.0,2,0.0,50.0,1,1,1,1.668,1,inf,inf,ETHUSDT,15m
2024Q3,D,3,3.0,2,0.0,50.0,1,1,1,1.6854,8,0.3138,0.2453,ETHUSDT,15m
2024Q4,W,3,3.0,2,0.0,25.0,0,1,1,2.6278,1,0.0,0.0,ETHUSDT,15m
2025Q1,W,3,3.0,2,0.0,25.0,0,1,1,2.4721,5,0.0,0.0,ETHUSDT,15m
2025Q2,W,3,3.0,2,0.0,25.0,0,1,1,1.9752,2,0.0,0.0,ETHUSDT,15m
2025Q3,W,3,2.0,2,0.0,25.0,0,1,1,3.2315,1,0.0,0.0,ETHUSDT,15m
2025Q4,W,3,2.0,2,0.0,25.0,0,1,1,3.0925,2,0.0,0.0,ETHUSDT,15m
2026Q2,W,3,2.0,2,0.0,25.0,0,1,1,2.8025,1,0.0,0.0,ETHUSDT,15m
2026Q3,W,3,2.0,2,0.0,25.0,0,1,1,2.6324,1,0.0,0.0,ETHUSDT,15m
2021Q1,W,2,1.0,2,0.0,100.0,1,0,1,1.4286,29,0.4625,0.4234,ETHUSDT,30m
2021Q2,W,3,2.0,2,0.0,25.0,1,0,1,1.9303,6,0.3041,0.225,ETHUSDT,30m
2021Q3,W,3,2.0,2,0.0,25.0,1,0,1,1.6024,3,0.9869,0.7577,ETHUSDT,30m
2021Q4,W,3,2.0,2,0.0,25.0,1,0,1,1.57,5,0.0,0.0,ETHUSDT,30m
2022Q1,D,1,3.0,1,2.0,50.0,1,1,1,1.7344,90,1.0523,0.9193,ETHUSDT,30m
2022Q2,D,2,2.0,2,0.0,25.0,1,1,1,2.2198,70,1.8249,1.5111,ETHUSDT,30m
2022Q3,D,3,2.0,2,0.0,25.0,1,1,1,2.4073,15,0.3759,0.293,ETHUSDT,30m
2022Q4,D,2,1.0,2,0.0,100.0,1,1,1,1.877,1,0.0,0.0,ETHUSDT,30m
2023Q1,D,2,1.0,2,0.0,100.0,1,1,1,1.8243,8,2.5235,2.2501,ETHUSDT,30m
2023Q4,D,2,1.0,2,0.0,100.0,1,1,1,1.8766,2,0.0,0.0,ETHUSDT,30m
2024Q1,D,2,1.0,2,0.0,100.0,1,1,1,1.7918,2,0.0,0.0,ETHUSDT,30m
2024Q3,D,2,1.0,2,0.0,100.0,1,1,1,1.7102,2,0.0,0.0,ETHUSDT,30m
2024Q4,D,2,1.0,2,0.0,100.0,1,1,1,1.6369,4,1.6144,1.447,ETHUSDT,30m
2025Q1,D,2,1.0,2,0.0,100.0,1,1,1,1.6255,5,1.0117,0.8563,ETHUSDT,30m
2025Q2,D,2,1.0,2,0.0,100.0,1,1,1,1.5969,4,1.7175,1.5748,ETHUSDT,30m
2025Q3,D,2,1.0,2,0.0,100.0,1,1,1,1.5957,6,1.3224,1.1745,ETHUSDT,30m
2025Q4,D,2,1.0,2,0.0,100.0,1,1,1,1.5674,5,6.249,5.5929,ETHUSDT,30m
2026Q1,D,2,1.0,2,0.0,100.0,1,1,1,1.7011,5,0.0,0.0,ETHUSDT,30m
2026Q2,D,2,1.0,2,0.0,100.0,1,1,1,1.5722,3,inf,inf,ETHUSDT,30m
2026Q3,D,2,1.0,2,0.0,100.0,1,1,1,1.6885,2,1.1604,0.9952,ETHUSDT,30m
2021Q1,W,3,3.0,2,0.0,25.0,1,0,1,2.4471,4,0.0,0.0,ETHUSDT,1h
2021Q2,W,3,3.0,2,0.0,25.0,1,0,1,1.9854,4,0.0,0.0,ETHUSDT,1h
2021Q3,D,2,1.0,2,0.0,25.0,1,0,1,1.7749,65,1.1962,0.9893,ETHUSDT,1h
2021Q4,W,3,3.0,2,0.0,25.0,1,0,1,1.9512,9,0.0,0.0,ETHUSDT,1h
2022Q1,W,3,3.0,2,0.0,25.0,1,0,1,1.4378,6,0.4052,0.3439,ETHUSDT,1h
2022Q2,D,1,1.0,2,0.0,100.0,1,1,1,1.5228,34,0.518,0.4726,ETHUSDT,1h
2022Q3,D,3,3.0,2,0.0,25.0,1,1,1,2.0857,25,0.5466,0.4374,ETHUSDT,1h
2022Q4,roll96,1,3.0,1,2.0,25.0,1,1,1,1.8438,17,0.8179,0.7632,ETHUSDT,1h
2023Q1,roll96,2,3.0,1,2.0,25.0,0,1,1,1.6778,9,1.1788,1.0939,ETHUSDT,1h
2023Q2,W,3,1.0,2,0.0,50.0,1,0,1,1.626,4,5.3488,4.39,ETHUSDT,1h
2023Q3,W,3,1.0,2,0.0,50.0,1,0,1,1.733,2,0.0,0.0,ETHUSDT,1h
2023Q4,W,1,3.0,2,0.0,50.0,1,1,1,1.6817,26,0.3134,0.283,ETHUSDT,1h
2024Q1,D,1,1.0,2,0.0,100.0,1,1,1,1.4629,8,0.0,0.0,ETHUSDT,1h
2024Q2,W,3,1.0,2,0.0,25.0,1,0,1,1.4064,2,3.7275,2.6583,ETHUSDT,1h
2024Q3,W,3,1.0,2,0.0,50.0,1,0,1,1.4998,4,0.0,0.0,ETHUSDT,1h
2024Q4,W,3,1.0,2,0.0,50.0,1,0,1,1.3525,2,0.0,0.0,ETHUSDT,1h
2025Q1,D,1,1.0,2,0.0,100.0,1,1,1,1.3257,12,0.0,0.0,ETHUSDT,1h
2025Q2,W,3,1.0,2,0.0,50.0,1,0,1,1.2908,3,0.0,0.0,ETHUSDT,1h
2025Q3,roll96,1,2.0,2,0.0,100.0,0,1,1,1.2264,22,0.9996,0.9416,ETHUSDT,1h
2025Q4,roll96,2,2.0,2,0.0,25.0,0,1,1,1.312,7,1.527,1.4701,ETHUSDT,1h
2026Q1,D,3,2.0,2,0.0,50.0,1,1,1,1.4511,6,0.0,0.0,ETHUSDT,1h
2026Q2,D,3,2.0,2,0.0,50.0,1,1,1,1.3566,3,0.0,0.0,ETHUSDT,1h
2026Q3,D,3,2.0,2,0.0,50.0,1,1,1,1.3103,1,0.0,0.0,ETHUSDT,1h
2021Q1,W,2,3.0,2,0.0,100.0,0,0,1,3.3371,10,0.3662,0.3521,ETHUSDT,4h
2021Q2,W,2,2.0,2,0.0,25.0,0,0,1,2.856,13,0.9767,0.9349,ETHUSDT,4h
2021Q3,D,2,2.0,2,0.0,50.0,1,0,1,2.655,45,0.1796,0.1586,ETHUSDT,4h
2021Q4,W,2,2.0,2,0.0,25.0,0,0,1,2.3283,12,1.3477,1.2205,ETHUSDT,4h
2022Q1,W,3,3.0,2,0.0,100.0,0,0,1,2.2121,3,31.19,29.2327,ETHUSDT,4h
2022Q2,W,3,3.0,2,0.0,100.0,0,0,1,3.3421,5,0.0,0.0,ETHUSDT,4h
2022Q3,W,3,1.0,2,0.0,25.0,0,0,1,2.8142,6,0.0,0.0,ETHUSDT,4h
2022Q4,D,1,1.0,2,0.0,100.0,0,1,1,3.2579,4,0.5371,0.4865,ETHUSDT,4h
2023Q1,D,1,1.0,2,0.0,100.0,1,1,1,3.4534,2,10.889,9.7379,ETHUSDT,4h
2023Q2,D,1,1.0,2,0.0,100.0,1,1,1,3.6929,4,0.55,0.4782,ETHUSDT,4h
2023Q3,D,1,1.0,2,0.0,100.0,1,1,1,3.367,2,inf,inf,ETHUSDT,4h
2023Q4,D,1,1.0,2,0.0,100.0,1,1,1,3.6351,3,0.0,0.0,ETHUSDT,4h
2024Q1,D,1,1.0,2,0.0,100.0,1,1,1,3.3051,5,0.0,0.0,ETHUSDT,4h
2024Q2,D,1,1.0,2,0.0,100.0,1,1,1,2.8687,5,2.0516,1.8278,ETHUSDT,4h
2024Q3,D,1,1.0,2,0.0,100.0,1,1,1,2.7916,6,1.3392,1.1994,ETHUSDT,4h
2024Q4,D,1,1.0,2,0.0,100.0,1,1,1,2.6173,5,0.0,0.0,ETHUSDT,4h
2025Q1,D,1,1.0,2,0.0,100.0,1,1,1,2.3626,7,0.4269,0.3834,ETHUSDT,4h
2025Q2,D,1,1.0,2,0.0,100.0,1,1,1,2.1582,8,0.0,0.0,ETHUSDT,4h
2025Q3,D,1,1.0,2,0.0,100.0,1,1,1,1.8983,4,6.0622,5.5027,ETHUSDT,4h
2025Q4,D,1,1.0,2,0.0,100.0,1,1,1,2.0579,5,2.817,2.573,ETHUSDT,4h
2026Q1,D,1,1.0,2,0.0,100.0,1,1,1,2.0859,6,0.0,0.0,ETHUSDT,4h
2026Q2,D,2,1.0,2,0.0,100.0,1,1,1,1.9649,1,0.0,0.0,ETHUSDT,4h
2026Q3,D,2,1.0,2,0.0,100.0,1,1,1,1.9057,1,0.0,0.0,ETHUSDT,4h
2021Q3,W,3,2.0,2,0.0,50.0,0,0,1,2.9625,3,inf,inf,SOLUSDT,15m
2021Q4,W,3,2.0,2,0.0,50.0,0,0,1,3.1304,14,0.4475,0.3973,SOLUSDT,15m
2022Q1,W,3,2.0,2,0.0,50.0,0,0,1,2.3744,6,1.6457,1.5253,SOLUSDT,15m
2022Q2,W,3,2.0,2,0.0,50.0,0,0,1,2.3283,11,1.4952,1.3699,SOLUSDT,15m
2022Q3,D,3,3.0,2,0.0,50.0,0,1,1,2.9855,14,0.0312,0.0241,SOLUSDT,15m
2022Q4,D,3,3.0,2,0.0,50.0,1,1,1,2.8399,7,0.9965,0.8406,SOLUSDT,15m
2023Q1,D,3,3.0,2,0.0,50.0,1,1,1,2.4458,13,0.0,0.0,SOLUSDT,15m
2023Q2,W,3,2.0,2,0.0,50.0,0,0,1,1.7943,9,1.3099,1.1249,SOLUSDT,15m
2023Q3,W,3,3.0,2,0.0,25.0,1,1,1,2.0281,5,6.3982,4.972,SOLUSDT,15m
2023Q4,W,3,3.0,2,0.0,25.0,1,1,1,2.5173,3,0.0,0.0,SOLUSDT,15m
2024Q1,W,3,3.0,2,0.0,25.0,1,1,1,2.1463,2,11.0689,9.4726,SOLUSDT,15m
2024Q2,W,3,3.0,2,0.0,25.0,1,1,1,2.5177,4,0.0,0.0,SOLUSDT,15m
2024Q3,W,3,3.0,2,0.0,25.0,1,1,1,2.003,5,0.0,0.0,SOLUSDT,15m
2024Q4,D,3,2.0,1,2.0,100.0,0,1,1,1.7587,1,inf,inf,SOLUSDT,15m
2025Q1,D,3,2.0,1,2.0,100.0,0,1,1,1.8492,2,1.7939,1.6101,SOLUSDT,15m
2025Q2,D,3,2.0,1,2.0,100.0,0,1,1,1.8364,2,0.0,0.0,SOLUSDT,15m
2025Q3,D,3,2.0,2,0.0,100.0,1,1,1,1.8028,3,0.0,0.0,SOLUSDT,15m
2025Q4,D,3,2.0,2,0.0,100.0,1,1,1,1.5174,3,2.7865,2.4473,SOLUSDT,15m
2026Q1,D,3,2.0,2,0.0,100.0,1,1,1,1.5624,1,inf,inf,SOLUSDT,15m
2026Q2,D,3,2.0,2,0.0,100.0,1,1,1,1.5801,2,0.0,0.0,SOLUSDT,15m
2021Q3,D,3,3.0,2,0.0,25.0,1,0,1,2.097,27,1.7042,1.4396,SOLUSDT,30m
2021Q4,W,3,3.0,2,0.0,50.0,0,0,1,2.7355,13,0.0134,0.0116,SOLUSDT,30m
2022Q1,W,3,3.0,2,0.0,50.0,1,0,1,2.1416,4,1.5718,1.4947,SOLUSDT,30m
2022Q2,W,3,3.0,2,0.0,50.0,1,0,1,2.0721,8,0.2815,0.2566,SOLUSDT,30m
2022Q3,W,3,3.0,2,0.0,50.0,1,0,1,1.542,4,0.4429,0.4104,SOLUSDT,30m
2022Q4,W,3,3.0,2,0.0,50.0,1,0,1,1.4628,3,1.7273,1.5385,SOLUSDT,30m
2023Q1,W,2,1.0,2,0.0,50.0,0,1,1,1.5114,26,2.1723,1.9609,SOLUSDT,30m
2023Q2,W,2,1.0,2,0.0,50.0,0,1,1,1.6023,12,1.662,1.4607,SOLUSDT,30m
2023Q3,W,2,2.0,2,0.0,25.0,1,1,1,1.7986,15,0.0422,0.0354,SOLUSDT,30m
2023Q4,W,2,2.0,2,0.0,25.0,1,1,1,1.5521,17,1.0172,0.9241,SOLUSDT,30m
2024Q1,W,2,1.0,2,0.0,25.0,0,1,1,1.6648,18,1.7242,1.488,SOLUSDT,30m
2024Q2,W,2,1.0,2,0.0,25.0,0,1,1,1.6497,14,1.1517,0.9379,SOLUSDT,30m
2024Q3,W,2,1.0,2,0.0,25.0,0,1,1,1.6099,20,0.0,0.0,SOLUSDT,30m
2024Q4,W,2,1.0,2,0.0,50.0,0,1,1,1.485,12,0.0414,0.0312,SOLUSDT,30m
2025Q1,W,2,1.0,2,0.0,50.0,0,1,1,1.3809,12,1.3044,1.1896,SOLUSDT,30m
2025Q2,W,2,1.0,2,0.0,25.0,0,1,1,1.3925,19,1.5429,1.3215,SOLUSDT,30m
2025Q3,W,2,1.0,2,0.0,50.0,0,1,1,1.4034,10,0.077,0.0671,SOLUSDT,30m
2025Q4,W,2,1.0,2,0.0,50.0,0,1,1,1.3348,14,0.817,0.7024,SOLUSDT,30m
2026Q3,D,3,1.0,2,0.0,100.0,0,0,1,1.437,1,0.0,0.0,SOLUSDT,30m
2021Q3,D,3,3.0,2,0.0,50.0,1,0,1,1.6806,30,0.6493,0.5741,SOLUSDT,1h
2021Q4,D,3,1.0,2,0.0,100.0,0,0,1,1.6902,4,0.0,0.0,SOLUSDT,1h
2022Q1,D,3,1.0,2,0.0,100.0,0,0,1,1.4891,3,0.0,0.0,SOLUSDT,1h
2022Q2,D,1,1.0,2,0.0,50.0,1,1,1,1.3809,71,0.7953,0.7047,SOLUSDT,1h
2022Q3,W,3,1.0,2,0.0,25.0,1,0,1,1.8286,3,0.0,0.0,SOLUSDT,1h
2022Q4,W,3,1.0,2,0.0,25.0,1,0,1,1.6491,2,0.0,0.0,SOLUSDT,1h
2023Q1,W,3,1.0,2,0.0,25.0,1,0,1,1.5339,11,2.7949,2.3756,SOLUSDT,1h
2023Q2,D,3,1.0,2,0.0,50.0,0,1,1,2.872,2,4.5958,3.7817,SOLUSDT,1h
2023Q3,D,3,1.0,2,0.0,50.0,0,1,1,2.9037,4,0.0,0.0,SOLUSDT,1h
2023Q4,D,3,1.0,2,0.0,50.0,0,1,1,2.5638,6,0.0,0.0,SOLUSDT,1h
2024Q1,D,3,1.0,2,0.0,50.0,1,1,1,2.5781,2,0.0,0.0,SOLUSDT,1h
2024Q2,D,3,1.0,2,0.0,50.0,1,1,1,2.4044,2,0.0,0.0,SOLUSDT,1h
2024Q3,D,3,1.0,2,0.0,50.0,1,1,1,2.2657,2,0.0,0.0,SOLUSDT,1h
2024Q4,D,3,1.0,2,0.0,50.0,1,1,1,2.1344,4,0.0,0.0,SOLUSDT,1h
2025Q1,D,3,1.0,2,0.0,50.0,1,1,1,1.9044,4,0.0,0.0,SOLUSDT,1h
2025Q2,D,3,1.0,2,0.0,50.0,1,1,1,1.723,1,0.0,0.0,SOLUSDT,1h
2025Q3,D,3,1.0,2,0.0,50.0,1,1,1,1.6801,2,0.0,0.0,SOLUSDT,1h
2025Q4,D,3,1.0,2,0.0,50.0,1,1,1,1.6021,1,0.0,0.0,SOLUSDT,1h
2026Q1,D,3,1.0,2,0.0,50.0,1,1,1,1.567,2,0.0,0.0,SOLUSDT,1h
2026Q2,D,3,1.0,2,0.0,50.0,1,1,1,1.4996,1,0.0,0.0,SOLUSDT,1h
2021Q3,D,3,3.0,2,0.0,100.0,0,0,1,5.0441,24,0.8836,0.8271,SOLUSDT,4h
2021Q4,D,3,3.0,2,0.0,25.0,0,0,1,4.9744,27,1.3248,1.1405,SOLUSDT,4h
2022Q1,D,3,3.0,2,0.0,25.0,0,0,1,4.0748,25,3.6805,3.2302,SOLUSDT,4h
2022Q2,D,3,3.0,2,0.0,25.0,0,0,1,3.9302,33,0.0,0.0,SOLUSDT,4h
2022Q3,D,3,3.0,2,0.0,25.0,0,0,1,3.1251,22,1.0131,0.852,SOLUSDT,4h
2022Q4,D,3,3.0,2,0.0,25.0,0,0,1,2.8633,26,0.9968,0.866,SOLUSDT,4h
2023Q1,D,3,3.0,2,0.0,100.0,0,0,1,2.8619,19,1.7434,1.6116,SOLUSDT,4h
2023Q2,D,3,3.0,2,0.0,100.0,0,0,1,2.7019,11,0.3101,0.2804,SOLUSDT,4h
2023Q3,D,3,3.0,2,0.0,100.0,0,0,1,2.539,7,4.1287,3.8066,SOLUSDT,4h
2023Q4,W,1,3.0,2,0.0,25.0,0,1,1,2.9174,7,2.8969,2.8634,SOLUSDT,4h
2024Q1,W,1,3.0,2,0.0,25.0,0,1,1,2.9119,7,0.611,0.5994,SOLUSDT,4h
2024Q2,W,1,3.0,2,0.0,25.0,0,1,1,2.6906,8,1.8225,1.7842,SOLUSDT,4h
2024Q3,W,1,3.0,2,0.0,25.0,0,1,1,2.6324,12,0.6327,0.6024,SOLUSDT,4h
2024Q4,W,1,3.0,2,0.0,25.0,0,1,1,2.3073,11,0.2788,0.2615,SOLUSDT,4h
2025Q1,W,1,3.0,2,0.0,25.0,0,1,1,2.0507,7,0.4339,0.4247,SOLUSDT,4h
2025Q2,W,3,2.0,2,0.0,100.0,1,0,1,2.2116,5,0.0,0.0,SOLUSDT,4h
2025Q3,W,3,2.0,2,0.0,100.0,1,0,1,1.993,1,inf,inf,SOLUSDT,4h
2025Q4,W,3,2.0,2,0.0,100.0,1,0,1,2.092,2,0.0,0.0,SOLUSDT,4h
2026Q1,W,3,2.0,2,0.0,100.0,1,0,1,2.0125,3,0.0,0.0,SOLUSDT,4h
2026Q2,W,3,2.0,2,0.0,100.0,1,0,1,1.899,1,0.0,0.0,SOLUSDT,4h
2026Q3,W,1,3.0,2,0.0,25.0,0,1,1,1.9255,6,1.7551,1.5951,SOLUSDT,4h
