symbol,signal,look,win,q,band,hold,stop_k,contrarian,trades,tpd,avg_bps,win_rate,avg_hold_bars,pf_0x,pf_1x,maxdd_r_1x,total_r_1x,pf_2x,maxdd_r_2x,total_r_2x,pf_3x
BTCUSDT,crowd_z,0,864,0.02,8640,288,0.0,True,498,0.227,56.61,0.5542,288.0,1.6907,1.469,-51.33,231.0,1.2781,-58.42,148.1,1.1135
BTCUSDT,crowd_z,0,864,0.02,8640,288,1.0,True,702,0.321,37.05,0.3348,157.5,1.6458,1.3063,-38.29,164.0,1.064,-97.68,40.0,0.8829
BTCUSDT,crowd_z,0,864,0.02,8640,288,1.5,True,603,0.275,39.6,0.4146,198.6,1.5533,1.2875,-46.48,154.3,1.0813,-84.1,49.2,0.9173
BTCUSDT,crowd_z,0,864,0.02,8640,288,2.0,True,564,0.258,49.09,0.4645,226.7,1.6394,1.3837,-39.78,200.1,1.1778,-76.61,103.1,1.0095
BTCUSDT,crowd_z,0,864,0.02,8640,288,3.0,True,528,0.241,51.5,0.517,255.6,1.6667,1.4338,-42.64,224.2,1.2385,-68.35,134.6,1.0734
BTCUSDT,crowd_z,0,864,0.02,8640,576,0.0,True,419,0.191,55.23,0.5179,576.0,1.2883,1.1646,-93.74,98.8,1.0538,-105.08,34.2,0.9545
BTCUSDT,crowd_z,0,864,0.02,8640,576,1.0,True,649,0.296,31.47,0.2681,262.9,1.4401,1.1762,-39.37,96.5,0.9823,-63.87,-11.2,0.8341
BTCUSDT,crowd_z,0,864,0.02,8640,576,1.5,True,562,0.257,41.29,0.3488,346.1,1.3744,1.1721,-51.07,99.4,1.0113,-66.09,7.3,0.8806
BTCUSDT,crowd_z,0,864,0.02,8640,576,2.0,True,521,0.238,47.76,0.4127,402.0,1.3202,1.1479,-58.32,85.9,1.0047,-83.94,3.0,0.8842
BTCUSDT,crowd_z,0,864,0.02,8640,576,3.0,True,472,0.216,54.63,0.4831,474.6,1.479,1.3166,-34.97,181.3,1.1753,-41.97,107.6,1.0517
BTCUSDT,crowd_z,0,864,0.02,8640,864,0.0,True,373,0.17,72.32,0.5282,864.0,1.4296,1.3235,-66.59,183.9,1.2258,-76.02,134.0,1.1358
BTCUSDT,crowd_z,0,864,0.02,8640,864,1.0,True,604,0.276,46.93,0.2533,368.5,1.659,1.4034,-37.83,205.9,1.2074,-48.33,119.9,1.0526
BTCUSDT,crowd_z,0,864,0.02,8640,864,1.5,True,510,0.233,60.09,0.3451,497.6,1.5633,1.3738,-42.53,194.5,1.217,-55.96,123.7,1.0854
BTCUSDT,crowd_z,0,864,0.02,8640,864,2.0,True,468,0.214,56.64,0.3974,574.8,1.5344,1.3791,-44.66,209.5,1.245,-52.74,145.6,1.1283
BTCUSDT,crowd_z,0,864,0.02,8640,864,3.0,True,428,0.195,64.62,0.4556,680.0,1.5474,1.4166,-47.77,243.0,1.2997,-54.75,184.9,1.1947
BTCUSDT,crowd_z,0,864,0.05,8640,288,0.0,True,748,0.342,41.38,0.5321,288.0,1.3971,1.2231,-93.82,183.7,1.0718,-143.46,63.6,0.9407
BTCUSDT,crowd_z,0,864,0.05,8640,288,1.0,True,1143,0.522,32.58,0.3281,158.0,1.5138,1.1965,-66.51,170.7,0.9706,-191.79,-29.9,0.8025
BTCUSDT,crowd_z,0,864,0.05,8640,288,1.5,True,959,0.438,40.56,0.4088,199.1,1.5108,1.2498,-66.62,209.6,1.0477,-150.37,45.2,0.8876
BTCUSDT,crowd_z,0,864,0.05,8640,288,2.0,True,890,0.406,41.64,0.4573,223.9,1.4845,1.2539,-66.67,214.0,1.0675,-138.01,63.2,0.915
BTCUSDT,crowd_z,0,864,0.05,8640,288,3.0,True,825,0.377,44.24,0.5006,252.5,1.4767,1.2692,-71.02,225.4,1.0953,-135.6,87.3,0.9491
BTCUSDT,crowd_z,0,864,0.05,8640,576,0.0,True,556,0.254,47.88,0.5018,576.0,1.2343,1.1192,-86.88,96.6,1.016,-112.14,13.7,0.9231
BTCUSDT,crowd_z,0,864,0.05,8640,576,1.0,True,1004,0.458,33.37,0.2639,259.3,1.3837,1.129,-77.1,109.8,0.9422,-188.13,-56.8,0.7995
BTCUSDT,crowd_z,0,864,0.05,8640,576,1.5,True,830,0.379,37.82,0.3506,341.1,1.3634,1.1659,-51.19,139.7,1.0076,-114.9,7.1,0.8782
BTCUSDT,crowd_z,0,864,0.05,8640,576,2.0,True,743,0.339,48.99,0.4065,399.0,1.3576,1.1861,-55.11,155.9,1.0428,-132.11,39.2,0.9217
BTCUSDT,crowd_z,0,864,0.05,8640,576,3.0,True,679,0.31,50.44,0.4683,468.4,1.3475,1.2001,-55.3,170.9,1.072,-105.65,66.0,0.9601
BTCUSDT,crowd_z,0,864,0.05,8640,864,0.0,True,467,0.213,43.09,0.4732,864.0,1.1959,1.1055,-121.3,82.2,1.0228,-162.83,18.5,0.9468
BTCUSDT,crowd_z,0,864,0.05,8640,864,1.0,True,898,0.41,24.67,0.2216,345.2,1.4149,1.1907,-66.52,151.4,1.02,-134.3,18.0,0.8857
BTCUSDT,crowd_z,0,864,0.05,8640,864,1.5,True,728,0.332,29.16,0.3022,472.3,1.3937,1.2249,-37.79,179.7,1.0854,-82.78,74.8,0.9684
BTCUSDT,crowd_z,0,864,0.05,8640,864,2.0,True,645,0.295,46.3,0.3674,566.5,1.4656,1.3134,-50.15,249.5,1.183,-64.88,157.0,1.07
BTCUSDT,crowd_z,0,864,0.05,8640,864,3.0,True,578,0.264,43.64,0.417,671.5,1.2852,1.1723,-84.54,143.7,1.0719,-116.69,63.5,0.9822
BTCUSDT,crowd_z,0,864,0.1,8640,288,0.0,True,1056,0.482,37.46,0.5303,288.0,1.3889,1.2095,-65.59,235.7,1.0542,-119.09,65.5,0.9195
BTCUSDT,crowd_z,0,864,0.1,8640,288,1.0,True,1679,0.767,30.04,0.3341,155.6,1.4566,1.1384,-110.41,176.7,0.9143,-311.98,-128.7,0.749
BTCUSDT,crowd_z,0,864,0.1,8640,288,1.5,True,1402,0.64,34.17,0.4123,196.3,1.4256,1.1685,-92.19,209.5,0.9712,-241.19,-40.6,0.8158
BTCUSDT,crowd_z,0,864,0.1,8640,288,2.0,True,1264,0.577,41.38,0.4684,225.8,1.5025,1.2571,-75.26,298.8,1.0606,-166.75,78.4,0.9008
BTCUSDT,crowd_z,0,864,0.1,8640,288,3.0,True,1164,0.532,37.05,0.5009,252.2,1.4249,1.2178,-61.34,258.3,1.045,-156.31,58.4,0.8999
BTCUSDT,crowd_z,0,864,0.1,8640,576,0.0,True,700,0.32,37.94,0.5129,576.0,1.308,1.1847,-86.1,177.4,1.0742,-104.43,75.3,0.9749
BTCUSDT,crowd_z,0,864,0.1,8640,576,1.0,True,1342,0.613,25.53,0.263,257.2,1.339,1.0916,-95.41,104.5,0.9099,-239.56,-118.6,0.7712
BTCUSDT,crowd_z,0,864,0.1,8640,576,1.5,True,1085,0.495,26.28,0.3502,337.4,1.3235,1.1308,-53.6,146.5,0.9763,-147.68,-29.5,0.8501
BTCUSDT,crowd_z,0,864,0.1,8640,576,2.0,True,941,0.43,32.6,0.4198,403.8,1.4117,1.2317,-47.04,242.5,1.0813,-92.16,92.9,0.9542
BTCUSDT,crowd_z,0,864,0.1,8640,576,3.0,True,830,0.379,44.24,0.4855,482.7,1.4912,1.3255,-57.87,316.9,1.1818,-73.44,190.1,1.0565
BTCUSDT,crowd_z,0,864,0.1,8640,864,0.0,True,540,0.247,60.46,0.487,864.0,1.4,1.2898,-140.96,239.4,1.1894,-171.1,164.3,1.0981
BTCUSDT,crowd_z,0,864,0.1,8640,864,1.0,True,1189,0.543,28.97,0.2195,344.9,1.4384,1.1985,-86.31,211.9,1.0192,-177.14,23.5,0.8803
BTCUSDT,crowd_z,0,864,0.1,8640,864,1.5,True,932,0.426,42.61,0.3112,463.6,1.49,1.3006,-52.18,306.5,1.1463,-98.68,164.5,1.0182
BTCUSDT,crowd_z,0,864,0.1,8640,864,2.0,True,804,0.367,49.66,0.3619,557.6,1.4785,1.3198,-53.18,317.3,1.185,-70.48,198.8,1.0693
BTCUSDT,crowd_z,0,864,0.1,8640,864,3.0,True,684,0.312,51.68,0.4313,685.2,1.4545,1.3252,-64.25,306.0,1.2106,-80.13,210.6,1.1087
BTCUSDT,crowd_z,0,288,0.02,8640,288,0.0,True,986,0.45,35.48,0.5375,288.0,1.3369,1.1548,-185.93,171.0,0.9978,-244.08,-2.7,0.8627
BTCUSDT,crowd_z,0,288,0.02,8640,288,1.0,True,1379,0.63,29.75,0.3408,155.4,1.5206,1.184,-55.67,194.1,0.948,-182.55,-64.6,0.7743
BTCUSDT,crowd_z,0,288,0.02,8640,288,1.5,True,1220,0.557,31.87,0.4139,195.0,1.4335,1.1687,-72.18,184.0,0.9667,-179.01,-41.3,0.8088
BTCUSDT,crowd_z,0,288,0.02,8640,288,2.0,True,1133,0.517,36.36,0.4643,224.8,1.4916,1.2437,-69.54,261.8,1.0461,-127.71,55.3,0.8862
BTCUSDT,crowd_z,0,288,0.02,8640,288,3.0,True,1072,0.489,36.0,0.5084,250.4,1.432,1.2173,-81.44,240.3,1.0387,-135.97,47.0,0.8894
BTCUSDT,crowd_z,0,288,0.02,8640,576,0.0,True,661,0.302,71.23,0.5703,576.0,1.5961,1.4462,-66.7,392.7,1.3101,-90.7,288.3,1.1874
BTCUSDT,crowd_z,0,288,0.02,8640,576,1.0,True,1123,0.513,26.63,0.2671,254.8,1.4688,1.1966,-68.93,188.0,0.9968,-112.44,-3.6,0.8441
BTCUSDT,crowd_z,0,288,0.02,8640,576,1.5,True,941,0.43,41.72,0.3698,338.5,1.5565,1.329,-46.66,314.1,1.1468,-76.06,156.0,0.9982
BTCUSDT,crowd_z,0,288,0.02,8640,576,2.0,True,861,0.393,55.44,0.4413,397.8,1.5911,1.3865,-44.58,366.1,1.2155,-86.46,223.0,1.0711
BTCUSDT,crowd_z,0,288,0.02,8640,576,3.0,True,783,0.358,65.31,0.507,465.9,1.5957,1.4191,-52.07,398.7,1.2653,-82.37,271.0,1.1311
BTCUSDT,crowd_z,0,288,0.02,8640,864,0.0,True,515,0.235,59.1,0.5146,864.0,1.342,1.2316,-106.04,202.3,1.131,-125.07,120.2,1.0396
BTCUSDT,crowd_z,0,288,0.02,8640,864,1.0,True,989,0.452,27.93,0.2174,334.1,1.4716,1.2087,-71.96,189.4,1.0166,-136.65,17.4,0.8702
BTCUSDT,crowd_z,0,288,0.02,8640,864,1.5,True,819,0.374,41.73,0.3016,448.0,1.4494,1.2513,-56.9,231.3,1.0927,-94.69,94.8,0.9629
BTCUSDT,crowd_z,0,288,0.02,8640,864,2.0,True,735,0.336,41.01,0.3469,532.5,1.3981,1.2369,-53.43,226.0,1.1019,-79.28,105.8,0.9873
BTCUSDT,crowd_z,0,288,0.02,8640,864,3.0,True,642,0.293,50.36,0.419,648.2,1.4155,1.2801,-68.43,265.8,1.1613,-84.05,163.4,1.0566
BTCUSDT,crowd_z,0,288,0.05,8640,288,0.0,True,1327,0.606,37.66,0.5365,288.0,1.4874,1.2794,-91.67,371.9,1.102,-118.49,147.3,0.9506
BTCUSDT,crowd_z,0,288,0.05,8640,288,1.0,True,2088,0.953,21.9,0.329,156.6,1.4178,1.0988,-75.57,159.8,0.8767,-351.45,-235.8,0.7145
BTCUSDT,crowd_z,0,288,0.05,8640,288,1.5,True,1770,0.808,25.45,0.4085,196.1,1.4125,1.1493,-73.17,234.0,0.9487,-210.13,-91.5,0.792
BTCUSDT,crowd_z,0,288,0.05,8640,288,2.0,True,1607,0.734,33.65,0.4624,225.9,1.51,1.2546,-47.01,376.5,1.0519,-101.45,85.9,0.8886
BTCUSDT,crowd_z,0,288,0.05,8640,288,3.0,True,1504,0.687,35.65,0.5066,251.5,1.4673,1.2437,-60.58,363.3,1.0591,-120.2,96.9,0.9056
BTCUSDT,crowd_z,0,288,0.05,8640,576,0.0,True,811,0.37,63.93,0.5425,576.0,1.3963,1.2641,-65.2,308.9,1.1452,-100.66,179.2,1.038
BTCUSDT,crowd_z,0,288,0.05,8640,576,1.0,True,1573,0.718,19.37,0.2537,254.2,1.3896,1.1269,-103.49,171.7,0.9355,-205.93,-101.0,0.7902
BTCUSDT,crowd_z,0,288,0.05,8640,576,1.5,True,1289,0.589,25.17,0.3328,332.8,1.2642,1.0714,-119.27,97.6,0.9189,-258.78,-124.0,0.7955
BTCUSDT,crowd_z,0,288,0.05,8640,576,2.0,True,1134,0.518,39.13,0.4065,392.6,1.3824,1.1988,-93.49,256.0,1.0471,-131.42,66.4,0.9198
BTCUSDT,crowd_z,0,288,0.05,8640,576,3.0,True,998,0.456,55.04,0.482,459.4,1.432,1.2707,-60.96,341.2,1.1313,-75.97,177.9,1.01
BTCUSDT,crowd_z,0,288,0.05,8640,864,0.0,True,590,0.269,56.18,0.4847,864.0,1.3067,1.2002,-119.44,214.7,1.1036,-158.17,116.5,1.0156
BTCUSDT,crowd_z,0,288,0.05,8640,864,1.0,True,1361,0.621,11.98,0.2013,314.1,1.3502,1.1071,-75.54,136.5,0.9298,-177.41,-103.4,0.7949
BTCUSDT,crowd_z,0,288,0.05,8640,864,1.5,True,1065,0.486,17.14,0.2836,434.8,1.3184,1.1364,-48.61,168.0,0.9907,-118.11,-12.8,0.8716
BTCUSDT,crowd_z,0,288,0.05,8640,864,2.0,True,930,0.425,15.02,0.329,513.0,1.3007,1.1484,-72.98,186.4,1.0211,-120.89,28.9,0.9133
BTCUSDT,crowd_z,0,288,0.05,8640,864,3.0,True,782,0.357,34.16,0.3977,635.6,1.3054,1.1771,-73.04,213.1,1.0653,-115.34,84.0,0.9671
BTCUSDT,crowd_z,0,288,0.1,8640,288,0.0,True,1594,0.728,32.47,0.5364,288.0,1.4032,1.2035,-79.31,330.3,1.0334,-155.4,58.9,0.8887
BTCUSDT,crowd_z,0,288,0.1,8640,288,1.0,True,2680,1.224,18.09,0.316,154.1,1.3512,1.0418,-150.86,88.7,0.8282,-518.29,-432.0,0.6729
BTCUSDT,crowd_z,0,288,0.1,8640,288,1.5,True,2259,1.032,18.21,0.3944,193.3,1.3129,1.0642,-74.83,132.7,0.8758,-354.04,-293.0,0.7294
BTCUSDT,crowd_z,0,288,0.1,8640,288,2.0,True,2016,0.921,25.25,0.4524,222.2,1.3891,1.1518,-79.09,293.5,0.9636,-282.25,-78.7,0.8123
BTCUSDT,crowd_z,0,288,0.1,8640,288,3.0,True,1818,0.83,28.37,0.4967,251.5,1.3714,1.1589,-73.11,293.5,0.9839,-240.15,-32.8,0.8386
BTCUSDT,crowd_z,0,288,0.1,8640,576,0.0,True,906,0.414,58.02,0.5276,576.0,1.2786,1.1533,-112.39,211.1,1.0411,-171.42,59.8,0.9406
BTCUSDT,crowd_z,0,288,0.1,8640,576,1.0,True,1881,0.859,20.12,0.2594,253.8,1.4031,1.1398,-99.5,225.9,0.9474,-260.46,-98.4,0.8009
BTCUSDT,crowd_z,0,288,0.1,8640,576,1.5,True,1499,0.684,27.12,0.3369,332.9,1.3265,1.1245,-98.8,196.2,0.9645,-203.44,-62.4,0.8352
BTCUSDT,crowd_z,0,288,0.1,8640,576,2.0,True,1304,0.595,36.91,0.3965,393.3,1.3474,1.1673,-82.78,251.5,1.0187,-156.87,30.9,0.8945
BTCUSDT,crowd_z,0,288,0.1,8640,576,3.0,True,1124,0.513,62.67,0.4822,463.5,1.4631,1.2945,-65.61,413.1,1.1495,-85.56,225.9,1.0238
BTCUSDT,crowd_z,0,288,0.1,8640,864,0.0,True,634,0.289,45.57,0.5237,864.0,1.2283,1.1264,-139.18,152.2,1.0331,-156.57,41.7,0.9478
BTCUSDT,crowd_z,0,288,0.1,8640,864,1.0,True,1533,0.7,20.95,0.2179,329.5,1.3638,1.1188,-72.48,166.4,0.9394,-186.0,-98.0,0.8025
BTCUSDT,crowd_z,0,288,0.1,8640,864,1.5,True,1204,0.55,14.79,0.289,436.1,1.2881,1.1119,-67.86,154.2,0.9701,-135.97,-45.6,0.8538
BTCUSDT,crowd_z,0,288,0.1,8640,864,2.0,True,1034,0.472,23.2,0.3366,519.6,1.2938,1.1456,-63.63,200.2,1.0208,-82.73,31.0,0.9145
BTCUSDT,crowd_z,0,288,0.1,8640,864,3.0,True,844,0.385,21.14,0.4064,642.8,1.2584,1.1367,-94.7,175.6,1.0299,-115.79,41.0,0.9358
BTCUSDT,dcrowd,48,288,0.02,8640,288,0.0,True,773,0.353,27.33,0.5201,288.0,1.2921,1.1281,-132.14,92.0,0.9862,-183.21,-10.7,0.8637
BTCUSDT,dcrowd,48,288,0.02,8640,288,1.0,True,1135,0.518,20.28,0.3374,166.2,1.3126,1.0785,-113.35,62.8,0.9001,-220.69,-90.8,0.7607
BTCUSDT,dcrowd,48,288,0.02,8640,288,1.5,True,996,0.455,27.41,0.4207,208.4,1.3224,1.1202,-111.54,96.7,0.9566,-191.76,-38.7,0.8227
BTCUSDT,dcrowd,48,288,0.02,8640,288,2.0,True,935,0.427,25.17,0.461,233.2,1.3033,1.1193,-107.81,96.4,0.9658,-188.16,-30.2,0.8372
BTCUSDT,dcrowd,48,288,0.02,8640,288,3.0,True,864,0.395,19.63,0.4919,256.0,1.2131,1.0599,-163.88,50.7,0.928,-231.1,-65.8,0.8143
BTCUSDT,dcrowd,48,288,0.02,8640,576,0.0,True,548,0.25,31.73,0.5292,576.0,1.3936,1.2663,-66.92,183.8,1.1509,-87.7,109.6,1.0465
BTCUSDT,dcrowd,48,288,0.02,8640,576,1.0,True,1006,0.459,19.22,0.2624,256.6,1.3451,1.1322,-76.71,109.2,0.9678,-138.43,-30.1,0.8371
BTCUSDT,dcrowd,48,288,0.02,8640,576,1.5,True,845,0.386,28.96,0.3574,344.8,1.3663,1.1889,-65.29,156.6,1.0426,-111.17,38.7,0.92
BTCUSDT,dcrowd,48,288,0.02,8640,576,2.0,True,771,0.352,22.69,0.4034,398.8,1.2899,1.1412,-61.65,120.7,1.0143,-131.19,13.2,0.9051
BTCUSDT,dcrowd,48,288,0.02,8640,576,3.0,True,675,0.308,33.07,0.4756,469.1,1.3152,1.1842,-100.73,152.1,1.068,-141.66,59.7,0.9649
BTCUSDT,dcrowd,48,288,0.02,8640,864,0.0,True,446,0.204,19.49,0.5,864.0,1.2863,1.1869,-64.91,126.3,1.0955,-82.65,67.4,1.0115
BTCUSDT,dcrowd,48,288,0.02,8640,864,1.0,True,931,0.425,21.55,0.246,345.8,1.4128,1.1968,-59.72,156.1,1.0295,-104.5,26.4,0.8965
BTCUSDT,dcrowd,48,288,0.02,8640,864,1.5,True,778,0.355,23.93,0.3123,458.4,1.3263,1.1671,-69.07,140.3,1.0348,-107.21,31.9,0.9232
BTCUSDT,dcrowd,48,288,0.02,8640,864,2.0,True,661,0.302,40.29,0.3933,556.8,1.4303,1.2808,-56.15,214.7,1.1517,-71.07,124.7,1.0394
BTCUSDT,dcrowd,48,288,0.02,8640,864,3.0,True,571,0.261,37.46,0.4571,654.2,1.3081,1.1926,-50.81,149.2,1.0891,-66.55,73.0,0.9963
BTCUSDT,dcrowd,48,288,0.05,8640,288,0.0,True,1191,0.544,38.05,0.5357,288.0,1.3549,1.1784,-133.78,207.0,1.0257,-180.36,32.1,0.8942
BTCUSDT,dcrowd,48,288,0.05,8640,288,1.0,True,1940,0.886,20.56,0.3366,156.9,1.3087,1.0528,-122.63,75.7,0.8643,-361.09,-224.6,0.7207
BTCUSDT,dcrowd,48,288,0.05,8640,288,1.5,True,1644,0.751,21.22,0.4106,197.4,1.2701,1.0627,-102.34,88.9,0.8978,-278.24,-161.9,0.7648
BTCUSDT,dcrowd,48,288,0.05,8640,288,2.0,True,1488,0.679,31.3,0.4556,224.2,1.3174,1.1202,-94.18,165.2,0.9585,-206.48,-62.9,0.8249
BTCUSDT,dcrowd,48,288,0.05,8640,288,3.0,True,1350,0.616,34.05,0.5007,254.1,1.3048,1.1254,-108.3,165.7,0.9734,-202.84,-38.2,0.8445
BTCUSDT,dcrowd,48,288,0.05,8640,576,0.0,True,741,0.338,38.73,0.5358,576.0,1.3272,1.2,-102.07,192.2,1.0851,-123.58,86.2,0.9814
BTCUSDT,dcrowd,48,288,0.05,8640,576,1.0,True,1608,0.734,2.35,0.2407,241.7,1.1727,0.969,-113.24,-43.1,0.8161,-337.47,-292.3,0.6974
BTCUSDT,dcrowd,48,288,0.05,8640,576,1.5,True,1221,0.558,19.05,0.3489,340.5,1.3031,1.1198,-83.99,146.9,0.9714,-146.54,-38.9,0.8491
BTCUSDT,dcrowd,48,288,0.05,8640,576,2.0,True,1071,0.489,25.35,0.4034,401.3,1.343,1.1776,-54.8,208.5,1.0381,-80.3,48.6,0.9195
BTCUSDT,dcrowd,48,288,0.05,8640,576,3.0,True,926,0.423,34.89,0.4806,467.5,1.4093,1.2606,-56.8,290.9,1.1298,-66.07,154.7,1.0146
BTCUSDT,dcrowd,48,288,0.05,8640,864,0.0,True,563,0.257,41.56,0.4991,864.0,1.2983,1.1989,-78.77,176.6,1.1077,-92.56,99.9,1.0239
BTCUSDT,dcrowd,48,288,0.05,8640,864,1.0,True,1345,0.614,17.83,0.2253,331.9,1.3525,1.1312,-56.9,156.9,0.9637,-138.97,-49.4,0.8328
BTCUSDT,dcrowd,48,288,0.05,8640,864,1.5,True,1015,0.463,22.29,0.3123,461.1,1.3658,1.1942,-51.3,214.0,1.0532,-134.26,64.4,0.9355
BTCUSDT,dcrowd,48,288,0.05,8640,864,2.0,True,863,0.394,46.78,0.3986,557.0,1.5121,1.3455,-47.23,349.6,1.2036,-65.36,222.8,1.0814
BTCUSDT,dcrowd,48,288,0.05,8640,864,3.0,True,728,0.332,37.28,0.4505,671.5,1.4102,1.2803,-46.76,269.5,1.1649,-61.33,168.3,1.0621
BTCUSDT,dcrowd,48,288,0.1,8640,288,0.0,True,1570,0.717,13.2,0.5229,288.0,1.1845,1.0251,-203.7,42.0,0.8874,-319.55,-202.5,0.7688
BTCUSDT,dcrowd,48,288,0.1,8640,288,1.0,True,2747,1.254,18.83,0.32,154.4,1.2876,1.017,-176.05,36.1,0.8233,-549.59,-438.3,0.6788
BTCUSDT,dcrowd,48,288,0.1,8640,288,1.5,True,2276,1.039,19.05,0.3985,194.2,1.2506,1.0301,-94.22,62.0,0.8591,-422.11,-327.8,0.7238
BTCUSDT,dcrowd,48,288,0.1,8640,288,2.0,True,2039,0.931,21.36,0.4414,220.0,1.2613,1.0591,-142.53,117.1,0.8962,-312.97,-228.4,0.7633
BTCUSDT,dcrowd,48,288,0.1,8640,288,3.0,True,1792,0.818,23.78,0.4911,252.2,1.2947,1.1049,-135.38,190.3,0.9467,-248.79,-105.8,0.8143
BTCUSDT,dcrowd,48,288,0.1,8640,576,0.0,True,904,0.413,31.35,0.4978,576.0,1.1583,1.0498,-97.77,67.5,0.952,-174.36,-68.5,0.8638
BTCUSDT,dcrowd,48,288,0.1,8640,576,1.0,True,2037,0.93,2.24,0.2332,239.1,1.1717,0.9593,-129.26,-72.9,0.8022,-444.16,-408.0,0.6814
BTCUSDT,dcrowd,48,288,0.1,8640,576,1.5,True,1554,0.71,9.73,0.3237,325.0,1.2375,1.0601,-92.24,99.2,0.9173,-232.77,-151.2,0.8002
BTCUSDT,dcrowd,48,288,0.1,8640,576,2.0,True,1309,0.598,25.05,0.3904,394.2,1.385,1.2143,-63.64,319.7,1.071,-84.63,115.3,0.9493
BTCUSDT,dcrowd,48,288,0.1,8640,576,3.0,True,1109,0.506,23.59,0.4545,464.9,1.3032,1.1633,-72.56,232.1,1.0412,-89.12,62.7,0.9343
BTCUSDT,dcrowd,48,288,0.1,8640,864,0.0,True,630,0.288,32.63,0.5032,864.0,1.2482,1.1491,-75.23,162.1,1.0585,-87.72,66.6,0.9757
BTCUSDT,dcrowd,48,288,0.1,8640,864,1.0,True,1603,0.732,15.12,0.2183,327.9,1.3686,1.1378,-63.43,199.7,0.965,-147.71,-58.1,0.8309
BTCUSDT,dcrowd,48,288,0.1,8640,864,1.5,True,1232,0.563,24.33,0.2987,438.7,1.3314,1.1581,-64.31,220.5,1.0173,-146.74,26.6,0.9009
BTCUSDT,dcrowd,48,288,0.1,8640,864,2.0,True,1029,0.47,34.78,0.3644,533.0,1.3694,1.2148,-45.49,278.4,1.0843,-66.15,118.5,0.9727
BTCUSDT,dcrowd,48,288,0.1,8640,864,3.0,True,834,0.381,33.18,0.4484,664.4,1.3291,1.2051,-61.75,240.0,1.0953,-93.33,118.4,0.9976
BTCUSDT,dcrowd,144,288,0.02,8640,288,0.0,True,469,0.214,32.79,0.5288,288.0,1.5649,1.3773,-37.93,128.2,1.2133,-50.89,77.7,1.0696
BTCUSDT,dcrowd,144,288,0.02,8640,288,1.0,True,646,0.295,29.09,0.3994,183.8,1.5661,1.3256,-39.06,129.8,1.1325,-70.31,58.7,0.9749
BTCUSDT,dcrowd,144,288,0.02,8640,288,1.5,True,559,0.255,39.14,0.4633,224.7,1.5678,1.3587,-44.97,139.3,1.1832,-75.57,77.5,1.0343
BTCUSDT,dcrowd,144,288,0.02,8640,288,2.0,True,525,0.24,45.51,0.5029,250.8,1.6889,1.4747,-29.49,170.7,1.2915,-56.34,113.5,1.1339
BTCUSDT,dcrowd,144,288,0.02,8640,288,3.0,True,494,0.226,36.38,0.5243,270.3,1.5736,1.3811,-47.56,137.7,1.2142,-72.19,83.2,1.0689
BTCUSDT,dcrowd,144,288,0.02,8640,576,0.0,True,371,0.169,71.37,0.5553,576.0,1.8313,1.6647,-46.23,234.6,1.514,-52.6,191.9,1.3784
BTCUSDT,dcrowd,144,288,0.02,8640,576,1.0,True,613,0.28,28.66,0.323,285.7,1.4427,1.2324,-43.98,106.0,1.0647,-83.05,32.9,0.9282
BTCUSDT,dcrowd,144,288,0.02,8640,576,1.5,True,515,0.235,49.34,0.4233,377.0,1.6227,1.4331,-43.46,191.5,1.2718,-56.19,130.3,1.1336
BTCUSDT,dcrowd,144,288,0.02,8640,576,2.0,True,462,0.211,56.75,0.4784,435.4,1.6564,1.4846,-48.57,207.4,1.3341,-56.74,153.0,1.2019
BTCUSDT,dcrowd,144,288,0.02,8640,576,3.0,True,426,0.195,56.97,0.5211,504.7,1.657,1.4994,-51.22,209.6,1.3586,-58.44,159.6,1.2325
BTCUSDT,dcrowd,144,288,0.02,8640,864,0.0,True,325,0.148,66.71,0.5138,864.0,1.5506,1.43,-42.81,171.9,1.3196,-47.27,133.6,1.2181
BTCUSDT,dcrowd,144,288,0.02,8640,864,1.0,True,578,0.264,36.06,0.2768,390.4,1.4559,1.2477,-48.55,114.5,1.0831,-91.55,42.9,0.9498
BTCUSDT,dcrowd,144,288,0.02,8640,864,1.5,True,491,0.224,36.76,0.3422,496.1,1.3901,1.2321,-57.07,113.4,1.0991,-86.55,52.6,0.9857
BTCUSDT,dcrowd,144,288,0.02,8640,864,2.0,True,437,0.2,57.33,0.4188,594.6,1.5542,1.4026,-35.86,186.2,1.2701,-45.69,133.6,1.1537
BTCUSDT,dcrowd,144,288,0.02,8640,864,3.0,True,389,0.178,54.24,0.4679,705.3,1.4402,1.3169,-45.25,148.6,1.2061,-57.86,102.0,1.1063
BTCUSDT,dcrowd,144,288,0.05,8640,288,0.0,True,829,0.379,12.27,0.5006,288.0,1.1732,1.0286,-157.76,21.3,0.9029,-205.56,-77.4,0.7937
BTCUSDT,dcrowd,144,288,0.05,8640,288,1.0,True,1224,0.559,21.3,0.3546,173.4,1.3603,1.13,-97.85,107.4,0.9511,-208.47,-45.5,0.809
BTCUSDT,dcrowd,144,288,0.05,8640,288,1.5,True,1054,0.481,14.95,0.4194,213.3,1.2545,1.0718,-112.53,59.5,0.9216,-188.26,-71.4,0.7969
BTCUSDT,dcrowd,144,288,0.05,8640,288,2.0,True,974,0.445,15.04,0.4559,237.2,1.266,1.096,-96.99,77.7,0.9524,-161.6,-41.9,0.8303
BTCUSDT,dcrowd,144,288,0.05,8640,288,3.0,True,902,0.412,11.15,0.4823,262.4,1.2055,1.0531,-133.72,43.0,0.922,-189.76,-68.0,0.8087
BTCUSDT,dcrowd,144,288,0.05,8640,576,0.0,True,575,0.263,26.43,0.4957,576.0,1.1701,1.0675,-129.17,51.3,0.9744,-182.37,-20.4,0.8899
BTCUSDT,dcrowd,144,288,0.05,8640,576,1.0,True,1072,0.489,29.49,0.2966,278.4,1.4126,1.1918,-71.05,160.4,1.0199,-117.31,18.7,0.8825
BTCUSDT,dcrowd,144,288,0.05,8640,576,1.5,True,878,0.401,36.56,0.3736,360.2,1.3962,1.2214,-71.99,181.3,1.0755,-125.01,67.6,0.9526
BTCUSDT,dcrowd,144,288,0.05,8640,576,2.0,True,781,0.357,38.99,0.4238,422.8,1.3899,1.2343,-56.96,185.4,1.1004,-89.82,85.6,0.9844
BTCUSDT,dcrowd,144,288,0.05,8640,576,3.0,True,687,0.314,51.06,0.4876,486.9,1.4031,1.2626,-64.94,199.3,1.1381,-82.74,111.3,1.0273
BTCUSDT,dcrowd,144,288,0.05,8640,864,0.0,True,457,0.209,30.6,0.4923,864.0,1.2199,1.132,-146.06,94.7,1.0507,-174.54,37.8,0.9753
BTCUSDT,dcrowd,144,288,0.05,8640,864,1.0,True,992,0.453,13.49,0.2369,348.7,1.2616,1.0746,-55.87,63.4,0.9281,-153.01,-68.5,0.8105
BTCUSDT,dcrowd,144,288,0.05,8640,864,1.5,True,775,0.354,30.19,0.3303,479.6,1.3748,1.2157,-49.22,172.1,1.0822,-70.99,71.4,0.9689
BTCUSDT,dcrowd,144,288,0.05,8640,864,2.0,True,674,0.308,41.45,0.3976,569.6,1.4702,1.3203,-40.0,247.3,1.1905,-54.52,157.9,1.0773
BTCUSDT,dcrowd,144,288,0.05,8640,864,3.0,True,582,0.266,36.47,0.4416,682.3,1.3261,1.2125,-47.29,163.9,1.1105,-72.29,90.0,1.0187
BTCUSDT,dcrowd,144,288,0.1,8640,288,0.0,True,1206,0.551,28.1,0.5282,288.0,1.2737,1.1137,-129.75,130.5,0.9746,-192.68,-31.4,0.8541
BTCUSDT,dcrowd,144,288,0.1,8640,288,1.0,True,1909,0.872,17.91,0.3373,165.3,1.3062,1.0614,-120.58,84.3,0.8781,-315.47,-191.8,0.7366
BTCUSDT,dcrowd,144,288,0.1,8640,288,1.5,True,1601,0.731,17.88,0.411,203.3,1.2558,1.0574,-157.78,78.2,0.8984,-287.6,-153.8,0.7693
BTCUSDT,dcrowd,144,288,0.1,8640,288,2.0,True,1449,0.662,24.91,0.4603,230.1,1.3059,1.117,-82.91,151.2,0.9607,-189.1,-55.7,0.8304
BTCUSDT,dcrowd,144,288,0.1,8640,288,3.0,True,1328,0.606,28.42,0.5105,259.0,1.325,1.1452,-115.23,177.0,0.9924,-194.12,-10.0,0.8625
BTCUSDT,dcrowd,144,288,0.1,8640,576,0.0,True,743,0.339,38.87,0.5209,576.0,1.2447,1.1265,-102.09,119.9,1.0201,-137.7,20.1,0.9245
BTCUSDT,dcrowd,144,288,0.1,8640,576,1.0,True,1537,0.702,18.37,0.2687,260.6,1.3203,1.0965,-53.19,122.0,0.9267,-183.09,-105.5,0.794
BTCUSDT,dcrowd,144,288,0.1,8640,576,1.5,True,1236,0.564,17.25,0.3503,337.1,1.2905,1.1169,-82.67,145.3,0.9747,-156.65,-34.6,0.8567
BTCUSDT,dcrowd,144,288,0.1,8640,576,2.0,True,1071,0.489,12.5,0.3987,397.3,1.2398,1.0924,-56.59,110.7,0.9671,-121.66,-42.7,0.8599
BTCUSDT,dcrowd,144,288,0.1,8640,576,3.0,True,915,0.418,27.29,0.4634,472.2,1.2789,1.1479,-47.6,165.8,1.0324,-58.25,38.8,0.9307
BTCUSDT,dcrowd,144,288,0.1,8640,864,0.0,True,554,0.253,47.08,0.5036,864.0,1.2215,1.1306,-122.17,117.9,1.0467,-153.5,43.9,0.9692
BTCUSDT,dcrowd,144,288,0.1,8640,864,1.0,True,1304,0.595,12.63,0.2316,341.9,1.3633,1.1492,-49.68,170.1,0.9849,-91.2,-19.5,0.8549
BTCUSDT,dcrowd,144,288,0.1,8640,864,1.5,True,1040,0.475,6.52,0.2942,449.8,1.2672,1.1135,-65.27,131.6,0.9863,-100.38,-17.4,0.8794
BTCUSDT,dcrowd,144,288,0.1,8640,864,2.0,True,849,0.388,27.84,0.3734,558.6,1.3926,1.2447,-74.82,250.0,1.1181,-88.11,130.1,1.0086
BTCUSDT,dcrowd,144,288,0.1,8640,864,3.0,True,736,0.336,8.18,0.4171,654.8,1.1574,1.0529,-92.09,55.8,0.9601,-113.85,-44.6,0.8773
ETHUSDT,crowd_z,0,864,0.02,8640,288,0.0,True,379,0.219,23.05,0.5145,288.0,1.1688,1.0304,-50.76,12.6,0.9092,-72.58,-40.1,0.8031
ETHUSDT,crowd_z,0,864,0.02,8640,288,1.0,True,524,0.302,29.47,0.3321,160.2,1.4236,1.1631,-42.24,62.5,0.9682,-62.1,-14.0,0.8172
ETHUSDT,crowd_z,0,864,0.02,8640,288,1.5,True,448,0.258,34.55,0.4196,202.5,1.4198,1.2033,-41.27,76.6,1.0291,-58.96,12.2,0.8866
ETHUSDT,crowd_z,0,864,0.02,8640,288,2.0,True,424,0.245,32.52,0.467,226.7,1.3997,1.2069,-32.34,79.6,1.0457,-46.66,19.2,0.91
ETHUSDT,crowd_z,0,864,0.02,8640,288,3.0,True,402,0.232,27.55,0.4975,253.9,1.2754,1.1143,-52.3,45.6,0.976,-73.4,-10.3,0.857
ETHUSDT,crowd_z,0,864,0.02,8640,576,0.0,True,329,0.19,34.69,0.5046,576.0,1.1619,1.0703,-93.2,34.8,0.9863,-109.28,-7.1,0.9091
ETHUSDT,crowd_z,0,864,0.02,8640,576,1.0,True,487,0.281,40.69,0.2752,267.4,1.5418,1.2982,-41.17,118.3,1.1113,-65.59,50.1,0.9638
ETHUSDT,crowd_z,0,864,0.02,8640,576,1.5,True,429,0.247,48.53,0.3566,344.1,1.4838,1.299,-53.49,126.9,1.1464,-75.3,68.2,1.0186
ETHUSDT,crowd_z,0,864,0.02,8640,576,2.0,True,402,0.232,42.3,0.4005,400.4,1.3627,1.2141,-56.52,95.7,1.0869,-76.06,41.9,0.9771
ETHUSDT,crowd_z,0,864,0.02,8640,576,3.0,True,381,0.22,32.42,0.4462,455.2,1.286,1.1682,-44.21,84.3,1.0635,-62.36,33.7,0.97
ETHUSDT,crowd_z,0,864,0.02,8640,864,0.0,True,292,0.168,33.0,0.4863,864.0,1.1453,1.0711,-97.21,36.0,1.0021,-115.11,1.1,0.9377
ETHUSDT,crowd_z,0,864,0.02,8640,864,1.0,True,475,0.274,21.88,0.2295,357.3,1.2749,1.0865,-45.85,35.4,0.9399,-78.42,-27.7,0.8228
ETHUSDT,crowd_z,0,864,0.02,8640,864,1.5,True,405,0.234,25.41,0.2914,466.5,1.2509,1.1099,-61.38,49.0,0.992,-76.23,-3.9,0.8921
ETHUSDT,crowd_z,0,864,0.02,8640,864,2.0,True,378,0.218,32.46,0.3571,545.5,1.2548,1.1334,-91.93,62.7,1.028,-113.7,14.1,0.9357
ETHUSDT,crowd_z,0,864,0.02,8640,864,3.0,True,350,0.202,26.39,0.4143,652.8,1.2765,1.1764,-52.92,90.7,1.0862,-73.11,46.6,1.0045
ETHUSDT,crowd_z,0,864,0.05,8640,288,0.0,True,588,0.339,25.52,0.5034,288.0,1.1515,1.0237,-71.45,16.5,0.9111,-95.99,-65.8,0.8117
ETHUSDT,crowd_z,0,864,0.05,8640,288,1.0,True,881,0.508,23.45,0.319,152.0,1.3324,1.0815,-66.54,54.3,0.8955,-108.33,-80.0,0.7528
ETHUSDT,crowd_z,0,864,0.05,8640,288,1.5,True,748,0.431,27.37,0.3957,194.5,1.3408,1.1345,-52.04,88.1,0.9691,-80.42,-22.5,0.8342
ETHUSDT,crowd_z,0,864,0.05,8640,288,2.0,True,684,0.394,31.97,0.443,224.9,1.3257,1.1425,-51.86,92.0,0.9903,-75.43,-6.9,0.8625
ETHUSDT,crowd_z,0,864,0.05,8640,288,3.0,True,640,0.369,24.11,0.4625,249.8,1.1989,1.0517,-77.61,36.1,0.9255,-99.59,-56.0,0.8168
ETHUSDT,crowd_z,0,864,0.05,8640,576,0.0,True,455,0.262,22.69,0.4857,576.0,1.1428,1.0532,-80.87,37.4,0.9713,-104.73,-21.0,0.8964
ETHUSDT,crowd_z,0,864,0.05,8640,576,1.0,True,805,0.464,24.52,0.2658,254.2,1.2651,1.0566,-81.04,38.0,0.8982,-123.62,-77.6,0.7738
ETHUSDT,crowd_z,0,864,0.05,8640,576,1.5,True,655,0.378,42.06,0.3573,342.8,1.3601,1.1863,-70.12,121.5,1.0433,-102.2,31.0,0.9239
ETHUSDT,crowd_z,0,864,0.05,8640,576,2.0,True,599,0.345,36.08,0.389,396.4,1.272,1.1304,-92.06,89.8,1.0099,-122.1,7.4,0.9064
ETHUSDT,crowd_z,0,864,0.05,8640,576,3.0,True,556,0.321,23.72,0.4281,456.6,1.183,1.0721,-85.54,53.8,0.9741,-116.58,-20.5,0.8871
ETHUSDT,crowd_z,0,864,0.05,8640,864,0.0,True,382,0.22,15.21,0.4764,864.0,1.0334,0.9633,-111.59,-24.2,0.8983,-134.18,-69.5,0.838
ETHUSDT,crowd_z,0,864,0.05,8640,864,1.0,True,730,0.421,9.73,0.2315,343.1,1.1865,1.0112,-74.43,7.1,0.8744,-115.0,-89.3,0.7646
ETHUSDT,crowd_z,0,864,0.05,8640,864,1.5,True,592,0.341,24.0,0.3108,468.2,1.2874,1.1409,-82.69,89.0,1.0184,-116.55,12.7,0.9145
ETHUSDT,crowd_z,0,864,0.05,8640,864,2.0,True,529,0.305,29.61,0.3629,553.5,1.3208,1.1958,-85.04,127.3,1.087,-109.8,60.5,0.9916
ETHUSDT,crowd_z,0,864,0.05,8640,864,3.0,True,471,0.272,17.74,0.4204,659.8,1.2055,1.1095,-104.79,74.0,1.0229,-128.5,16.3,0.9445
ETHUSDT,crowd_z,0,864,0.1,8640,288,0.0,True,816,0.471,32.47,0.5074,288.0,1.2163,1.0818,-81.73,76.5,0.9637,-126.31,-36.3,0.8599
ETHUSDT,crowd_z,0,864,0.1,8640,288,1.0,True,1296,0.747,18.24,0.3133,150.5,1.2691,1.0306,-94.65,30.4,0.8535,-181.64,-167.4,0.7175
ETHUSDT,crowd_z,0,864,0.1,8640,288,1.5,True,1069,0.616,20.65,0.391,193.9,1.2724,1.0774,-57.2,74.0,0.9207,-116.9,-84.2,0.7929
ETHUSDT,crowd_z,0,864,0.1,8640,288,2.0,True,976,0.563,25.91,0.4365,220.0,1.2487,1.076,-70.31,73.1,0.9329,-114.38,-70.7,0.8131
ETHUSDT,crowd_z,0,864,0.1,8640,288,3.0,True,898,0.518,27.12,0.4833,252.2,1.2394,1.0835,-92.17,79.0,0.9504,-134.3,-50.7,0.8364
ETHUSDT,crowd_z,0,864,0.1,8640,576,0.0,True,557,0.321,13.28,0.4991,576.0,1.1011,1.0168,-148.9,14.0,0.9392,-183.22,-53.1,0.8678
ETHUSDT,crowd_z,0,864,0.1,8640,576,1.0,True,1058,0.61,22.21,0.259,252.3,1.3097,1.1049,-103.99,92.7,0.9473,-174.69,-52.7,0.8223
ETHUSDT,crowd_z,0,864,0.1,8640,576,1.5,True,837,0.483,33.03,0.3596,337.8,1.3497,1.1837,-94.58,153.5,1.0457,-132.88,41.7,0.9294
ETHUSDT,crowd_z,0,864,0.1,8640,576,2.0,True,758,0.437,30.94,0.4103,393.2,1.2507,1.1152,-95.61,99.9,0.9988,-136.22,-1.1,0.898
ETHUSDT,crowd_z,0,864,0.1,8640,576,3.0,True,680,0.392,29.41,0.4632,466.6,1.2665,1.1519,-67.9,131.8,1.0497,-99.97,45.6,0.9581
ETHUSDT,crowd_z,0,864,0.1,8640,864,0.0,True,431,0.249,28.79,0.5128,864.0,1.2795,1.1911,-77.14,126.0,1.1088,-83.27,74.5,1.0323
ETHUSDT,crowd_z,0,864,0.1,8640,864,1.0,True,951,0.548,11.3,0.224,330.5,1.2476,1.0665,-100.54,55.3,0.9246,-158.42,-70.3,0.8106
ETHUSDT,crowd_z,0,864,0.1,8640,864,1.5,True,763,0.44,19.67,0.2949,439.5,1.3081,1.163,-98.96,138.8,1.0414,-143.02,38.4,0.938
ETHUSDT,crowd_z,0,864,0.1,8640,864,2.0,True,669,0.386,9.51,0.3393,532.7,1.1854,1.0745,-129.54,64.8,0.978,-166.32,-20.5,0.8933
ETHUSDT,crowd_z,0,864,0.1,8640,864,3.0,True,569,0.328,11.72,0.4218,658.5,1.1809,1.0875,-94.75,72.2,1.0031,-123.45,2.7,0.9267
ETHUSDT,crowd_z,0,288,0.02,8640,288,0.0,True,781,0.45,19.15,0.4866,288.0,1.1742,1.039,-74.6,36.1,0.9209,-155.21,-78.1,0.8176
ETHUSDT,crowd_z,0,288,0.02,8640,288,1.0,True,1085,0.626,18.55,0.2968,147.3,1.2418,0.9928,-128.57,-6.1,0.8134,-271.32,-186.0,0.6784
ETHUSDT,crowd_z,0,288,0.02,8640,288,1.5,True,954,0.55,24.31,0.3889,193.7,1.3095,1.095,-58.8,80.9,0.9268,-152.61,-70.0,0.792
ETHUSDT,crowd_z,0,288,0.02,8640,288,2.0,True,911,0.525,23.44,0.4259,217.4,1.3109,1.1207,-71.41,108.3,0.9653,-131.42,-34.3,0.8367
ETHUSDT,crowd_z,0,288,0.02,8640,288,3.0,True,851,0.491,15.53,0.4618,246.3,1.2172,1.0633,-66.28,60.6,0.9324,-143.93,-70.0,0.8205
ETHUSDT,crowd_z,0,288,0.02,8640,576,0.0,True,536,0.309,17.66,0.4963,576.0,1.1776,1.0859,-67.91,73.9,1.0017,-90.92,1.5,0.9242
ETHUSDT,crowd_z,0,288,0.02,8640,576,1.0,True,880,0.507,24.58,0.2591,248.9,1.5399,1.2976,-58.71,218.6,1.1118,-82.11,93.0,0.9649
ETHUSDT,crowd_z,0,288,0.02,8640,576,1.5,True,748,0.431,31.35,0.3543,330.3,1.48,1.2965,-52.68,223.1,1.1446,-81.96,119.1,1.017
ETHUSDT,crowd_z,0,288,0.02,8640,576,2.0,True,683,0.394,34.95,0.3968,392.0,1.4282,1.2723,-61.08,212.7,1.139,-76.57,117.2,1.0239
ETHUSDT,crowd_z,0,288,0.02,8640,576,3.0,True,620,0.358,32.95,0.4484,456.2,1.3913,1.2618,-59.82,210.4,1.147,-75.23,125.5,1.0448
ETHUSDT,crowd_z,0,288,0.02,8640,864,0.0,True,406,0.234,6.96,0.4803,864.0,1.0205,0.9539,-139.69,-39.7,0.8918,-190.16,-96.4,0.8339
ETHUSDT,crowd_z,0,288,0.02,8640,864,1.0,True,760,0.438,32.82,0.2145,329.7,1.5329,1.2924,-71.15,198.5,1.1099,-103.2,84.9,0.9668
ETHUSDT,crowd_z,0,288,0.02,8640,864,1.5,True,637,0.367,33.55,0.2826,442.9,1.4107,1.2409,-92.32,172.6,1.1015,-116.9,79.8,0.9849
ETHUSDT,crowd_z,0,288,0.02,8640,864,2.0,True,574,0.331,29.75,0.3362,518.2,1.3859,1.2457,-56.71,183.3,1.1254,-77.99,100.8,1.0212
ETHUSDT,crowd_z,0,288,0.02,8640,864,3.0,True,500,0.288,64.16,0.44,642.9,1.6009,1.4642,-55.41,334.0,1.3428,-72.1,261.6,1.2344
ETHUSDT,crowd_z,0,288,0.05,8640,288,0.0,True,1069,0.616,10.88,0.4911,288.0,1.1009,0.9721,-135.27,-34.6,0.8593,-269.3,-186.2,0.7608
ETHUSDT,crowd_z,0,288,0.05,8640,288,1.0,True,1623,0.936,14.95,0.3142,153.3,1.2523,1.0092,-125.85,11.6,0.8308,-319.23,-244.8,0.6949
ETHUSDT,crowd_z,0,288,0.05,8640,288,1.5,True,1392,0.803,19.52,0.3879,196.7,1.2793,1.0743,-105.64,92.7,0.9121,-221.96,-122.8,0.7814
ETHUSDT,crowd_z,0,288,0.05,8640,288,2.0,True,1301,0.75,19.83,0.4327,221.1,1.2824,1.0973,-93.01,121.7,0.945,-205.46,-75.6,0.8183
ETHUSDT,crowd_z,0,288,0.05,8640,288,3.0,True,1206,0.696,15.74,0.4635,250.6,1.1988,1.0427,-108.51,54.8,0.9103,-224.47,-124.7,0.7975
ETHUSDT,crowd_z,0,288,0.05,8640,576,0.0,True,652,0.376,10.1,0.5031,576.0,1.0521,0.9658,-158.44,-36.4,0.8868,-236.42,-125.9,0.8146
ETHUSDT,crowd_z,0,288,0.05,8640,576,1.0,True,1243,0.717,18.36,0.2558,245.1,1.3468,1.1298,-103.23,136.6,0.9642,-160.09,-42.7,0.8339
ETHUSDT,crowd_z,0,288,0.05,8640,576,1.5,True,1036,0.597,11.96,0.3272,316.0,1.2396,1.0832,-83.8,91.2,0.9542,-131.14,-55.1,0.8461
ETHUSDT,crowd_z,0,288,0.05,8640,576,2.0,True,916,0.528,12.04,0.3843,376.3,1.1821,1.0501,-91.51,55.0,0.9374,-167.8,-74.2,0.8405
ETHUSDT,crowd_z,0,288,0.05,8640,576,3.0,True,798,0.46,12.33,0.4298,451.5,1.1698,1.0587,-84.17,64.0,0.9604,-147.88,-45.8,0.8731
ETHUSDT,crowd_z,0,288,0.05,8640,864,0.0,True,473,0.273,0.12,0.4968,864.0,1.1579,1.082,-102.52,77.9,1.0111,-117.6,10.9,0.9449
ETHUSDT,crowd_z,0,288,0.05,8640,864,1.0,True,1069,0.616,10.92,0.2039,311.1,1.2809,1.0784,-102.62,76.0,0.9245,-181.71,-83.2,0.8035
ETHUSDT,crowd_z,0,288,0.05,8640,864,1.5,True,839,0.484,13.15,0.2789,422.4,1.2248,1.0747,-121.37,71.1,0.9515,-177.16,-50.7,0.8487
ETHUSDT,crowd_z,0,288,0.05,8640,864,2.0,True,718,0.414,18.54,0.3398,516.8,1.2303,1.1051,-119.11,97.3,0.9977,-156.61,-2.3,0.9045
ETHUSDT,crowd_z,0,288,0.05,8640,864,3.0,True,607,0.35,27.17,0.4333,641.7,1.35,1.2363,-57.37,205.2,1.1345,-68.66,123.4,1.043
ETHUSDT,crowd_z,0,288,0.1,8640,288,0.0,True,1262,0.728,14.74,0.4976,288.0,1.1619,1.0243,-94.88,34.3,0.9039,-220.65,-145.3,0.7987
ETHUSDT,crowd_z,0,288,0.1,8640,288,1.0,True,2096,1.209,9.61,0.3006,151.1,1.2158,0.9811,-112.32,-31.3,0.8088,-410.67,-364.8,0.6776
ETHUSDT,crowd_z,0,288,0.1,8640,288,1.5,True,1740,1.003,20.19,0.3891,195.9,1.3081,1.0995,-92.74,154.7,0.9343,-192.64,-114.2,0.8011
ETHUSDT,crowd_z,0,288,0.1,8640,288,2.0,True,1607,0.927,21.75,0.4319,220.5,1.2956,1.1119,-82.32,175.6,0.9604,-168.88,-68.2,0.8343
ETHUSDT,crowd_z,0,288,0.1,8640,288,3.0,True,1458,0.841,17.35,0.4636,249.1,1.2053,1.0496,-123.5,77.8,0.9174,-223.78,-140.3,0.8047
ETHUSDT,crowd_z,0,288,0.1,8640,576,0.0,True,718,0.414,12.74,0.4875,576.0,1.0841,0.995,-116.31,-5.9,0.9135,-182.96,-107.3,0.839
ETHUSDT,crowd_z,0,288,0.1,8640,576,1.0,True,1522,0.878,16.52,0.2451,240.5,1.2622,1.0553,-138.07,72.0,0.8982,-238.33,-150.7,0.775
ETHUSDT,crowd_z,0,288,0.1,8640,576,1.5,True,1226,0.707,25.49,0.3263,315.3,1.226,1.0666,-83.58,86.7,0.9362,-154.29,-91.6,0.8277
ETHUSDT,crowd_z,0,288,0.1,8640,576,2.0,True,1070,0.617,20.38,0.3832,372.5,1.1806,1.0458,-98.03,58.9,0.9313,-172.68,-95.6,0.8331
ETHUSDT,crowd_z,0,288,0.1,8640,576,3.0,True,901,0.52,15.93,0.4406,453.1,1.2337,1.1156,-59.13,138.3,1.011,-89.0,13.9,0.9179
ETHUSDT,crowd_z,0,288,0.1,8640,864,0.0,True,501,0.289,-8.62,0.501,864.0,1.0082,0.9422,-225.66,-62.7,0.8805,-258.2,-134.0,0.8229
ETHUSDT,crowd_z,0,288,0.1,8640,864,1.0,True,1227,0.708,11.97,0.2086,314.4,1.3067,1.0993,-85.97,110.4,0.9419,-178.26,-73.5,0.8183
ETHUSDT,crowd_z,0,288,0.1,8640,864,1.5,True,947,0.546,27.49,0.283,423.0,1.3234,1.1599,-83.15,172.3,1.026,-137.57,30.9,0.9146
ETHUSDT,crowd_z,0,288,0.1,8640,864,2.0,True,819,0.472,13.32,0.3321,499.7,1.1779,1.0558,-112.38,61.6,0.9514,-173.48,-57.8,0.8612
ETHUSDT,crowd_z,0,288,0.1,8640,864,3.0,True,661,0.381,31.14,0.4251,640.0,1.3165,1.2065,-56.73,199.7,1.1083,-62.41,110.7,1.0202
ETHUSDT,dcrowd,48,288,0.02,8640,288,0.0,True,581,0.335,30.11,0.5095,288.0,1.324,1.1746,-43.96,94.3,1.0433,-65.72,24.9,0.9276
ETHUSDT,dcrowd,48,288,0.02,8640,288,1.0,True,837,0.483,23.6,0.356,167.3,1.355,1.1325,-63.58,75.4,0.9587,-111.96,-26.4,0.8198
ETHUSDT,dcrowd,48,288,0.02,8640,288,1.5,True,738,0.426,24.17,0.4214,209.7,1.3185,1.1373,-53.92,80.2,0.9871,-98.73,-8.3,0.8613
ETHUSDT,dcrowd,48,288,0.02,8640,288,2.0,True,699,0.403,21.51,0.4478,233.5,1.2975,1.134,-52.43,80.8,0.9949,-96.65,-3.4,0.8756
ETHUSDT,dcrowd,48,288,0.02,8640,288,3.0,True,640,0.369,19.05,0.4844,260.9,1.2484,1.1041,-87.17,63.2,0.9783,-123.89,-14.1,0.8683
ETHUSDT,dcrowd,48,288,0.02,8640,576,0.0,True,415,0.239,83.61,0.559,576.0,1.4071,1.3,-76.09,160.0,1.2009,-79.08,111.7,1.1094
ETHUSDT,dcrowd,48,288,0.02,8640,576,1.0,True,746,0.43,45.12,0.2895,268.0,1.5425,1.3223,-62.78,189.0,1.148,-93.24,97.0,1.0068
ETHUSDT,dcrowd,48,288,0.02,8640,576,1.5,True,624,0.36,58.26,0.391,350.2,1.5934,1.4119,-66.65,240.8,1.2585,-96.04,164.2,1.1275
ETHUSDT,dcrowd,48,288,0.02,8640,576,2.0,True,566,0.326,61.22,0.447,409.3,1.5765,1.4212,-75.76,249.6,1.2854,-100.33,180.9,1.166
ETHUSDT,dcrowd,48,288,0.02,8640,576,3.0,True,504,0.291,51.65,0.4841,472.5,1.4214,1.2989,-86.9,179.9,1.1887,-105.73,119.9,1.0893
ETHUSDT,dcrowd,48,288,0.02,8640,864,0.0,True,337,0.194,56.2,0.5163,864.0,1.1315,1.0615,-80.34,37.5,0.9958,-83.15,-2.6,0.9342
ETHUSDT,dcrowd,48,288,0.02,8640,864,1.0,True,690,0.398,35.09,0.2348,348.2,1.4428,1.2433,-50.25,143.0,1.0856,-79.26,56.2,0.9579
ETHUSDT,dcrowd,48,288,0.02,8640,864,1.5,True,568,0.328,30.96,0.3028,452.4,1.406,1.2607,-42.87,161.1,1.1371,-59.48,91.6,1.0307
ETHUSDT,dcrowd,48,288,0.02,8640,864,2.0,True,503,0.29,37.04,0.3757,539.3,1.5153,1.3826,-45.21,233.7,1.2657,-66.4,172.8,1.1621
ETHUSDT,dcrowd,48,288,0.02,8640,864,3.0,True,432,0.249,41.26,0.4329,660.4,1.3674,1.261,-53.17,157.8,1.1652,-65.36,105.1,1.0784
ETHUSDT,dcrowd,48,288,0.05,8640,288,0.0,True,917,0.529,61.26,0.5289,288.0,1.6051,1.4167,-60.18,340.7,1.253,-91.81,222.7,1.1106
ETHUSDT,dcrowd,48,288,0.05,8640,288,1.0,True,1514,0.873,21.72,0.3289,157.5,1.3319,1.1006,-84.62,111.1,0.9244,-168.41,-94.9,0.7862
ETHUSDT,dcrowd,48,288,0.05,8640,288,1.5,True,1286,0.742,27.11,0.4028,197.5,1.3163,1.1266,-73.56,139.0,0.9721,-126.81,-33.8,0.8448
ETHUSDT,dcrowd,48,288,0.05,8640,288,2.0,True,1155,0.666,30.38,0.4545,223.4,1.3235,1.1512,-64.27,161.9,1.0061,-94.63,7.1,0.8831
ETHUSDT,dcrowd,48,288,0.05,8640,288,3.0,True,1037,0.598,38.91,0.4908,257.2,1.3905,1.2193,-89.21,215.4,1.0726,-115.22,77.0,0.9462
ETHUSDT,dcrowd,48,288,0.05,8640,576,0.0,True,577,0.333,86.77,0.5719,576.0,1.7177,1.579,-51.94,380.9,1.4516,-57.3,311.4,1.3346
ETHUSDT,dcrowd,48,288,0.05,8640,576,1.0,True,1224,0.706,23.5,0.2582,248.5,1.3667,1.1572,-101.98,159.6,0.995,-153.75,-5.7,0.866
ETHUSDT,dcrowd,48,288,0.05,8640,576,1.5,True,950,0.548,42.28,0.36,340.2,1.4743,1.2974,-60.03,276.6,1.1499,-89.16,152.4,1.0255
ETHUSDT,dcrowd,48,288,0.05,8640,576,2.0,True,829,0.478,47.86,0.4125,397.4,1.4291,1.281,-54.45,256.3,1.1529,-76.32,149.8,1.0413
ETHUSDT,dcrowd,48,288,0.05,8640,576,3.0,True,699,0.403,48.55,0.4893,476.6,1.4857,1.3517,-47.86,284.4,1.232,-67.6,198.6,1.1246
ETHUSDT,dcrowd,48,288,0.05,8640,864,0.0,True,433,0.25,75.66,0.5358,864.0,1.4671,1.3696,-67.92,234.4,1.2787,-72.75,183.3,1.1939
ETHUSDT,dcrowd,48,288,0.05,8640,864,1.0,True,1049,0.605,23.9,0.2164,326.5,1.3708,1.1684,-93.2,156.1,1.012,-148.36,12.5,0.8875
ETHUSDT,dcrowd,48,288,0.05,8640,864,1.5,True,816,0.471,20.77,0.2868,442.0,1.2763,1.1338,-86.09,122.3,1.0146,-121.8,14.6,0.9135
ETHUSDT,dcrowd,48,288,0.05,8640,864,2.0,True,676,0.39,27.86,0.3491,537.1,1.3457,1.22,-65.86,186.6,1.1108,-93.68,100.6,1.015
ETHUSDT,dcrowd,48,288,0.05,8640,864,3.0,True,568,0.328,42.49,0.4331,656.6,1.4049,1.2952,-61.67,232.3,1.1963,-83.83,162.7,1.1068
ETHUSDT,dcrowd,48,288,0.1,8640,288,0.0,True,1221,0.704,23.41,0.5086,288.0,1.2746,1.1229,-106.85,151.4,0.9909,-162.57,-12.0,0.8757
ETHUSDT,dcrowd,48,288,0.1,8640,288,1.0,True,2123,1.224,15.09,0.3104,154.5,1.2394,1.0109,-148.72,17.6,0.8403,-362.6,-296.5,0.7088
ETHUSDT,dcrowd,48,288,0.1,8640,288,1.5,True,1759,1.014,21.11,0.3815,192.4,1.2552,1.0629,-145.66,98.7,0.9093,-251.0,-158.6,0.7846
ETHUSDT,dcrowd,48,288,0.1,8640,288,2.0,True,1580,0.911,21.82,0.419,217.9,1.2173,1.0496,-125.64,77.3,0.9108,-279.57,-152.2,0.7946
ETHUSDT,dcrowd,48,288,0.1,8640,288,3.0,True,1395,0.804,24.6,0.4667,249.4,1.2005,1.0485,-171.4,71.5,0.9191,-288.54,-129.1,0.8083
ETHUSDT,dcrowd,48,288,0.1,8640,576,0.0,True,700,0.404,40.88,0.5314,576.0,1.3326,1.2214,-92.85,197.0,1.1196,-99.35,111.5,1.0267
ETHUSDT,dcrowd,48,288,0.1,8640,576,1.0,True,1576,0.909,10.25,0.2367,241.8,1.2032,1.0152,-152.8,20.4,0.8702,-253.72,-197.2,0.7551
ETHUSDT,dcrowd,48,288,0.1,8640,576,1.5,True,1209,0.697,25.94,0.3416,328.2,1.3116,1.1488,-125.96,181.6,1.0137,-181.49,18.3,0.9
ETHUSDT,dcrowd,48,288,0.1,8640,576,2.0,True,1064,0.614,16.74,0.3844,374.1,1.1956,1.0675,-133.37,85.1,0.9573,-191.05,-58.0,0.8617
ETHUSDT,dcrowd,48,288,0.1,8640,576,3.0,True,880,0.507,11.28,0.4466,459.6,1.1596,1.0526,-106.51,60.2,0.9571,-145.77,-51.9,0.8717
ETHUSDT,dcrowd,48,288,0.1,8640,864,0.0,True,493,0.284,19.92,0.503,864.0,1.0936,1.0225,-140.85,21.1,0.9561,-182.73,-42.6,0.8942
ETHUSDT,dcrowd,48,288,0.1,8640,864,1.0,True,1311,0.756,5.05,0.1937,311.3,1.2594,1.068,-110.04,81.4,0.9211,-225.84,-106.9,0.8047
ETHUSDT,dcrowd,48,288,0.1,8640,864,1.5,True,983,0.567,16.44,0.2869,427.8,1.2563,1.1099,-102.44,122.7,0.9883,-156.8,-14.3,0.8859
ETHUSDT,dcrowd,48,288,0.1,8640,864,2.0,True,815,0.47,1.58,0.3387,516.5,1.1836,1.0691,-105.78,73.9,0.9698,-133.36,-34.6,0.8828
ETHUSDT,dcrowd,48,288,0.1,8640,864,3.0,True,654,0.377,37.51,0.4434,660.7,1.3765,1.2653,-77.42,244.2,1.1653,-90.62,160.3,1.0749
ETHUSDT,dcrowd,144,288,0.02,8640,288,0.0,True,352,0.203,17.23,0.5142,288.0,1.1833,1.0568,-43.02,16.2,0.9441,-54.06,-16.9,0.8436
ETHUSDT,dcrowd,144,288,0.02,8640,288,1.0,True,471,0.272,12.41,0.3609,182.2,1.2058,1.0312,-25.74,9.3,0.8888,-58.33,-36.6,0.7712
ETHUSDT,dcrowd,144,288,0.02,8640,288,1.5,True,423,0.244,19.92,0.435,220.9,1.2247,1.0673,-30.37,19.9,0.9339,-54.8,-21.1,0.8201
ETHUSDT,dcrowd,144,288,0.02,8640,288,2.0,True,392,0.226,21.17,0.477,244.2,1.2427,1.0973,-30.42,28.4,0.9705,-43.61,-9.2,0.8596
ETHUSDT,dcrowd,144,288,0.02,8640,288,3.0,True,377,0.217,7.89,0.4907,265.0,1.1174,0.9968,-42.18,-1.0,0.8899,-67.42,-37.3,0.7949
ETHUSDT,dcrowd,144,288,0.02,8640,576,0.0,True,284,0.164,56.1,0.5317,576.0,1.3659,1.2577,-35.18,80.2,1.1586,-42.19,51.7,1.0679
ETHUSDT,dcrowd,144,288,0.02,8640,576,1.0,True,468,0.27,14.56,0.2842,268.6,1.1695,1.0164,-33.71,5.9,0.8918,-66.96,-42.8,0.7884
ETHUSDT,dcrowd,144,288,0.02,8640,576,1.5,True,395,0.228,25.08,0.3696,355.5,1.2086,1.0836,-41.62,30.7,0.9755,-53.78,-9.7,0.8816
ETHUSDT,dcrowd,144,288,0.02,8640,576,2.0,True,369,0.213,25.87,0.4173,414.7,1.2096,1.0975,-37.89,37.4,0.9982,-49.86,-0.7,0.9101
ETHUSDT,dcrowd,144,288,0.02,8640,576,3.0,True,336,0.194,10.15,0.4643,470.2,1.064,0.9773,-52.55,-9.3,0.8986,-72.51,-43.6,0.827
ETHUSDT,dcrowd,144,288,0.02,8640,864,0.0,True,231,0.133,28.64,0.4978,864.0,1.1396,1.0747,-59.05,29.4,1.0136,-74.69,5.5,0.9561
ETHUSDT,dcrowd,144,288,0.02,8640,864,1.0,True,448,0.258,5.91,0.2455,363.3,1.2981,1.1375,-55.99,51.0,1.0062,-86.88,2.5,0.8969
ETHUSDT,dcrowd,144,288,0.02,8640,864,1.5,True,370,0.213,11.58,0.3243,470.9,1.3882,1.2581,-34.86,99.3,1.1451,-40.92,59.8,1.0461
ETHUSDT,dcrowd,144,288,0.02,8640,864,2.0,True,333,0.192,17.59,0.3874,564.6,1.3889,1.2771,-28.39,108.2,1.1772,-32.02,73.0,1.0873
ETHUSDT,dcrowd,144,288,0.02,8640,864,3.0,True,291,0.168,40.56,0.4502,675.0,1.4086,1.3119,-26.79,123.0,1.2232,-34.56,91.9,1.1416
ETHUSDT,dcrowd,144,288,0.05,8640,288,0.0,True,610,0.352,10.12,0.5098,288.0,1.1278,1.006,-88.37,3.5,0.8979,-105.65,-62.1,0.8019
ETHUSDT,dcrowd,144,288,0.05,8640,288,1.0,True,904,0.521,17.84,0.3551,171.9,1.259,1.0593,-98.98,36.2,0.9016,-151.74,-67.2,0.7747
ETHUSDT,dcrowd,144,288,0.05,8640,288,1.5,True,775,0.447,13.31,0.4206,212.1,1.2087,1.0466,-93.17,28.4,0.9112,-124.34,-59.1,0.797
ETHUSDT,dcrowd,144,288,0.05,8640,288,2.0,True,717,0.413,10.95,0.4519,236.1,1.1464,1.0025,-89.24,1.5,0.8797,-127.26,-78.7,0.7744
ETHUSDT,dcrowd,144,288,0.05,8640,288,3.0,True,665,0.384,18.67,0.4887,261.7,1.1944,1.0574,-91.83,34.3,0.9377,-120.66,-39.8,0.8331
ETHUSDT,dcrowd,144,288,0.05,8640,576,0.0,True,430,0.248,42.94,0.5395,576.0,1.3462,1.2449,-64.02,130.8,1.1515,-80.8,84.5,1.0656
ETHUSDT,dcrowd,144,288,0.05,8640,576,1.0,True,820,0.473,8.67,0.2744,264.3,1.1716,1.0086,-89.74,5.7,0.8778,-144.26,-88.8,0.7707
ETHUSDT,dcrowd,144,288,0.05,8640,576,1.5,True,666,0.384,29.43,0.3769,354.7,1.3706,1.2197,-73.94,136.5,1.0909,-104.87,61.0,0.9801
ETHUSDT,dcrowd,144,288,0.05,8640,576,2.0,True,599,0.345,25.5,0.419,406.3,1.3035,1.1772,-79.02,113.2,1.0664,-108.61,45.3,0.9688
ETHUSDT,dcrowd,144,288,0.05,8640,576,3.0,True,530,0.306,16.8,0.4698,472.3,1.2345,1.1305,-99.61,82.2,1.0365,-131.66,24.2,0.9516
ETHUSDT,dcrowd,144,288,0.05,8640,864,0.0,True,343,0.198,61.15,0.5306,864.0,1.4544,1.3703,-73.5,192.5,1.291,-75.28,156.2,1.2165
ETHUSDT,dcrowd,144,288,0.05,8640,864,1.0,True,748,0.431,29.21,0.2433,351.1,1.3611,1.1746,-72.55,109.7,1.0264,-107.39,18.5,0.906
ETHUSDT,dcrowd,144,288,0.05,8640,864,1.5,True,600,0.346,35.33,0.3233,468.3,1.492,1.3433,-55.54,214.7,1.2159,-76.13,145.5,1.1056
ETHUSDT,dcrowd,144,288,0.05,8640,864,2.0,True,521,0.3,30.71,0.3724,547.2,1.4587,1.3379,-45.02,213.1,1.2306,-62.77,154.2,1.1348
ETHUSDT,dcrowd,144,288,0.05,8640,864,3.0,True,439,0.253,43.67,0.4374,666.2,1.4685,1.363,-58.22,218.4,1.267,-83.43,168.5,1.1795
ETHUSDT,dcrowd,144,288,0.1,8640,288,0.0,True,939,0.542,30.96,0.5112,288.0,1.2372,1.0934,-72.45,80.7,0.9674,-114.88,-30.1,0.8571
ETHUSDT,dcrowd,144,288,0.1,8640,288,1.0,True,1485,0.856,10.88,0.3286,161.9,1.1499,0.9519,-128.91,-51.5,0.7995,-264.03,-242.8,0.6792
ETHUSDT,dcrowd,144,288,0.1,8640,288,1.5,True,1243,0.717,17.54,0.3958,204.1,1.1898,1.0204,-110.32,21.2,0.8815,-206.14,-135.7,0.7662
ETHUSDT,dcrowd,144,288,0.1,8640,288,2.0,True,1141,0.658,8.05,0.4268,228.7,1.1076,0.9622,-116.93,-39.5,0.8396,-199.33,-182.2,0.7356
ETHUSDT,dcrowd,144,288,0.1,8640,288,3.0,True,1040,0.6,12.62,0.4692,256.9,1.1126,0.9806,-120.56,-19.9,0.8662,-211.6,-147.5,0.7669
ETHUSDT,dcrowd,144,288,0.1,8640,576,0.0,True,584,0.337,30.84,0.5051,576.0,1.2255,1.1302,-77.3,99.8,1.0426,-99.77,34.1,0.962
ETHUSDT,dcrowd,144,288,0.1,8640,576,1.0,True,1253,0.723,8.27,0.2458,247.3,1.2146,1.0382,-154.25,40.1,0.8992,-231.47,-118.2,0.7869
ETHUSDT,dcrowd,144,288,0.1,8640,576,1.5,True,985,0.568,19.13,0.3462,333.5,1.205,1.064,-143.9,63.6,0.9455,-207.84,-58.9,0.8448
ETHUSDT,dcrowd,144,288,0.1,8640,576,2.0,True,850,0.49,18.5,0.3976,391.7,1.1611,1.0424,-134.07,41.1,0.9393,-178.28,-62.9,0.8492
ETHUSDT,dcrowd,144,288,0.1,8640,576,3.0,True,704,0.406,32.28,0.4673,478.2,1.3227,1.207,-40.58,170.7,1.103,-70.44,89.6,1.0094
ETHUSDT,dcrowd,144,288,0.1,8640,864,0.0,True,440,0.254,35.36,0.5341,864.0,0.987,0.9271,-190.94,-60.2,0.8707,-217.74,-110.0,0.8175
ETHUSDT,dcrowd,144,288,0.1,8640,864,1.0,True,1067,0.615,21.26,0.2277,325.0,1.3115,1.1188,-128.57,110.6,0.969,-195.94,-32.5,0.8493
ETHUSDT,dcrowd,144,288,0.1,8640,864,1.5,True,823,0.475,29.44,0.3086,448.4,1.2631,1.1215,-117.05,108.3,1.0027,-169.96,2.6,0.9017
ETHUSDT,dcrowd,144,288,0.1,8640,864,2.0,True,718,0.414,26.94,0.3635,521.2,1.2385,1.1227,-123.63,110.3,1.0215,-167.76,20.7,0.9324
ETHUSDT,dcrowd,144,288,0.1,8640,864,3.0,True,593,0.342,18.77,0.4266,641.6,1.2153,1.1208,-70.58,103.0,1.0354,-108.27,31.7,0.9578
SOLUSDT,crowd_z,0,864,0.02,8640,288,0.0,True,399,0.23,96.43,0.5915,288.0,1.6449,1.5121,-29.29,166.7,1.3898,-30.94,132.6,1.2771
SOLUSDT,crowd_z,0,864,0.02,8640,288,1.0,True,514,0.296,68.69,0.3911,169.6,1.6315,1.4335,-25.04,139.3,1.2679,-33.84,93.9,1.1278
SOLUSDT,crowd_z,0,864,0.02,8640,288,1.5,True,461,0.266,79.33,0.4794,207.4,1.5932,1.4337,-23.45,144.5,1.2936,-30.68,104.4,1.17
SOLUSDT,crowd_z,0,864,0.02,8640,288,2.0,True,439,0.253,94.5,0.533,231.8,1.6077,1.4619,-22.84,156.2,1.331,-29.82,118.3,1.2134
SOLUSDT,crowd_z,0,864,0.02,8640,288,3.0,True,416,0.24,103.44,0.5793,260.4,1.6891,1.5475,-29.15,179.6,1.4181,-35.82,143.8,1.2999
SOLUSDT,crowd_z,0,864,0.02,8640,576,0.0,True,339,0.196,121.77,0.5959,576.0,1.6835,1.5794,-30.16,200.3,1.4811,-32.43,171.7,1.3886
SOLUSDT,crowd_z,0,864,0.02,8640,576,1.0,True,496,0.286,64.87,0.3145,282.8,1.5785,1.4115,-22.94,147.2,1.2702,-25.58,104.7,1.149
SOLUSDT,crowd_z,0,864,0.02,8640,576,1.5,True,438,0.253,75.2,0.3995,361.9,1.5532,1.4226,-24.58,161.2,1.3068,-26.5,124.0,1.2034
SOLUSDT,crowd_z,0,864,0.02,8640,576,2.0,True,404,0.233,85.81,0.4554,415.0,1.4934,1.3806,-20.81,150.3,1.2784,-23.3,115.5,1.1855
SOLUSDT,crowd_z,0,864,0.02,8640,576,3.0,True,378,0.218,115.49,0.5423,487.1,1.6343,1.5266,-21.53,201.3,1.4266,-22.66,169.4,1.3336
SOLUSDT,crowd_z,0,864,0.02,8640,864,0.0,True,288,0.166,151.75,0.559,864.0,1.4739,1.4046,-31.08,155.1,1.3385,-34.66,133.1,1.2754
SOLUSDT,crowd_z,0,864,0.02,8640,864,1.0,True,465,0.268,78.42,0.2796,388.5,1.6423,1.4846,-31.22,171.6,1.3498,-39.79,133.7,1.2334
SOLUSDT,crowd_z,0,864,0.02,8640,864,1.5,True,394,0.227,92.6,0.3604,517.8,1.5134,1.4016,-46.06,150.8,1.3015,-53.26,119.5,1.2113
SOLUSDT,crowd_z,0,864,0.02,8640,864,2.0,True,373,0.215,112.18,0.4236,598.1,1.4997,1.4019,-46.98,158.4,1.3127,-54.39,129.0,1.2309
SOLUSDT,crowd_z,0,864,0.02,8640,864,3.0,True,337,0.194,118.48,0.4688,699.0,1.4452,1.3641,-43.62,146.8,1.2886,-49.59,120.6,1.2181
SOLUSDT,crowd_z,0,864,0.05,8640,288,0.0,True,613,0.354,59.02,0.5661,288.0,1.3464,1.2382,-51.52,134.7,1.1386,-62.2,81.8,1.0468
SOLUSDT,crowd_z,0,864,0.05,8640,288,1.0,True,875,0.505,41.22,0.3714,159.6,1.3879,1.2179,-36.71,127.0,1.0758,-55.06,48.2,0.9556
SOLUSDT,crowd_z,0,864,0.05,8640,288,1.5,True,747,0.431,56.41,0.4672,201.7,1.424,1.2788,-35.96,158.8,1.1516,-56.7,92.2,1.0397
SOLUSDT,crowd_z,0,864,0.05,8640,288,2.0,True,702,0.405,61.42,0.5085,226.8,1.3955,1.2674,-41.19,155.7,1.1527,-55.9,94.0,1.0498
SOLUSDT,crowd_z,0,864,0.05,8640,288,3.0,True,654,0.377,64.33,0.5443,256.9,1.4014,1.2837,-43.88,163.9,1.1764,-61.31,106.8,1.0784
SOLUSDT,crowd_z,0,864,0.05,8640,576,0.0,True,473,0.273,90.14,0.5877,576.0,1.4989,1.404,-45.05,205.1,1.3146,-50.96,165.0,1.2305
SOLUSDT,crowd_z,0,864,0.05,8640,576,1.0,True,781,0.45,49.52,0.2932,268.4,1.4647,1.3066,-28.05,180.0,1.1738,-39.84,110.9,1.0605
SOLUSDT,crowd_z,0,864,0.05,8640,576,1.5,True,658,0.379,62.14,0.3845,347.9,1.4329,1.3079,-30.46,182.4,1.1977,-39.62,124.6,1.1
SOLUSDT,crowd_z,0,864,0.05,8640,576,2.0,True,595,0.343,71.01,0.4555,409.0,1.4572,1.3462,-39.95,202.8,1.2457,-48.39,151.3,1.1544
SOLUSDT,crowd_z,0,864,0.05,8640,576,3.0,True,541,0.312,85.38,0.5305,475.0,1.4654,1.3685,-33.34,215.2,1.2787,-40.81,169.2,1.1952
SOLUSDT,crowd_z,0,864,0.05,8640,864,0.0,True,371,0.214,28.73,0.5202,864.0,1.1909,1.136,-73.8,76.4,1.0836,-86.2,48.1,1.0335
SOLUSDT,crowd_z,0,864,0.05,8640,864,1.0,True,708,0.408,53.84,0.2613,370.6,1.5109,1.3658,-31.5,203.0,1.242,-43.03,145.0,1.1351
SOLUSDT,crowd_z,0,864,0.05,8640,864,1.5,True,576,0.332,63.82,0.349,491.5,1.4355,1.3263,-53.06,183.3,1.2289,-65.2,136.1,1.1415
SOLUSDT,crowd_z,0,864,0.05,8640,864,2.0,True,521,0.3,74.13,0.4069,581.0,1.4153,1.3246,-59.24,185.2,1.2416,-69.51,144.0,1.1653
SOLUSDT,crowd_z,0,864,0.05,8640,864,3.0,True,456,0.263,51.23,0.4496,691.1,1.3256,1.2541,-67.71,146.2,1.1872,-77.11,111.4,1.1245
SOLUSDT,crowd_z,0,864,0.1,8640,288,0.0,True,850,0.49,36.55,0.5259,288.0,1.2032,1.1029,-48.52,83.5,1.0111,-70.45,9.4,0.927
SOLUSDT,crowd_z,0,864,0.1,8640,288,1.0,True,1335,0.77,30.15,0.3393,154.3,1.2339,1.078,-58.71,72.8,0.9491,-106.39,-52.0,0.8409
SOLUSDT,crowd_z,0,864,0.1,8640,288,1.5,True,1100,0.634,29.65,0.4118,196.8,1.2149,1.09,-63.44,82.1,0.9812,-100.48,-18.3,0.8858
SOLUSDT,crowd_z,0,864,0.1,8640,288,2.0,True,996,0.574,43.85,0.4779,227.6,1.2799,1.1594,-48.45,137.7,1.0521,-58.98,47.6,0.9562
SOLUSDT,crowd_z,0,864,0.1,8640,288,3.0,True,925,0.533,39.36,0.5081,258.0,1.2544,1.1457,-62.22,124.4,1.0472,-86.25,42.3,0.9577
SOLUSDT,crowd_z,0,864,0.1,8640,576,0.0,True,579,0.334,74.88,0.5406,576.0,1.342,1.2607,-51.09,181.2,1.1842,-60.14,132.4,1.1127
SOLUSDT,crowd_z,0,864,0.1,8640,576,1.0,True,1043,0.601,40.8,0.2943,265.4,1.3733,1.2209,-41.47,174.7,1.0933,-52.4,80.3,0.9849
SOLUSDT,crowd_z,0,864,0.1,8640,576,1.5,True,854,0.493,45.82,0.3689,346.0,1.3143,1.1997,-38.12,159.5,1.0988,-48.24,83.9,1.0092
SOLUSDT,crowd_z,0,864,0.1,8640,576,2.0,True,750,0.433,67.23,0.4453,413.0,1.4175,1.3106,-38.73,233.1,1.2138,-43.13,168.6,1.1259
SOLUSDT,crowd_z,0,864,0.1,8640,576,3.0,True,681,0.393,57.52,0.4846,469.3,1.2778,1.1941,-48.64,155.0,1.1168,-55.09,97.0,1.0451
SOLUSDT,crowd_z,0,864,0.1,8640,864,0.0,True,437,0.252,-6.64,0.4783,864.0,1.0384,0.9892,-131.9,-7.6,0.9425,-151.96,-41.7,0.8981
SOLUSDT,crowd_z,0,864,0.1,8640,864,1.0,True,937,0.54,43.61,0.2508,355.0,1.4667,1.3252,-54.12,243.3,1.2046,-68.59,165.3,1.1006
SOLUSDT,crowd_z,0,864,0.1,8640,864,1.5,True,757,0.437,41.05,0.3118,463.7,1.325,1.2249,-65.3,175.7,1.1357,-87.4,112.2,1.0559
SOLUSDT,crowd_z,0,864,0.1,8640,864,2.0,True,642,0.37,53.89,0.3692,559.5,1.3201,1.2347,-78.71,173.9,1.1568,-92.68,121.6,1.0855
SOLUSDT,crowd_z,0,864,0.1,8640,864,3.0,True,558,0.322,57.32,0.4283,679.1,1.293,1.2226,-38.07,162.9,1.157,-47.2,118.9,1.0957
SOLUSDT,crowd_z,0,288,0.02,8640,288,0.0,True,800,0.461,23.53,0.515,288.0,1.0593,0.9712,-128.43,-24.9,0.8906,-179.66,-98.9,0.8169
SOLUSDT,crowd_z,0,288,0.02,8640,288,1.0,True,1083,0.625,24.35,0.338,155.3,1.3041,1.1348,-58.01,101.5,0.9956,-77.99,-3.6,0.8793
SOLUSDT,crowd_z,0,288,0.02,8640,288,1.5,True,974,0.562,32.74,0.422,198.0,1.2878,1.1494,-60.21,118.5,1.0296,-77.16,25.2,0.9253
SOLUSDT,crowd_z,0,288,0.02,8640,288,2.0,True,914,0.527,38.59,0.4705,225.3,1.2637,1.1408,-50.75,114.0,1.032,-65.65,27.5,0.9351
SOLUSDT,crowd_z,0,288,0.02,8640,288,3.0,True,865,0.499,28.7,0.5029,254.0,1.1807,1.0743,-52.0,62.0,0.9782,-79.05,-19.2,0.8913
SOLUSDT,crowd_z,0,288,0.02,8640,576,0.0,True,545,0.314,19.28,0.5303,576.0,1.1288,1.0616,-85.3,49.2,0.9983,-103.12,-1.4,0.9388
SOLUSDT,crowd_z,0,288,0.02,8640,576,1.0,True,889,0.513,31.39,0.2745,258.1,1.3566,1.2037,-51.3,140.9,1.0764,-66.52,57.6,0.9687
SOLUSDT,crowd_z,0,288,0.02,8640,576,1.5,True,765,0.441,52.39,0.3647,338.3,1.3825,1.259,-45.1,188.4,1.1508,-62.67,117.0,1.0553
SOLUSDT,crowd_z,0,288,0.02,8640,576,2.0,True,702,0.405,41.22,0.4202,391.9,1.3051,1.2043,-53.31,155.3,1.1135,-67.28,90.8,1.0314
SOLUSDT,crowd_z,0,288,0.02,8640,576,3.0,True,643,0.371,32.15,0.465,449.8,1.1842,1.1045,-76.57,85.7,1.0311,-82.72,26.6,0.9634
SOLUSDT,crowd_z,0,288,0.02,8640,864,0.0,True,406,0.234,52.28,0.5517,864.0,1.3767,1.3112,-61.41,198.9,1.2488,-66.15,163.0,1.1893
SOLUSDT,crowd_z,0,288,0.02,8640,864,1.0,True,767,0.442,38.85,0.2386,335.5,1.3487,1.2019,-51.99,128.3,1.0799,-74.4,55.4,0.9768
SOLUSDT,crowd_z,0,288,0.02,8640,864,1.5,True,633,0.365,57.52,0.3381,464.8,1.4409,1.3201,-42.33,204.2,1.214,-50.36,145.4,1.12
SOLUSDT,crowd_z,0,288,0.02,8640,864,2.0,True,574,0.331,48.11,0.385,541.3,1.3285,1.2364,-59.77,161.2,1.1531,-66.21,109.6,1.0773
SOLUSDT,crowd_z,0,288,0.02,8640,864,3.0,True,506,0.292,43.91,0.4447,644.4,1.2773,1.2022,-71.68,142.0,1.1324,-77.77,96.6,1.0676
SOLUSDT,crowd_z,0,288,0.05,8640,288,0.0,True,1079,0.622,28.53,0.5134,288.0,1.2064,1.1073,-80.62,116.8,1.0164,-116.23,18.7,0.9331
SOLUSDT,crowd_z,0,288,0.05,8640,288,1.0,True,1603,0.924,24.94,0.3394,157.9,1.338,1.1662,-46.94,184.9,1.0245,-75.08,29.9,0.9058
SOLUSDT,crowd_z,0,288,0.05,8640,288,1.5,True,1395,0.804,33.81,0.4315,200.7,1.3444,1.2009,-55.36,224.6,1.0763,-76.89,91.5,0.9675
SOLUSDT,crowd_z,0,288,0.05,8640,288,2.0,True,1290,0.744,37.25,0.4698,226.6,1.3396,1.2116,-57.05,238.5,1.0979,-76.12,117.1,0.9966
SOLUSDT,crowd_z,0,288,0.05,8640,288,3.0,True,1191,0.687,32.75,0.5004,256.1,1.2725,1.1621,-68.24,183.3,1.062,-79.0,73.6,0.971
SOLUSDT,crowd_z,0,288,0.05,8640,576,0.0,True,654,0.377,57.17,0.5413,576.0,1.3101,1.2299,-67.98,200.9,1.1547,-75.22,139.7,1.0842
SOLUSDT,crowd_z,0,288,0.05,8640,576,1.0,True,1236,0.713,28.42,0.2629,251.7,1.2963,1.1498,-72.4,146.5,1.0279,-94.55,29.8,0.9249
SOLUSDT,crowd_z,0,288,0.05,8640,576,1.5,True,1016,0.586,32.74,0.3514,334.8,1.3159,1.1988,-66.69,194.7,1.096,-86.88,100.3,1.0052
SOLUSDT,crowd_z,0,288,0.05,8640,576,2.0,True,908,0.524,29.51,0.3998,386.6,1.2284,1.1337,-72.39,134.1,1.0484,-96.27,51.1,0.9712
SOLUSDT,crowd_z,0,288,0.05,8640,576,3.0,True,801,0.462,29.01,0.4694,457.8,1.1987,1.117,-103.33,115.2,1.0417,-124.01,42.8,0.9722
SOLUSDT,crowd_z,0,288,0.05,8640,864,0.0,True,468,0.27,19.05,0.5214,864.0,1.0732,1.0242,-166.08,21.2,0.9775,-183.19,-20.1,0.933
SOLUSDT,crowd_z,0,288,0.05,8640,864,1.0,True,1035,0.597,30.33,0.228,333.7,1.3075,1.165,-58.49,142.6,1.0464,-87.86,43.8,0.9462
SOLUSDT,crowd_z,0,288,0.05,8640,864,1.5,True,816,0.471,42.42,0.3174,456.0,1.3701,1.259,-56.37,221.1,1.161,-64.5,146.0,1.0739
SOLUSDT,crowd_z,0,288,0.05,8640,864,2.0,True,705,0.407,40.75,0.3688,549.1,1.328,1.2384,-61.41,201.6,1.1569,-66.49,139.2,1.0828
SOLUSDT,crowd_z,0,288,0.05,8640,864,3.0,True,602,0.347,50.65,0.4385,654.4,1.2665,1.1944,-71.26,163.6,1.1272,-75.72,111.0,1.0646
SOLUSDT,crowd_z,0,288,0.1,8640,288,0.0,True,1269,0.732,38.88,0.5272,288.0,1.262,1.1551,-81.76,185.2,1.0575,-93.24,71.8,0.9683
SOLUSDT,crowd_z,0,288,0.1,8640,288,1.0,True,2076,1.197,14.51,0.3213,153.6,1.1997,1.045,-69.57,67.2,0.9175,-181.53,-135.0,0.8108
SOLUSDT,crowd_z,0,288,0.1,8640,288,1.5,True,1711,0.987,21.27,0.4103,197.9,1.2138,1.0832,-73.68,118.7,0.9702,-100.8,-45.7,0.8717
SOLUSDT,crowd_z,0,288,0.1,8640,288,2.0,True,1548,0.893,33.16,0.4742,228.8,1.3053,1.1789,-76.64,237.2,1.0665,-92.7,93.5,0.9662
SOLUSDT,crowd_z,0,288,0.1,8640,288,3.0,True,1414,0.815,36.71,0.5071,257.2,1.2491,1.1379,-69.94,181.6,1.0373,-83.91,51.7,0.9462
SOLUSDT,crowd_z,0,288,0.1,8640,576,0.0,True,708,0.408,15.59,0.5127,576.0,1.0816,1.0157,-104.66,16.5,0.9538,-122.28,-50.3,0.8957
SOLUSDT,crowd_z,0,288,0.1,8640,576,1.0,True,1490,0.859,27.81,0.2617,248.8,1.2915,1.145,-71.52,172.7,1.0231,-106.18,30.0,0.9201
SOLUSDT,crowd_z,0,288,0.1,8640,576,1.5,True,1169,0.674,44.05,0.3618,332.4,1.3103,1.1912,-43.25,213.8,1.087,-70.99,103.9,0.9952
SOLUSDT,crowd_z,0,288,0.1,8640,576,2.0,True,1020,0.588,47.58,0.4245,390.4,1.2889,1.1865,-73.28,202.4,1.0944,-84.74,107.9,1.0112
SOLUSDT,crowd_z,0,288,0.1,8640,576,3.0,True,889,0.513,29.06,0.4668,456.5,1.1545,1.0767,-118.51,86.3,1.005,-129.07,5.8,0.9386
SOLUSDT,crowd_z,0,288,0.1,8640,864,0.0,True,499,0.288,71.51,0.5391,864.0,1.3615,1.2946,-72.02,242.1,1.2311,-74.86,195.0,1.1708
SOLUSDT,crowd_z,0,288,0.1,8640,864,1.0,True,1199,0.691,20.07,0.2227,326.8,1.2706,1.1341,-68.56,135.0,1.0202,-82.81,22.1,0.9236
SOLUSDT,crowd_z,0,288,0.1,8640,864,1.5,True,904,0.521,44.95,0.3097,456.2,1.3052,1.2011,-52.14,190.6,1.109,-67.67,109.7,1.0271
SOLUSDT,crowd_z,0,288,0.1,8640,864,2.0,True,775,0.447,36.94,0.3613,545.8,1.3419,1.2514,-77.52,233.4,1.1692,-84.91,164.8,1.0943
SOLUSDT,crowd_z,0,288,0.1,8640,864,3.0,True,646,0.373,68.31,0.4458,668.3,1.3669,1.2901,-56.55,253.7,1.2188,-62.34,198.4,1.1524
SOLUSDT,dcrowd,48,288,0.02,8640,288,0.0,True,572,0.33,19.33,0.5367,288.0,1.3367,1.2357,-31.33,122.9,1.1425,-42.58,77.3,1.0562
SOLUSDT,dcrowd,48,288,0.02,8640,288,1.0,True,832,0.48,41.87,0.3642,166.7,1.4256,1.2717,-39.77,148.6,1.1403,-54.04,82.8,1.0269
SOLUSDT,dcrowd,48,288,0.02,8640,288,1.5,True,732,0.422,57.49,0.4631,206.7,1.4544,1.3234,-36.98,177.7,1.2066,-45.8,120.2,1.102
SOLUSDT,dcrowd,48,288,0.02,8640,288,2.0,True,684,0.394,57.79,0.5029,231.2,1.4447,1.3264,-28.08,183.5,1.2189,-36.19,129.2,1.121
SOLUSDT,dcrowd,48,288,0.02,8640,288,3.0,True,632,0.364,53.32,0.5427,258.3,1.4003,1.2928,-37.81,163.5,1.1939,-46.6,112.9,1.1027
SOLUSDT,dcrowd,48,288,0.02,8640,576,0.0,True,415,0.239,35.52,0.5301,576.0,1.1854,1.12,-65.6,63.8,1.0581,-70.29,31.7,0.9995
SOLUSDT,dcrowd,48,288,0.02,8640,576,1.0,True,722,0.416,46.87,0.2964,275.4,1.416,1.2778,-35.38,147.6,1.1594,-42.93,91.3,1.0569
SOLUSDT,dcrowd,48,288,0.02,8640,576,1.5,True,610,0.352,77.09,0.3918,355.7,1.4599,1.3436,-36.59,185.0,1.2399,-42.66,136.5,1.1468
SOLUSDT,dcrowd,48,288,0.02,8640,576,2.0,True,543,0.313,94.63,0.4604,416.2,1.542,1.4345,-34.15,225.7,1.3364,-39.77,182.8,1.2465
SOLUSDT,dcrowd,48,288,0.02,8640,576,3.0,True,488,0.281,72.69,0.5143,476.3,1.4205,1.3359,-40.16,182.0,1.2569,-45.19,144.1,1.183
SOLUSDT,dcrowd,48,288,0.02,8640,864,0.0,True,331,0.191,47.92,0.4985,864.0,1.1537,1.1036,-74.87,57.1,1.0557,-77.04,31.4,1.01
SOLUSDT,dcrowd,48,288,0.02,8640,864,1.0,True,653,0.377,51.83,0.2557,351.2,1.452,1.3153,-36.13,163.7,1.1982,-43.67,111.0,1.0971
SOLUSDT,dcrowd,48,288,0.02,8640,864,1.5,True,541,0.312,62.4,0.342,470.7,1.4178,1.3151,-32.73,169.3,1.2228,-39.29,126.3,1.1397
SOLUSDT,dcrowd,48,288,0.02,8640,864,2.0,True,480,0.277,86.7,0.4,556.4,1.4649,1.3734,-33.86,201.7,1.2896,-36.8,163.4,1.2126
SOLUSDT,dcrowd,48,288,0.02,8640,864,3.0,True,418,0.241,76.86,0.4474,665.0,1.3816,1.3096,-46.24,173.3,1.2422,-52.95,140.3,1.1791
SOLUSDT,dcrowd,48,288,0.05,8640,288,0.0,True,932,0.537,8.62,0.5322,288.0,1.0423,0.9616,-102.07,-37.6,0.8869,-164.44,-115.2,0.8179
SOLUSDT,dcrowd,48,288,0.05,8640,288,1.0,True,1517,0.875,25.54,0.3336,157.5,1.2584,1.111,-49.42,116.5,0.9872,-81.86,-14.6,0.8819
SOLUSDT,dcrowd,48,288,0.05,8640,288,1.5,True,1289,0.743,23.02,0.4104,196.3,1.2091,1.0898,-65.26,95.5,0.9851,-121.71,-16.9,0.8928
SOLUSDT,dcrowd,48,288,0.05,8640,288,2.0,True,1186,0.684,22.61,0.457,221.7,1.1908,1.0855,-58.2,91.5,0.9909,-96.6,-10.3,0.9056
SOLUSDT,dcrowd,48,288,0.05,8640,288,3.0,True,1054,0.608,19.05,0.5028,253.6,1.1381,1.0465,-59.97,48.6,0.9625,-91.45,-41.0,0.8855
SOLUSDT,dcrowd,48,288,0.05,8640,576,0.0,True,579,0.334,44.82,0.5268,576.0,1.2133,1.1466,-69.59,113.5,1.0835,-71.7,66.5,1.0239
SOLUSDT,dcrowd,48,288,0.05,8640,576,1.0,True,1179,0.68,24.0,0.2672,255.1,1.2097,1.0817,-53.62,74.9,0.9736,-93.71,-26.3,0.881
SOLUSDT,dcrowd,48,288,0.05,8640,576,1.5,True,948,0.547,21.68,0.3555,337.4,1.2042,1.1039,-42.17,93.9,1.0149,-52.81,14.2,0.9353
SOLUSDT,dcrowd,48,288,0.05,8640,576,2.0,True,824,0.475,41.0,0.4126,395.5,1.2602,1.1682,-42.21,147.6,1.0847,-45.96,78.0,1.0087
SOLUSDT,dcrowd,48,288,0.05,8640,576,3.0,True,722,0.416,28.16,0.4612,459.0,1.2063,1.1319,-47.07,118.3,1.0628,-50.99,58.4,0.9985
SOLUSDT,dcrowd,48,288,0.05,8640,864,0.0,True,434,0.25,-29.1,0.4885,864.0,0.9622,0.9162,-116.69,-62.1,0.8724,-131.69,-96.8,0.8307
SOLUSDT,dcrowd,48,288,0.05,8640,864,1.0,True,1021,0.589,11.31,0.2233,328.7,1.258,1.1357,-53.91,115.6,1.0315,-64.3,29.0,0.9418
SOLUSDT,dcrowd,48,288,0.05,8640,864,1.5,True,810,0.467,12.3,0.2926,435.1,1.1663,1.0784,-52.13,68.5,1.0,-73.57,-0.0,0.9296
SOLUSDT,dcrowd,48,288,0.05,8640,864,2.0,True,675,0.389,18.22,0.3659,538.0,1.2627,1.1823,-43.74,146.9,1.1088,-46.86,91.6,1.0414
SOLUSDT,dcrowd,48,288,0.05,8640,864,3.0,True,570,0.329,-9.3,0.4,643.2,1.1012,1.0427,-78.37,36.1,0.988,-90.74,-10.4,0.9369
SOLUSDT,dcrowd,48,288,0.1,8640,288,0.0,True,1236,0.713,26.17,0.5178,288.0,1.0605,0.9763,-141.43,-30.9,0.8988,-177.75,-137.3,0.8276
SOLUSDT,dcrowd,48,288,0.1,8640,288,1.0,True,2096,1.209,26.74,0.3368,157.5,1.2959,1.1368,-55.28,198.1,1.0044,-77.16,6.9,0.8926
SOLUSDT,dcrowd,48,288,0.1,8640,288,1.5,True,1720,0.992,25.17,0.4267,198.5,1.2652,1.1362,-54.68,190.9,1.0233,-90.79,35.0,0.9241
SOLUSDT,dcrowd,48,288,0.1,8640,288,2.0,True,1557,0.898,40.45,0.4772,224.7,1.2824,1.1622,-49.62,222.3,1.0551,-62.61,80.0,0.9595
SOLUSDT,dcrowd,48,288,0.1,8640,288,3.0,True,1384,0.798,38.77,0.5173,255.8,1.2284,1.1229,-54.88,161.5,1.027,-76.1,37.2,0.9398
SOLUSDT,dcrowd,48,288,0.1,8640,576,0.0,True,705,0.407,49.1,0.4979,576.0,1.0865,1.0231,-100.89,22.9,0.9636,-137.47,-37.2,0.9078
SOLUSDT,dcrowd,48,288,0.1,8640,576,1.0,True,1522,0.878,26.46,0.2622,248.0,1.2825,1.1427,-77.26,173.5,1.0255,-107.79,33.7,0.9259
SOLUSDT,dcrowd,48,288,0.1,8640,576,1.5,True,1142,0.659,48.39,0.3546,343.8,1.3295,1.2153,-45.88,231.5,1.1147,-58.76,131.2,1.0254
SOLUSDT,dcrowd,48,288,0.1,8640,576,2.0,True,986,0.569,55.82,0.4168,402.5,1.2803,1.1817,-44.62,187.2,1.093,-57.37,100.8,1.0126
SOLUSDT,dcrowd,48,288,0.1,8640,576,3.0,True,869,0.501,36.07,0.4787,463.1,1.2218,1.1409,-55.87,145.2,1.066,-66.47,70.7,0.9966
SOLUSDT,dcrowd,48,288,0.1,8640,864,0.0,True,494,0.285,7.19,0.504,864.0,0.9509,0.9082,-271.95,-88.6,0.8673,-287.48,-130.9,0.8283
SOLUSDT,dcrowd,48,288,0.1,8640,864,1.0,True,1233,0.711,28.27,0.232,330.4,1.2821,1.1493,-53.57,153.0,1.0376,-72.18,41.8,0.9423
SOLUSDT,dcrowd,48,288,0.1,8640,864,1.5,True,919,0.53,48.26,0.3254,456.4,1.3914,1.282,-33.34,267.5,1.1851,-45.23,186.1,1.0985
SOLUSDT,dcrowd,48,288,0.1,8640,864,2.0,True,799,0.461,14.54,0.3617,533.2,1.1691,1.0921,-55.31,90.1,1.0218,-72.24,22.3,0.9576
SOLUSDT,dcrowd,48,288,0.1,8640,864,3.0,True,650,0.375,35.85,0.4385,659.1,1.2192,1.152,-47.6,136.2,1.0893,-54.16,82.8,1.0307
SOLUSDT,dcrowd,144,288,0.02,8640,288,0.0,True,368,0.212,58.53,0.587,288.0,1.5653,1.4401,-31.42,108.1,1.3247,-32.69,83.4,1.2187
SOLUSDT,dcrowd,144,288,0.02,8640,288,1.0,True,499,0.288,44.49,0.3968,179.8,1.2816,1.1462,-38.88,44.2,1.0293,-48.58,9.5,0.9277
SOLUSDT,dcrowd,144,288,0.02,8640,288,1.5,True,444,0.256,54.61,0.491,220.9,1.3648,1.2424,-38.88,72.2,1.1327,-47.19,41.8,1.0343
SOLUSDT,dcrowd,144,288,0.02,8640,288,2.0,True,416,0.24,75.66,0.5457,246.7,1.533,1.4024,-29.22,110.6,1.284,-36.73,82.2,1.1768
SOLUSDT,dcrowd,144,288,0.02,8640,288,3.0,True,391,0.225,73.87,0.5627,267.1,1.4723,1.3568,-37.87,99.7,1.2506,-44.56,73.2,1.1531
SOLUSDT,dcrowd,144,288,0.02,8640,576,0.0,True,287,0.166,25.03,0.5505,576.0,1.2894,1.218,-71.94,68.1,1.1503,-75.96,48.4,1.0864
SOLUSDT,dcrowd,144,288,0.02,8640,576,1.0,True,476,0.275,24.84,0.2962,288.4,1.1389,1.0315,-53.81,10.9,0.9387,-72.11,-22.7,0.8577
SOLUSDT,dcrowd,144,288,0.02,8640,576,1.5,True,404,0.233,25.98,0.3936,369.5,1.2143,1.1237,-55.66,42.6,1.0417,-62.4,15.1,0.9674
SOLUSDT,dcrowd,144,288,0.02,8640,576,2.0,True,377,0.217,23.66,0.4456,425.8,1.1856,1.1061,-57.93,37.9,1.0329,-64.27,12.3,0.9655
SOLUSDT,dcrowd,144,288,0.02,8640,576,3.0,True,328,0.189,52.67,0.5335,497.3,1.403,1.3204,-45.68,103.8,1.2426,-51.47,81.3,1.1698
SOLUSDT,dcrowd,144,288,0.02,8640,864,0.0,True,239,0.138,-22.99,0.5105,864.0,1.0536,1.0051,-70.27,1.8,0.9588,-73.18,-14.4,0.9146
SOLUSDT,dcrowd,144,288,0.02,8640,864,1.0,True,437,0.252,12.13,0.2586,376.7,1.1292,1.0301,-66.49,10.4,0.944,-79.01,-20.6,0.8685
SOLUSDT,dcrowd,144,288,0.02,8640,864,1.5,True,378,0.218,33.73,0.3386,495.5,1.2692,1.1842,-76.66,68.5,1.1072,-85.56,41.9,1.0371
SOLUSDT,dcrowd,144,288,0.02,8640,864,2.0,True,335,0.193,50.1,0.4239,584.5,1.2416,1.1667,-42.81,59.4,1.0975,-48.54,36.1,1.0333
SOLUSDT,dcrowd,144,288,0.02,8640,864,3.0,True,286,0.165,64.27,0.4825,705.4,1.2407,1.1769,-32.91,60.6,1.1168,-38.01,41.2,1.0601
SOLUSDT,dcrowd,144,288,0.05,8640,288,0.0,True,639,0.369,26.21,0.5462,288.0,1.1989,1.1111,-75.24,63.4,1.0294,-85.27,17.4,0.9537
SOLUSDT,dcrowd,144,288,0.05,8640,288,1.0,True,934,0.539,23.48,0.3512,168.1,1.2382,1.1058,-39.53,65.4,0.9923,-57.46,-5.1,0.8941
SOLUSDT,dcrowd,144,288,0.05,8640,288,1.5,True,791,0.456,34.51,0.4475,213.7,1.2817,1.1652,-32.59,97.4,1.0614,-48.26,38.3,0.9686
SOLUSDT,dcrowd,144,288,0.05,8640,288,2.0,True,738,0.426,38.73,0.5027,237.2,1.3047,1.1956,-31.44,113.2,1.0965,-34.16,58.7,1.0065
SOLUSDT,dcrowd,144,288,0.05,8640,288,3.0,True,688,0.397,45.3,0.5349,265.3,1.3503,1.2449,-34.17,136.1,1.1477,-36.05,85.8,1.0585
SOLUSDT,dcrowd,144,288,0.05,8640,576,0.0,True,433,0.25,68.16,0.545,576.0,1.3445,1.2724,-75.99,137.9,1.2042,-81.64,106.3,1.1396
SOLUSDT,dcrowd,144,288,0.05,8640,576,1.0,True,799,0.461,33.6,0.2904,271.8,1.2897,1.1632,-32.39,97.6,1.0547,-44.54,35.2,0.9606
SOLUSDT,dcrowd,144,288,0.05,8640,576,1.5,True,661,0.381,38.09,0.3737,350.9,1.3158,1.2144,-35.56,128.8,1.1235,-43.68,78.3,1.0415
SOLUSDT,dcrowd,144,288,0.05,8640,576,2.0,True,576,0.332,61.57,0.4497,419.1,1.4266,1.3308,-37.96,185.0,1.2428,-40.84,141.8,1.1619
SOLUSDT,dcrowd,144,288,0.05,8640,576,3.0,True,507,0.292,58.98,0.5148,483.4,1.4436,1.3604,-45.01,194.6,1.2825,-53.72,157.6,1.2093
SOLUSDT,dcrowd,144,288,0.05,8640,864,0.0,True,343,0.198,56.69,0.4985,864.0,1.3478,1.2861,-49.97,138.8,1.2273,-51.34,113.1,1.1714
SOLUSDT,dcrowd,144,288,0.05,8640,864,1.0,True,735,0.424,24.89,0.2435,340.8,1.3417,1.2178,-50.76,129.4,1.1113,-66.95,71.1,1.0187
SOLUSDT,dcrowd,144,288,0.05,8640,864,1.5,True,587,0.339,40.96,0.3186,465.7,1.3762,1.28,-44.51,166.1,1.1934,-53.03,120.9,1.1152
SOLUSDT,dcrowd,144,288,0.05,8640,864,2.0,True,515,0.297,38.8,0.3689,551.2,1.3309,1.2517,-65.81,151.9,1.1789,-73.69,112.5,1.1119
SOLUSDT,dcrowd,144,288,0.05,8640,864,3.0,True,436,0.251,31.37,0.4151,673.0,1.2581,1.194,-49.41,113.5,1.134,-55.92,81.0,1.0777
SOLUSDT,dcrowd,144,288,0.1,8640,288,0.0,True,967,0.558,23.33,0.5419,288.0,1.1897,1.0938,-89.92,80.7,1.0054,-112.48,4.9,0.9241
SOLUSDT,dcrowd,144,288,0.1,8640,288,1.0,True,1504,0.867,21.72,0.3411,163.4,1.1838,1.0463,-54.71,47.2,0.9301,-113.66,-77.3,0.8309
SOLUSDT,dcrowd,144,288,0.1,8640,288,1.5,True,1249,0.72,29.57,0.4259,207.1,1.2005,1.0843,-50.07,83.1,0.9818,-82.72,-19.1,0.8908
SOLUSDT,dcrowd,144,288,0.1,8640,288,2.0,True,1145,0.66,31.4,0.4751,233.9,1.208,1.1001,-52.66,95.9,1.003,-82.44,3.1,0.9156
SOLUSDT,dcrowd,144,288,0.1,8640,288,3.0,True,1046,0.603,34.48,0.5134,261.3,1.2435,1.1414,-50.29,129.6,1.048,-64.51,46.0,0.9625
SOLUSDT,dcrowd,144,288,0.1,8640,576,0.0,True,592,0.341,48.41,0.549,576.0,1.1669,1.1027,-116.82,77.5,1.0419,-132.42,32.5,0.9844
SOLUSDT,dcrowd,144,288,0.1,8640,576,1.0,True,1169,0.674,22.86,0.2763,265.3,1.2247,1.1,-42.96,89.7,0.9936,-75.26,-6.2,0.902
SOLUSDT,dcrowd,144,288,0.1,8640,576,1.5,True,934,0.539,26.1,0.364,345.9,1.2213,1.121,-80.08,104.9,1.0317,-105.54,29.1,0.9518
SOLUSDT,dcrowd,144,288,0.1,8640,576,2.0,True,817,0.471,25.33,0.4186,406.3,1.2224,1.1361,-77.23,115.1,1.0574,-98.33,50.8,0.9853
SOLUSDT,dcrowd,144,288,0.1,8640,576,3.0,True,718,0.414,21.71,0.4749,469.8,1.1832,1.1118,-124.18,95.9,1.0453,-135.68,40.2,0.9831
SOLUSDT,dcrowd,144,288,0.1,8640,864,0.0,True,437,0.252,62.97,0.5469,864.0,1.3227,1.2605,-55.57,160.4,1.2013,-61.02,127.0,1.1448
SOLUSDT,dcrowd,144,288,0.1,8640,864,1.0,True,1036,0.597,16.51,0.2249,336.4,1.2609,1.1398,-60.3,120.2,1.0364,-69.37,33.8,0.9472
SOLUSDT,dcrowd,144,288,0.1,8640,864,1.5,True,765,0.441,53.07,0.3216,472.5,1.3877,1.2852,-49.62,221.3,1.1936,-55.68,158.7,1.1113
SOLUSDT,dcrowd,144,288,0.1,8640,864,2.0,True,689,0.397,29.78,0.3527,543.6,1.2005,1.1251,-98.85,104.4,1.0562,-113.91,48.9,0.9928
SOLUSDT,dcrowd,144,288,0.1,8640,864,3.0,True,575,0.332,33.51,0.4348,659.3,1.2147,1.1509,-100.14,120.1,1.0912,-114.26,74.9,1.0351
