,BTCUSDT 1h,EURUSD 5m,AUDUSD 1h,XAUUSD 1h,USDJPY 15m,NZDUSD 4h,GBPUSD 4h,USDCHF 15m,USDCAD 1h
2023-09-08 00:00:00+00:00,0.0,0.0,0.0,0.0,-1.1598183623354463,0.0,0.0,-1.1283795823995655,0.0
2023-09-09 00:00:00+00:00,0.0,0.0,0.0,0.0,0.0,0.0,0.0,0.0,0.0
2023-09-10 00:00:00+00:00,0.0,0.0,0.0,0.0,0.0,0.0,-0.20138938999094727,0.0,0.0
2023-09-11 00:00:00+00:00,0.0,0.0,0.0,0.0,0.0,0.0,0.0,0.0,0.0
2023-09-12 00:00:00+00:00,0.0,0.0,0.0,0.0,0.0,0.0,0.0,-1.162757710550916,0.0
2023-09-13 00:00:00+00:00,0.0,0.0,0.0,0.0,0.0,0.0,0.0,0.0,0.0
2023-09-14 00:00:00+00:00,0.0,0.0,0.0,0.0,3.057377555154506,0.0,-0.14905733071721033,-1.1056296272727932,0.0
2023-09-15 00:00:00+00:00,0.0,0.0,0.0,0.0,0.0,0.0,0.0,0.0,0.0
2023-09-16 00:00:00+00:00,0.0,0.0,0.0,0.0,0.0,0.0,0.0,0.0,0.0
2023-09-17 00:00:00+00:00,0.0,0.0,0.0,0.0,0.0,0.0,0.0,0.0,0.0
2023-09-18 00:00:00+00:00,0.0,0.0,0.0,0.0,0.0,0.0,0.0,-1.163141590885112,0.0
2023-09-19 00:00:00+00:00,0.0,0.0,0.0,0.0,1.5183228885258215,0.7600499982843589,0.02536340762256461,-0.2434862227928983,0.0
2023-09-20 00:00:00+00:00,0.0,0.0,0.0,0.0,0.0,0.0,0.0,-1.1829813605118376,0.0
2023-09-21 00:00:00+00:00,0.0,0.0,0.0,0.0,0.0,0.0,-1.0332290838801943,0.0,0.0
2023-09-22 00:00:00+00:00,0.0,0.0,0.0,0.0,0.0,0.0,0.0,0.0,0.0
2023-09-23 00:00:00+00:00,0.0,0.0,0.0,0.0,0.0,0.0,0.0,0.0,0.0
2023-09-24 00:00:00+00:00,0.0,0.0,0.0,0.0,0.0,0.21192729815586386,0.0,0.0,0.0
2023-09-25 00:00:00+00:00,0.0,0.0,0.0,0.0,0.0,0.0,0.0,0.0,0.0
2023-09-26 00:00:00+00:00,0.0,0.0,0.0,0.0,0.0,0.0,0.0,0.0,0.8707314458833126
2023-09-27 00:00:00+00:00,-1.4486954189136665,0.0,0.0,0.6302068388068364,0.0,0.0,-1.0436266867855564,0.0,0.0
2023-09-28 00:00:00+00:00,6.675410226761771,-1.6708913153185923,2.7349433251452666,0.0,0.0,1.0214669760808384,0.0,0.0,-0.35229275076610633
2023-09-29 00:00:00+00:00,0.0,0.0,0.0,0.0,0.0,0.0,0.0,-0.28477876661306933,0.9370197198133592
2023-09-30 00:00:00+00:00,0.0,0.0,0.0,0.0,0.0,0.0,0.0,0.0,0.0
2023-10-01 00:00:00+00:00,0.0,0.0,0.0,0.0,0.0,0.0,0.0,0.0,0.0
2023-10-02 00:00:00+00:00,-0.22056498605468366,0.0,0.0,0.0,0.0,0.0,0.0,0.0,0.0
2023-10-03 00:00:00+00:00,0.0,0.0,5.76325369936098,0.0,0.0,2.634921915637675,2.552427417470584,0.0,0.0
2023-10-04 00:00:00+00:00,0.0,0.0,0.0,0.0,0.0,0.0,0.0,-1.088664325620797,0.0
2023-10-05 00:00:00+00:00,0.0,-1.737121460690751,0.0,0.0,0.0,0.0,0.0,0.0,0.0
2023-10-06 00:00:00+00:00,2.2173763913770683,0.0,0.0,0.0,0.0,0.0,0.0,0.0,0.9254732434668543
2023-10-07 00:00:00+00:00,0.0,0.0,0.0,0.0,0.0,0.0,0.0,0.0,0.0
2023-10-08 00:00:00+00:00,0.0,0.0,0.6276307919242656,-0.03696923184240834,0.0,0.39411104742143627,-0.27309973745412336,0.0,0.0
2023-10-09 00:00:00+00:00,0.0,0.0,0.0,-1.0953417232979843,0.0,0.0,0.0,0.0,0.0
2023-10-10 00:00:00+00:00,3.1777866202131637,0.0,0.0,0.0,-1.2022048947586403,0.0,0.0,0.0,0.0
2023-10-11 00:00:00+00:00,0.0,0.0,-1.057746522495239,0.0,0.0,0.0,0.0,0.0,0.0
2023-10-12 00:00:00+00:00,0.0,0.0,-0.452360970929425,0.0,0.0,2.5325052440012694,1.582464700257687,0.0,0.917847820706982
2023-10-13 00:00:00+00:00,-1.2455135531653754,0.0,0.0,1.9440037415569493,0.0,0.0,0.0,-1.096459538527218,0.0
2023-10-14 00:00:00+00:00,0.0,0.0,0.0,0.0,0.0,0.0,0.0,0.0,0.0
2023-10-15 00:00:00+00:00,0.0,0.0,0.0,1.8493478097543503,0.0,0.0,0.0,0.0,0.0
2023-10-16 00:00:00+00:00,0.0,0.0,0.0,0.0,0.0,0.0,0.0,0.0,0.0
2023-10-17 00:00:00+00:00,0.0,-3.2817571902048535,0.0,0.0,-1.2093637456875648,-0.32740422508374034,0.517751706296933,0.0,-0.40915190280913777
2023-10-18 00:00:00+00:00,0.0,0.0,0.0,0.48952694509171735,0.0,0.0,0.0,0.0,0.9031955241208377
2023-10-19 00:00:00+00:00,0.0,0.0,0.0,0.0,0.0,0.0,0.0,0.0,0.0
2023-10-20 00:00:00+00:00,0.0,0.0,0.0,0.0,0.0,0.0,0.0,0.0,-1.0797258217704266
2023-10-21 00:00:00+00:00,0.0,0.0,0.0,0.0,0.0,0.0,0.0,0.0,0.0
2023-10-22 00:00:00+00:00,0.0,0.0,0.0,0.0,2.5482585861485783,-0.7188947381683651,0.5554630720271407,0.0,0.0
2023-10-23 00:00:00+00:00,0.0,0.0,0.0,0.0,-1.3016269865615306,0.0,0.0,-2.2991506670808617,0.0
2023-10-24 00:00:00+00:00,0.0,0.0,0.0,0.0,-1.1929201468614563,0.0,0.0,0.0,1.545381798585531
2023-10-25 00:00:00+00:00,0.0,-1.6126971758044466,-1.0578280977615178,0.0,0.0,1.38825677984647,0.0,0.0,0.0
2023-10-26 00:00:00+00:00,0.0,0.0,0.0,-1.067333589804098,8.06088955734258,0.5791341678546478,1.6208203832892791,0.0,0.0
2023-10-27 00:00:00+00:00,0.0,0.0,0.0,0.0,0.0,0.0,0.0,7.1753040644177,0.0
2023-10-28 00:00:00+00:00,0.0,0.0,0.0,0.0,0.0,0.0,0.0,0.0,0.0
2023-10-29 00:00:00+00:00,0.0,0.0,0.0,-0.02240529364834297,0.0,0.0,0.0,0.0,0.0
2023-10-30 00:00:00+00:00,0.0,-3.374114851743225,0.0,0.0,0.0,0.0,0.0,0.0,-1.1169232382533274
2023-10-31 00:00:00+00:00,0.0,0.0,0.0,0.0,0.0,1.2063256982567747,0.06187394382249338,0.0,0.0
2023-11-01 00:00:00+00:00,-1.5360327120675297,0.0,0.0,0.0,0.0,0.0,0.0,0.0,-1.0845701311631522
2023-11-02 00:00:00+00:00,-1.2352982918306128,0.0,0.0,0.0,0.0,0.0,0.0,0.0,0.0
2023-11-03 00:00:00+00:00,-1.238433344678315,0.0,-1.0455519725850992,0.0,-1.193434261176504,-1.0329466523657715,-1.02933281736836,0.0,0.0
2023-11-04 00:00:00+00:00,0.0,0.0,0.0,0.0,0.0,0.0,0.0,0.0,0.0
2023-11-05 00:00:00+00:00,0.0,72.27927838198374,0.0,0.0,8.520065927361973,-0.13413822155983585,-0.008772160380025627,0.0,0.0
2023-11-06 00:00:00+00:00,0.0,0.0,0.0,0.0,0.0,0.0,0.0,0.0,0.0
2023-11-07 00:00:00+00:00,-1.3993942888568829,-1.6886408150216485,0.0,0.0,0.0,0.0,0.0,0.0,0.0
2023-11-08 00:00:00+00:00,0.0,0.0,0.0,0.0,0.0,0.0,0.0,-1.1265847295508653,0.0
2023-11-09 00:00:00+00:00,0.0,0.0,0.0,0.0,12.471649755315497,0.0,0.0,0.0,0.0
2023-11-10 00:00:00+00:00,0.0,0.0,0.0,0.0,0.0,0.0,0.0,0.0,0.0
2023-11-11 00:00:00+00:00,0.0,0.0,0.0,0.0,0.0,0.0,0.0,0.0,0.0
2023-11-12 00:00:00+00:00,0.0,0.0,0.0,0.0,0.0,0.0,0.0,0.0,0.0
2023-11-13 00:00:00+00:00,0.0,0.0,0.0,0.0,0.0,0.0,0.0,0.0,0.0
2023-11-14 00:00:00+00:00,0.0,0.0,-1.040749414622453,0.0,0.0,-0.741453976350674,-0.9780834119774229,0.0,0.9162596856359485
2023-11-15 00:00:00+00:00,4.623514160252388,0.0,0.0,0.0,0.0,0.0,0.0,10.941104995832346,0.0
2023-11-16 00:00:00+00:00,0.0,0.0,0.0,0.0,0.0,0.0,0.0,0.0,0.9186326115777242
2023-11-17 00:00:00+00:00,0.0,0.0,0.0,0.0,0.0,0.0,0.0,0.0,0.0
2023-11-18 00:00:00+00:00,0.0,0.0,0.0,0.0,0.0,0.0,0.0,0.0,0.0
2023-11-19 00:00:00+00:00,0.0,0.0,0.0,0.0,0.0,1.010655956776746,0.0,0.0,-0.9857273695594511
2023-11-20 00:00:00+00:00,0.0,0.0,-0.5177655314304077,0.0,0.0,0.0,0.0,0.0,0.0
2023-11-21 00:00:00+00:00,-2.516319427217236,-1.6814065488246466,0.0,0.0,0.0,-1.037752836935918,0.0,0.0,0.0
2023-11-22 00:00:00+00:00,0.0,-1.65806704939668,0.0,-1.0645216663410315,0.0,0.0,0.0,-2.268673966881787,0.8899160273683082
2023-11-23 00:00:00+00:00,-1.24394074852031,0.0,0.0,0.0,0.0,0.0,-1.0381899432465898,-1.1233158026545582,0.0
2023-11-24 00:00:00+00:00,0.0,0.0,0.0,0.0,0.0,0.0,0.0,0.0,0.0
2023-11-25 00:00:00+00:00,0.0,0.0,0.0,0.0,0.0,0.0,0.0,0.0,0.0
2023-11-26 00:00:00+00:00,0.0,0.0,0.0,0.0,0.0,0.0,0.0,0.0,0.0
2023-11-27 00:00:00+00:00,0.0,0.0,0.0,0.0,0.0,0.0,-1.0332093467451826,0.0,0.0
2023-11-28 00:00:00+00:00,0.0,0.0,0.0,1.522082576048935,0.0,-1.2494019319404523,-0.5553942217336937,0.0,0.0
2023-11-29 00:00:00+00:00,0.0,0.0,1.6404926237190238,0.0,0.0,0.0,0.0,0.0,0.0
2023-11-30 00:00:00+00:00,0.0,0.0,0.0,0.0,0.0,0.0,0.0,0.0,0.0
2023-12-01 00:00:00+00:00,6.745436097509707,0.0,0.0,0.0,0.0,0.0,0.0,-1.1477881579428517,0.0
2023-12-02 00:00:00+00:00,0.0,0.0,0.0,0.0,0.0,0.0,0.0,0.0,0.0
2023-12-03 00:00:00+00:00,0.0,0.0,0.0,0.31018599450124873,0.0,-0.1790736424939159,0.0,0.0,0.0
2023-12-04 00:00:00+00:00,0.0,0.0,0.0,0.0,0.0,0.0,0.0,-3.903945180449628,0.0
2023-12-05 00:00:00+00:00,0.0,0.0,0.0,0.0,0.0,0.0,0.0,0.0,0.0
2023-12-06 00:00:00+00:00,0.0,0.0,0.0,0.0,0.0,0.0,0.0,0.0,0.0
2023-12-07 00:00:00+00:00,0.0,0.0,0.0,0.0,0.0,0.9203435240683343,-1.031289033935967,0.0,0.0
2023-12-08 00:00:00+00:00,0.0,0.0,0.0,0.0,0.0,0.0,0.0,-1.0846024662187306,0.0
2023-12-09 00:00:00+00:00,0.0,0.0,0.0,0.0,0.0,0.0,0.0,0.0,0.0
2023-12-10 00:00:00+00:00,0.0,0.0,0.0,0.32190543452030296,0.0,0.0,0.0,0.0,0.0
2023-12-11 00:00:00+00:00,0.0,0.0,0.0,0.0,0.0,0.0,0.0,0.0,0.8394176574521414
2023-12-12 00:00:00+00:00,0.0,0.0,0.0,0.0,0.0,0.0,0.0,0.0,0.8965735248263531
2023-12-13 00:00:00+00:00,0.0,0.0,-0.03899468689861907,0.0,0.0,1.1519190209278876,0.0,0.0,0.8835431924079461
2023-12-14 00:00:00+00:00,0.0,0.0,0.0,0.9567251370518688,0.0,0.0,2.9669896284090087,0.0,0.9294541035119976
2023-12-15 00:00:00+00:00,0.0,0.0,0.0,0.0,0.0,0.0,0.0,0.0,0.0
2023-12-16 00:00:00+00:00,0.0,0.0,0.0,0.0,0.0,0.0,0.0,0.0,0.0
2023-12-17 00:00:00+00:00,0.0,0.0,0.0,0.0,0.0,-0.3235943448390865,1.019964743368717,0.0,0.0
2023-12-18 00:00:00+00:00,0.0,0.0,0.4755549776359485,0.0,0.0,0.0,0.0,0.0,0.0
2023-12-19 00:00:00+00:00,0.0,-1.6966535541586503,-1.063439658511157,0.0,0.0,0.0,0.0,0.0,0.0
2023-12-20 00:00:00+00:00,0.0,0.0,0.0,0.0,0.0,-1.0370539600778927,0.0,0.0,0.0
2023-12-21 00:00:00+00:00,6.272444553980658,0.0,-1.0604020795107723,0.0,0.0,-0.1396710406981908,0.0,0.0,0.0
2023-12-22 00:00:00+00:00,0.0,0.0,0.0,-1.0739849434051674,0.0,0.0,0.0,0.0,0.0
2023-12-23 00:00:00+00:00,0.0,0.0,0.0,0.0,0.0,0.0,0.0,0.0,0.0
2023-12-24 00:00:00+00:00,0.0,0.0,0.0,0.0,0.0,0.0,0.0,0.0,0.0
2023-12-25 00:00:00+00:00,0.0,0.0,0.0,0.0,0.0,0.0,0.0,0.0,0.0
2023-12-26 00:00:00+00:00,0.0,0.0,0.0,0.0,0.7142461952435502,0.0,0.0,0.0,0.0
2023-12-27 00:00:00+00:00,-1.2175368160686706,0.0,-0.767494152886926,0.0,0.0,0.0,0.0,0.0,0.0
2023-12-28 00:00:00+00:00,0.0,0.0,0.0,0.9409665444905094,0.0,0.0,0.0,0.0,-1.1092890806288005
2023-12-29 00:00:00+00:00,0.6871800447671119,0.0,0.0,0.0,0.0,0.0,0.0,0.0,-0.8420004866388071
2023-12-30 00:00:00+00:00,0.0,0.0,0.0,0.0,0.0,0.0,0.0,0.0,0.0
2023-12-31 00:00:00+00:00,0.0,0.0,0.0,0.0,0.0,0.0,0.0,0.0,0.0
2024-01-01 00:00:00+00:00,0.0,0.0,0.9431078420592037,0.0,0.0,0.0,0.0,0.0,0.0
2024-01-02 00:00:00+00:00,0.0,0.0,0.0,0.0,0.0,0.0,0.0,0.0,0.0
2024-01-03 00:00:00+00:00,0.0,0.0,-2.116346788758929,1.926958184702377,0.0,0.0,0.0,0.0,0.0
2024-01-04 00:00:00+00:00,0.0,0.0,0.0,0.0,24.83674001544552,0.0,0.0,0.0,0.0
2024-01-05 00:00:00+00:00,-2.213521777731466,0.0,0.0,0.0,0.0,0.0,0.0,-1.308605377661056,-1.0750225208003235
2024-01-06 00:00:00+00:00,0.0,0.0,0.0,0.0,0.0,0.0,0.0,0.0,0.0
2024-01-07 00:00:00+00:00,0.0,0.0,0.0,0.0,0.0,0.0,0.0,0.0,0.0
2024-01-08 00:00:00+00:00,0.0,0.0,0.0,-1.0723882757275767,0.0,0.0,0.0,0.0,0.0
2024-01-09 00:00:00+00:00,0.0,0.0,0.0,0.0,-0.16531711131736082,0.0,0.5219419477905825,0.0,0.0
2024-01-10 00:00:00+00:00,17.101440878797884,0.0,0.0,0.0,0.0,0.0,0.0,0.09465815613552553,0.0
2024-01-11 00:00:00+00:00,-1.12332494898185,0.0,0.0,-1.0540136257916348,0.0,0.0,0.0,0.0,-1.0872473475992874
2024-01-12 00:00:00+00:00,0.0,0.0,0.0,0.25627813521781573,0.0,0.8911208540431275,0.0,-2.2388228175269544,0.0
2024-01-13 00:00:00+00:00,0.0,0.0,0.0,0.0,0.0,0.0,0.0,0.0,0.0
2024-01-14 00:00:00+00:00,0.0,0.0,0.0,0.0,0.0,0.0,0.6368289058752604,-1.153499575745232,0.47434215122515494
2024-01-15 00:00:00+00:00,0.0,0.0,-0.548211100223681,0.0,0.0,0.0,0.0,0.0,0.0
2024-01-16 00:00:00+00:00,-1.2668697637926492,0.0,-1.0575130220553106,0.0,0.0,0.0,0.0,0.0,0.0
2024-01-17 00:00:00+00:00,-1.3970516100708608,0.0,0.0,-1.0748199592008896,0.0,0.0,0.0,0.0,0.0
2024-01-18 00:00:00+00:00,8.370889829249705,0.0,0.0,-0.2923992034864482,17.352701002452505,0.0,1.352295658568702,0.0,0.0
2024-01-19 00:00:00+00:00,0.0,-1.7252880064909684,0.0,0.0,0.0,0.0,0.0,0.0,0.0
2024-01-20 00:00:00+00:00,0.0,0.0,0.0,0.0,0.0,0.0,0.0,0.0,0.0
2024-01-21 00:00:00+00:00,0.0,0.0,0.0,0.0,-1.3927121520268204,0.0,0.0,0.0,0.0
2024-01-22 00:00:00+00:00,0.0,-1.748223080243585,0.0,0.0,-2.3113731318889013,0.0,0.0,0.0,0.0
2024-01-23 00:00:00+00:00,0.0,-1.6949439161623734,0.0,0.0,-1.1139009278477108,0.0,0.0,0.0,0.0
2024-01-24 00:00:00+00:00,0.0,0.0,1.6247257381835418,0.0,0.0,0.0,0.0,0.0,0.0
2024-01-25 00:00:00+00:00,0.0,-1.7145036777154121,0.0,-0.12154467511953326,0.0,0.0,0.0,0.0,0.0
2024-01-26 00:00:00+00:00,0.0,0.0,0.0,0.0,-2.2359988155326485,0.0,0.0,0.0,0.0
2024-01-27 00:00:00+00:00,0.0,0.0,0.0,0.0,0.0,0.0,0.0,0.0,0.0
2024-01-28 00:00:00+00:00,0.0,0.0,0.0,0.0,0.0,0.0,0.0,0.0,0.0
2024-01-29 00:00:00+00:00,0.0,0.0,0.0,0.0,0.0,0.0,0.0,-1.1355888393981528,0.0
2024-01-30 00:00:00+00:00,0.0,0.0,0.0,-1.0594173821290584,-1.1081254810946635,0.0,0.0,0.0,0.0
2024-01-31 00:00:00+00:00,0.0,0.0,0.0,0.0,0.0,0.0,0.0,-1.1417370343071251,0.0
2024-02-01 00:00:00+00:00,-1.2279153928597115,0.0,0.0,0.0,7.132817874088772,1.0572874648265658,1.4086121321922758,-1.0562062837966386,0.9213178282447662
2024-02-02 00:00:00+00:00,0.0,0.0,-1.0419595592800133,0.0,0.0,0.0,0.0,2.1488529647814154,0.9174684513307096
2024-02-03 00:00:00+00:00,0.0,0.0,0.0,0.0,0.0,0.0,0.0,0.0,0.0
2024-02-04 00:00:00+00:00,0.0,0.0,0.0,0.0,0.0,0.0,0.0,0.0,0.0
2024-02-05 00:00:00+00:00,0.0,0.0,0.0,0.0,0.0,0.0,2.9740295094106086,0.0,0.0
2024-02-06 00:00:00+00:00,0.0,0.0,0.0,0.0,0.0,0.43512075391280275,1.1838914720448834,0.0,0.0
2024-02-07 00:00:00+00:00,0.0,0.0,0.0,0.0,0.0,0.0,0.0,0.0,0.0
2024-02-08 00:00:00+00:00,0.0,0.0,0.0,0.0,-1.1109455100623797,0.0,0.0,0.0,0.0
2024-02-09 00:00:00+00:00,0.0,0.0,0.0,0.0,0.0,0.0,0.0,0.0,0.0
2024-02-10 00:00:00+00:00,0.0,0.0,0.0,0.0,0.0,0.0,0.0,0.0,0.0
2024-02-11 00:00:00+00:00,0.0,0.0,0.0,0.0,0.0,0.0,0.0,0.0,0.0
2024-02-12 00:00:00+00:00,0.0,0.0,0.0,0.0,-1.17064597611296,0.0,0.0,0.0,0.0
2024-02-13 00:00:00+00:00,-1.1413663649118497,0.0,-1.049281160574201,0.0,0.0,0.0,0.0,0.0,0.9190854722870251
2024-02-14 00:00:00+00:00,0.0,0.0,0.0,1.1286669125555722,0.0,0.0,0.0,0.0,0.0
2024-02-15 00:00:00+00:00,0.0,0.0,0.0,0.0,4.799562411103333,1.2512037596493892,0.0,0.0,0.8955415510592178
2024-02-16 00:00:00+00:00,0.0,0.0,0.0,0.0,0.0,0.0,0.5602506952725153,1.6971912363682298,0.0
2024-02-17 00:00:00+00:00,0.0,0.0,0.0,0.0,0.0,0.0,0.0,0.0,0.0
2024-02-18 00:00:00+00:00,0.0,0.0,0.0,0.0,0.0,0.0,0.0,0.0,0.0
2024-02-19 00:00:00+00:00,0.0,0.0,0.0,0.0,-2.4280727797531387,0.0,0.0,0.0,0.0
2024-02-20 00:00:00+00:00,0.0,0.0,0.0,0.0,1.2744503924303185,0.0,0.0,0.0,0.0
2024-02-21 00:00:00+00:00,0.0,0.0,1.1059345977872186,0.0,-2.3564013940507023,0.0,0.0,-1.1392085147069275,0.0
2024-02-22 00:00:00+00:00,0.0,0.0,0.0,0.0,0.0,0.0,0.0,0.0,0.0
2024-02-23 00:00:00+00:00,0.0,0.0,0.0,0.0,0.0,0.0,0.0,-1.1169381214741525,-0.9015929024957396
2024-02-24 00:00:00+00:00,0.0,0.0,0.0,0.0,0.0,0.0,0.0,0.0,0.0
2024-02-25 00:00:00+00:00,0.0,0.0,0.0,-0.46831472343340036,1.5222763423010972,0.0,0.0,0.0,-0.07748703733383826
2024-02-26 00:00:00+00:00,0.0,0.0,2.4872248146367,0.0,0.0,0.0,0.0,0.0,0.0
2024-02-27 00:00:00+00:00,35.19004504778564,0.0,0.0,0.0,-1.2354119528220882,0.0,0.0,-1.1446630623666505,0.0
2024-02-28 00:00:00+00:00,0.0,0.0,0.0,0.0,-1.140109069841268,0.0,0.0,-1.141234234683882,0.0
2024-02-29 00:00:00+00:00,0.0,0.0,0.0,0.0,-1.2251047035146296,0.0,0.0,0.0,0.0
2024-03-01 00:00:00+00:00,0.0,0.0,1.804770021859806,0.0,-1.1472405189784696,0.0,0.0,1.2787139323105985,0.0
2024-03-02 00:00:00+00:00,0.0,0.0,0.0,0.0,0.0,0.0,0.0,0.0,0.0
2024-03-03 00:00:00+00:00,0.0,0.0,0.0,1.0128996322761916,0.0,0.0,0.0,0.0,-0.3107945852654419
2024-03-04 00:00:00+00:00,0.0,0.0,0.0,0.0,0.0,0.0,0.0,0.0,0.0
2024-03-05 00:00:00+00:00,0.0,0.0,0.0,0.0,-1.2072841894757498,0.0,0.0,0.0,-0.8675806503022182
2024-03-06 00:00:00+00:00,-1.083848898592197,0.0,-1.0604639235952842,0.0,0.0,0.0,0.0,0.0,0.8974782030563209
2024-03-07 00:00:00+00:00,0.0,0.0,0.0,0.0,0.0,0.0,0.0,0.0,0.0
2024-03-08 00:00:00+00:00,0.0,0.0,0.0,0.0,0.0,0.0,0.0,0.0,0.0
2024-03-09 00:00:00+00:00,0.0,0.0,0.0,0.0,0.0,0.0,0.0,0.0,0.0
2024-03-10 00:00:00+00:00,0.0,0.0,0.0,0.0,0.0,0.0,0.0,0.0,0.0
2024-03-11 00:00:00+00:00,0.0,0.0,0.0,0.0,0.0,0.0,0.0,0.0,0.0
2024-03-12 00:00:00+00:00,0.0,0.0,0.0,0.0,0.0,0.0,0.0,0.0,0.0
2024-03-13 00:00:00+00:00,0.0,0.0,0.0,0.0,0.0,0.0,0.0,0.0,0.0
2024-03-14 00:00:00+00:00,-1.1577314156887906,0.0,0.0,0.0,0.0,0.0,0.0,0.0,1.257268939330816
2024-03-15 00:00:00+00:00,0.0,0.0,-1.1796108544274737,0.0,0.0,0.0,0.0,3.189026196746764,0.0
2024-03-16 00:00:00+00:00,0.0,0.0,0.0,0.0,0.0,0.0,0.0,0.0,0.0
2024-03-17 00:00:00+00:00,0.0,0.0,0.0,0.0,0.0,0.0,0.0,0.0,0.0
2024-03-18 00:00:00+00:00,-1.1178759354648526,0.0,0.0,0.0,0.0,0.0,0.0,0.0,0.0
2024-03-19 00:00:00+00:00,0.0,0.0,0.0,0.0,0.0,0.0,0.0,0.0,0.0
2024-03-20 00:00:00+00:00,0.0,0.0,0.0,1.9427892956897723,0.0,0.0,0.0,0.29519074374514415,0.0
2024-03-21 00:00:00+00:00,0.0,0.0,0.0,0.17807064643860857,0.0,0.0,0.0,0.0,0.0
2024-03-22 00:00:00+00:00,-1.0906063628999296,0.0,0.0,0.0,0.0,0.0,-0.8159467199226809,0.0,0.0
2024-03-23 00:00:00+00:00,0.0,0.0,0.0,0.0,0.0,0.0,0.0,0.0,0.0
2024-03-24 00:00:00+00:00,0.0,0.0,0.0,0.0,-1.7379023805648126,-0.6729109666689115,0.0,0.0,0.0
2024-03-25 00:00:00+00:00,0.0,0.0,3.8730151354853315,0.0,-1.1518999158646093,0.0,0.0,0.0,0.0
2024-03-26 00:00:00+00:00,0.0,0.0,0.0,0.0,-2.44160831792307,0.0,0.0,0.0,0.0
2024-03-27 00:00:00+00:00,0.0,0.0,0.0,0.0,-1.204143132603676,0.0,0.0,0.0,0.0
2024-03-28 00:00:00+00:00,0.0,0.0,0.0,1.8874770560406378,-2.9161590929301986,0.0,0.0,0.0,0.7436307910804985
2024-03-29 00:00:00+00:00,0.0,0.0,0.901297290153913,0.0,-1.1876803168336856,0.0,0.0,0.3428269107014664,0.0
2024-03-30 00:00:00+00:00,0.0,0.0,0.0,0.0,0.0,0.0,0.0,0.0,0.0
2024-03-31 00:00:00+00:00,0.0,0.0,0.0,0.0,0.0,0.0,0.0,0.0,0.0
2024-04-01 00:00:00+00:00,-1.3647101710076535,0.0,0.0,0.0,-1.3096648476775448,0.0,0.0,0.0,0.8474379155395992
2024-04-02 00:00:00+00:00,0.0,0.0,0.0,0.11756620199207217,-0.21890951600969358,0.0,0.0,0.0,0.0
2024-04-03 00:00:00+00:00,0.0,0.0,-1.0624192066139044,-1.0517338655898811,0.0,0.0,0.0,1.0367794921851485,0.8860298753768746
2024-04-04 00:00:00+00:00,0.0,0.0,0.0,0.0,-1.2700671268486619,0.0,0.0,0.0,0.0
2024-04-05 00:00:00+00:00,0.0,0.0,0.0,0.0,0.0,0.0,0.0,-1.1126263801891616,0.0
2024-04-06 00:00:00+00:00,0.0,0.0,0.0,0.0,0.0,0.0,0.0,0.0,0.0
2024-04-07 00:00:00+00:00,0.0,0.0,0.0,0.0,-1.184451414620344,0.0,0.0,0.0,0.0
2024-04-08 00:00:00+00:00,0.0,0.0,0.48181658683779033,-1.0502160784718735,0.0,0.0,0.0,0.0,0.0
2024-04-09 00:00:00+00:00,0.0,0.0,0.0,0.0,0.0,0.0,0.0,0.0,0.0
2024-04-10 00:00:00+00:00,-1.1246756136459155,0.0,4.901383129603439,0.0,0.0,0.0,-0.12662463510283473,0.0,0.9195992066693398
2024-04-11 00:00:00+00:00,-1.1595287678541486,0.0,0.0,0.18292526161824751,15.061766722414621,0.5237861883547968,0.0,0.0,0.0
2024-04-12 00:00:00+00:00,0.0,0.0,-1.0423530713853546,1.9538643920131946,0.0,0.0,0.0,0.0,0.0
2024-04-13 00:00:00+00:00,0.0,0.0,0.0,0.0,0.0,0.0,0.0,0.0,0.0
2024-04-14 00:00:00+00:00,0.0,0.0,0.0,0.0,0.0,0.0,0.0,0.0,0.0
2024-04-15 00:00:00+00:00,0.0,0.0,0.0,0.0,0.0,0.0,-0.4083663471533907,0.0,0.0
2024-04-16 00:00:00+00:00,0.0,0.0,0.0,0.0,0.0,0.0,0.0,0.0,0.0
2024-04-17 00:00:00+00:00,0.0,0.0,0.0,0.0,0.0,0.0,0.0,-1.1430873750436445,0.0
2024-04-18 00:00:00+00:00,-1.1155070478189613,0.0,0.0,0.0,0.0,0.0,0.0,0.0,0.6738635113361439
2024-04-19 00:00:00+00:00,-1.1297348250533843,0.0,0.0,0.0,0.0,0.0,-0.4507527291588471,0.0,-1.104364860531745
2024-04-20 00:00:00+00:00,0.0,0.0,0.0,0.0,0.0,0.0,0.0,0.0,0.0
2024-04-21 00:00:00+00:00,0.0,0.0,0.0,0.0,-1.4333766356187836,0.0,0.0,-1.1733286538693333,0.0
2024-04-22 00:00:00+00:00,0.0,0.0,0.0,1.9291792764313935,0.0,0.0,0.0,0.0,0.0
2024-04-23 00:00:00+00:00,0.0,0.0,0.0,0.9135392737477273,0.0,0.0,0.0,0.0,0.0
2024-04-24 00:00:00+00:00,0.0,0.0,-1.0626338739488579,0.0,0.0,0.0,0.0,0.0,0.0
2024-04-25 00:00:00+00:00,0.0,0.0,0.0,0.0,0.0,0.0,0.0,0.0,-1.9887429340110845
2024-04-26 00:00:00+00:00,0.0,-1.7403690438360833,0.0,0.0,0.0,0.0,0.0,-1.147983861698496,0.0
2024-04-27 00:00:00+00:00,0.0,0.0,0.0,0.0,0.0,0.0,0.0,0.0,0.0
2024-04-28 00:00:00+00:00,0.0,0.0,0.0,0.0,0.0,0.0,0.0,0.0,0.0
2024-04-29 00:00:00+00:00,0.0,0.0,0.0,0.0,0.0,0.0,0.0,0.0,0.0
2024-04-30 00:00:00+00:00,0.0,0.0,7.5694099113457884,2.231213734069637,0.0,-0.4550567367710326,0.0,0.0,0.0
2024-05-01 00:00:00+00:00,15.086677255007853,0.0,0.0,-1.0618170270765568,0.0,0.0,0.0,2.95068925370703,0.0
2024-05-02 00:00:00+00:00,0.0,0.0,0.0,0.0,0.0,0.0,0.0,0.0,0.9124835914686966
2024-05-03 00:00:00+00:00,0.0,0.0,0.0,0.0,0.0,0.0,0.0,0.0,0.0
2024-05-04 00:00:00+00:00,0.0,0.0,0.0,0.0,0.0,0.0,0.0,0.0,0.0
2024-05-05 00:00:00+00:00,0.0,0.0,0.0,0.0,0.0,0.0,0.0,0.0,0.0
2024-05-06 00:00:00+00:00,0.0,0.0,0.0,0.0,0.0,0.0,0.0,0.0,0.0
2024-05-07 00:00:00+00:00,0.0,0.0,1.7080522651608185,0.0,0.0,0.0,0.0,0.0,0.0
2024-05-08 00:00:00+00:00,0.0,0.0,0.0,0.0,0.0,0.0,0.0,0.0,0.0
2024-05-09 00:00:00+00:00,0.0,0.0,0.0,0.1600739603007046,0.0,0.0,0.0,0.0,0.8714200096970348
2024-05-10 00:00:00+00:00,0.0,0.0,0.0,0.8761712039462319,0.0,0.0,0.0,-0.8291599059741339,0.0
2024-05-11 00:00:00+00:00,0.0,0.0,0.0,0.0,0.0,0.0,0.0,0.0,0.0
2024-05-12 00:00:00+00:00,0.0,0.0,0.0,0.0,0.0,0.0,0.0,0.0,0.0
2024-05-13 00:00:00+00:00,1.311419804044292,0.0,0.0,0.0,0.0,0.0,0.0,0.0,0.0
2024-05-14 00:00:00+00:00,0.0,0.0,0.0,0.0,6.45418021075251,0.0,0.0,-2.3296336884954134,0.0
2024-05-15 00:00:00+00:00,0.0,0.0,-2.120934792016704,0.0,0.0,0.0,0.0,0.0,0.0
2024-05-16 00:00:00+00:00,0.0,0.0,0.0,0.4142560749147202,0.0,0.0,0.0,-1.141647206509645,0.0
2024-05-17 00:00:00+00:00,0.0,0.0,0.0,0.0,0.0,0.0,0.0,0.0,0.0
2024-05-18 00:00:00+00:00,0.0,0.0,0.0,0.0,0.0,0.0,0.0,0.0,0.0
2024-05-19 00:00:00+00:00,0.0,0.0,0.0,0.0,0.0,0.0,0.0,0.0,0.0
2024-05-20 00:00:00+00:00,0.0,0.0,0.0,-1.0648535576994977,0.0,0.0,0.0,0.0,-1.1759305236242337
2024-05-21 00:00:00+00:00,0.0,0.0,0.0,0.0,0.0,0.0,0.0,0.0,-1.1273397869443633
2024-05-22 00:00:00+00:00,0.0,0.0,0.0,0.0,0.0,0.0,0.0,0.0,0.0
2024-05-23 00:00:00+00:00,0.0,0.0,0.0,3.1148300057628955,0.0,0.0,0.0,0.0,0.0
2024-05-24 00:00:00+00:00,0.0,0.0,0.0,0.0,0.0,0.0,0.0,0.0,0.0
2024-05-25 00:00:00+00:00,0.0,0.0,0.0,0.0,0.0,0.0,0.0,0.0,0.0
2024-05-26 00:00:00+00:00,0.0,0.0,0.0,0.0,0.0,0.0,0.0,0.0,0.12323625974060293
2024-05-27 00:00:00+00:00,0.0,0.0,0.0,0.0,-3.691504522122928,0.0,0.0,0.0,0.0
2024-05-28 00:00:00+00:00,0.0,0.0,0.0,0.0,-1.2615984667921922,0.0,0.0,0.0,0.0
2024-05-29 00:00:00+00:00,0.0,0.0,0.0,0.0,0.0,0.0,0.0,-0.07942572811544704,0.0
2024-05-30 00:00:00+00:00,0.0,0.0,0.0,-1.060360072571305,0.0,0.0,0.0,0.0,0.0
2024-05-31 00:00:00+00:00,0.0,0.0,0.0,0.0,0.0,0.0,0.0,0.0,-0.8303386193197905
2024-06-01 00:00:00+00:00,0.0,0.0,0.0,0.0,0.0,0.0,0.0,0.0,0.0
2024-06-02 00:00:00+00:00,-1.2749030684211213,0.0,0.0,0.0,0.0,0.0,0.0,0.0,0.0
2024-06-03 00:00:00+00:00,0.0,0.0,0.0,0.0,0.0,0.0,0.0,0.0,0.0
2024-06-04 00:00:00+00:00,0.0,0.0,0.0,0.0,0.0,0.0,0.0,0.0,0.8721818418373676
2024-06-05 00:00:00+00:00,0.0,0.0,0.0,0.0,0.0,0.0,0.0,0.0,0.0
2024-06-06 00:00:00+00:00,0.0,0.0,0.0,-1.0613971631908685,0.0,0.0,0.0,0.0,0.0
2024-06-07 00:00:00+00:00,0.0,0.0,-1.048229446095572,0.0,0.0,0.0,0.0,0.6739944201444436,0.0
2024-06-08 00:00:00+00:00,0.0,0.0,0.0,0.0,0.0,0.0,0.0,0.0,0.0
2024-06-09 00:00:00+00:00,0.0,0.0,0.0,-0.2888159204596354,0.0,0.0,0.0,0.0,0.0
2024-06-10 00:00:00+00:00,-1.2583068849890842,0.0,0.0,0.0,0.0,0.0,0.0,0.0,0.0
2024-06-11 00:00:00+00:00,0.0,0.0,0.0,0.0,0.0,0.8278555403842001,0.0,0.0,0.0
2024-06-12 00:00:00+00:00,-1.1697151838738011,0.0,0.8867310936487535,-1.056542122235964,0.0,0.0,0.0,0.0,0.0
2024-06-13 00:00:00+00:00,0.0,0.0,0.0,0.0,0.0,0.0,0.0,0.0,0.0
2024-06-14 00:00:00+00:00,0.0,0.0,0.0,0.0,0.0,0.0,2.5274686786008504,0.0,0.13565838733720814
2024-06-15 00:00:00+00:00,0.0,0.0,0.0,0.0,0.0,0.0,0.0,0.0,0.0
2024-06-16 00:00:00+00:00,0.0,0.0,0.0,0.0,0.0,0.0,0.0,0.0,0.0
2024-06-17 00:00:00+00:00,-1.3660188477236732,0.0,0.0,0.0,0.0,0.0,0.0,0.0,0.0
2024-06-18 00:00:00+00:00,0.0,0.0,0.0,0.0,0.0,0.0,0.0,0.0,0.867500493970652
2024-06-19 00:00:00+00:00,0.0,0.0,0.0,0.0,0.0,0.0,0.0,0.0,0.0
2024-06-20 00:00:00+00:00,0.0,0.0,0.0,0.8969542351338496,0.0,0.0,0.0,0.0,0.0
2024-06-21 00:00:00+00:00,0.0,0.0,0.0,0.0,0.0,0.0,0.0,3.095348807328013,0.0
2024-06-22 00:00:00+00:00,0.0,0.0,0.0,0.0,0.0,0.0,0.0,0.0,0.0
2024-06-23 00:00:00+00:00,0.0,0.0,0.0,0.0,0.0,0.0,0.0,0.0,0.0
2024-06-24 00:00:00+00:00,0.0,0.0,0.0,0.0,0.0,0.0,0.0,0.0,0.0
2024-06-25 00:00:00+00:00,0.0,0.0,0.0,0.0,0.0,0.0,0.0,0.0,0.0
2024-06-26 00:00:00+00:00,0.0,0.0,0.0,0.0,0.0,0.0,0.0,0.0,0.0
2024-06-27 00:00:00+00:00,0.0,0.0,0.0,-0.17457762866933133,0.0,0.0,0.0,0.0,0.0
2024-06-28 00:00:00+00:00,0.0,0.0,0.0,0.0,0.0,0.0,0.0,0.0,0.0
2024-06-29 00:00:00+00:00,0.0,0.0,0.0,0.0,0.0,0.0,0.0,0.0,0.0
2024-06-30 00:00:00+00:00,0.0,0.0,0.0,0.0,0.0,0.0,0.0,0.0,-0.19435598745312713
2024-07-01 00:00:00+00:00,0.0,0.0,0.0,0.0,0.0,0.0,0.0,0.0,-1.1572223534012154
2024-07-02 00:00:00+00:00,0.0,0.0,0.0,0.0,0.0,0.0,0.0,0.0,0.8821305936544307
2024-07-03 00:00:00+00:00,0.0,0.0,0.0,0.0,0.0,0.0,0.0,0.0,0.0
2024-07-04 00:00:00+00:00,0.0,0.0,0.0,0.6667873619416249,0.0,0.0,0.0,0.0,0.0
2024-07-05 00:00:00+00:00,0.0,0.0,-1.0690830838480843,0.0,0.0,0.0,0.0,0.0,0.0
2024-07-06 00:00:00+00:00,0.0,0.0,0.0,0.0,0.0,0.0,0.0,0.0,0.0
2024-07-07 00:00:00+00:00,0.0,0.0,0.0,0.0,0.0,0.0,0.0,0.0,0.0
2024-07-08 00:00:00+00:00,-1.1323551812778858,0.0,0.0,0.0,0.0,0.0,0.0,0.0,0.0
2024-07-09 00:00:00+00:00,0.0,0.0,0.0,0.0,-1.2139569983297607,0.0,0.0,0.0,0.0
2024-07-10 00:00:00+00:00,0.0,0.0,0.0,0.0,0.0,0.0,0.0,0.0,0.0
2024-07-11 00:00:00+00:00,0.0,0.0,0.0,0.0,0.0,0.0,-0.17999527898877268,-3.472780779814709,0.0
2024-07-12 00:00:00+00:00,0.0,0.0,0.0,0.3788001060893235,0.0,0.0,0.0,-2.318075292032046,-0.5200937337764651
2024-07-13 00:00:00+00:00,0.0,0.0,0.0,0.0,0.0,0.0,0.0,0.0,0.0
2024-07-14 00:00:00+00:00,0.0,0.0,0.0,0.0,0.0,0.0,0.0,0.0,-0.22835582990399897
2024-07-15 00:00:00+00:00,0.0,0.0,1.2030568371311305,0.0,0.0,0.0,0.0,0.0,0.0
2024-07-16 00:00:00+00:00,0.0,0.0,0.0,-1.0752730093173444,0.0,0.0,0.0,0.0,0.0
2024-07-17 00:00:00+00:00,0.0,0.0,0.0,1.949379921941412,0.0,0.0,-1.0360897965804667,13.615286891249585,0.0
2024-07-18 00:00:00+00:00,0.0,0.0,-1.0701362618612293,0.0,-1.188234293345132,0.0,0.0,0.0,0.0
2024-07-19 00:00:00+00:00,0.0,0.0,0.0,0.0,0.0,0.0,0.0,0.0,0.0
2024-07-20 00:00:00+00:00,0.0,0.0,0.0,0.0,0.0,0.0,0.0,0.0,0.0
2024-07-21 00:00:00+00:00,0.0,0.0,0.0,0.0,0.0,0.0,0.0,0.0,0.0
2024-07-22 00:00:00+00:00,0.0,0.0,0.0,0.0,0.0,0.0,0.0,0.0,0.0
2024-07-23 00:00:00+00:00,-1.3552922522481086,0.0,0.0,0.0,0.0,0.0,0.0,0.0,0.0
2024-07-24 00:00:00+00:00,0.0,0.0,0.0,-1.0579982453848087,0.0,0.0,0.0,0.0,0.0
2024-07-25 00:00:00+00:00,0.0,0.0,0.0,0.6885867086516942,0.0,0.0,0.0,0.0,0.0
2024-07-26 00:00:00+00:00,0.0,0.0,0.0,0.0,0.0,0.0,0.0,5.657071708261333,0.0
2024-07-27 00:00:00+00:00,0.0,0.0,0.0,0.0,0.0,0.0,0.0,0.0,0.0
2024-07-28 00:00:00+00:00,0.0,0.0,0.0,0.0,-0.5146435888884386,0.0,0.0,0.0,0.0
2024-07-29 00:00:00+00:00,-1.1626520338535948,0.0,0.0,0.0,0.0,0.0,0.0,0.0,0.0
2024-07-30 00:00:00+00:00,0.0,0.0,0.0,0.0,0.0,0.0,0.0,0.0,0.0
2024-07-31 00:00:00+00:00,0.0,0.0,0.0,0.9144439118822517,0.0,0.0,0.0,3.4472993800496643,0.8413828577140479
2024-08-01 00:00:00+00:00,0.0,0.0,0.0,-0.7112680996081152,0.0,0.26307141955498126,-0.7052694419310066,0.0,0.902235971460061
2024-08-02 00:00:00+00:00,0.0,0.0,0.5189144315757263,0.0,0.0,0.0,0.0,0.0,0.0
2024-08-03 00:00:00+00:00,0.0,0.0,0.0,0.0,0.0,0.0,0.0,0.0,0.0
2024-08-04 00:00:00+00:00,0.0,0.0,0.0,0.0,0.0,0.0,0.0,0.0,0.0
2024-08-05 00:00:00+00:00,0.0,0.0,-1.0323399132783466,1.9672738949526256,0.0,0.0,0.0,0.0,0.9232500532780427
2024-08-06 00:00:00+00:00,0.0,0.0,0.0,0.0,0.0,0.0,-0.14071376874989597,0.0,0.0
2024-08-07 00:00:00+00:00,0.0,0.0,0.0,0.0,0.0,0.0,0.0,0.0,0.0
2024-08-08 00:00:00+00:00,0.0,-1.7277599233066154,0.0,0.0,0.0,0.0,0.0,0.0,0.0
2024-08-09 00:00:00+00:00,0.0,0.0,0.0,0.0,0.0,0.0,0.0,0.0,0.0
2024-08-10 00:00:00+00:00,0.0,0.0,0.0,0.0,0.0,0.0,0.0,0.0,0.0
2024-08-11 00:00:00+00:00,0.0,0.0,0.0,0.0,-1.196759579057228,0.48668247292204697,0.0,0.0,0.0
2024-08-12 00:00:00+00:00,-1.1672649065233816,0.0,0.0,0.0,0.0,0.0,-0.06048091221483522,0.0,0.0
2024-08-13 00:00:00+00:00,-1.2007200871660226,0.0,-1.0597268842145269,0.0,0.0,0.0,0.0,0.0,0.07379733015160128
2024-08-14 00:00:00+00:00,0.0,0.0,0.0,0.0,0.0,0.0,0.0,0.11243576981902532,0.0
2024-08-15 00:00:00+00:00,0.0,0.0,0.0,0.0,0.0,0.0,0.0,0.0,-1.1240344083472797
2024-08-16 00:00:00+00:00,0.0,0.0,-1.0624617950745272,0.0,0.0,0.0,-1.0218537855586878,-1.1355342250298621,0.0
2024-08-17 00:00:00+00:00,0.07893684028846619,0.0,0.0,0.0,0.0,0.0,0.0,0.0,0.0
2024-08-18 00:00:00+00:00,0.0,0.0,0.0,0.9945533363551546,0.0,0.0,0.0,0.0,0.0
2024-08-19 00:00:00+00:00,-1.1968338638523786,0.0,0.0,0.0,-1.257268347155289,0.0,0.0,4.008028435977099,0.0
2024-08-20 00:00:00+00:00,0.0,0.0,0.0,0.0,0.0,0.0,0.0,0.0,0.0
2024-08-21 00:00:00+00:00,0.0,0.0,0.0,0.0,0.0,0.0,0.0,0.0,0.0
2024-08-22 00:00:00+00:00,0.0,0.0,0.0,0.0,0.0,0.0,0.0,0.0,0.0
2024-08-23 00:00:00+00:00,0.0,0.0,-1.0531824266140029,-0.7007387065621871,-1.1159946958857587,0.0,0.0,0.0,0.0
2024-08-24 00:00:00+00:00,0.0,0.0,0.0,0.0,0.0,0.0,0.0,0.0,0.0
2024-08-25 00:00:00+00:00,0.0,0.0,0.0,0.0,0.0,-0.3242110090142613,0.0,0.0,0.0
2024-08-26 00:00:00+00:00,0.0,0.0,0.0,0.0,0.0,0.0,0.008956457307054142,0.0,0.0
2024-08-27 00:00:00+00:00,0.0,0.0,0.0,0.0,0.0,0.0,0.0,0.0,0.0
2024-08-28 00:00:00+00:00,0.0,0.0,0.0,0.0,0.0,0.0,0.0,0.0,0.0
2024-08-29 00:00:00+00:00,0.0,0.0,0.0,0.0,0.0,0.6484324588902198,0.0,-1.120068053403061,0.23294859618669866
2024-08-30 00:00:00+00:00,0.0,0.0,2.563195294289265,0.0,0.0,0.0,2.9572153921985906,0.0,0.0
2024-08-31 00:00:00+00:00,0.0,0.0,0.0,0.0,0.0,0.0,0.0,0.0,0.0
2024-09-01 00:00:00+00:00,0.0,0.0,0.0,0.0,0.0,0.0,0.0,0.0,0.0
2024-09-02 00:00:00+00:00,0.0,0.0,0.0,0.0,0.0,0.0,0.0,0.0,0.0
2024-09-03 00:00:00+00:00,0.0,0.0,0.0,0.0,0.0,0.0,0.0,2.8022399188351215,0.0
2024-09-04 00:00:00+00:00,0.0,0.0,1.174831286208711,0.0,0.0,0.0,0.0,0.0,0.0
2024-09-05 00:00:00+00:00,0.0,0.0,0.0,0.0,0.0,0.0,0.0,0.0,-0.010943446085079423
2024-09-06 00:00:00+00:00,15.704906336533027,0.0,0.0,0.0,0.0,0.0,0.0,0.0,0.9173577163155203
2024-09-07 00:00:00+00:00,0.0,0.0,0.0,0.0,0.0,0.0,0.0,0.0,0.0
2024-09-08 00:00:00+00:00,0.0,0.0,0.0,0.0,0.0,0.0,0.0,0.0,0.0
2024-09-09 00:00:00+00:00,0.0,0.0,-0.5823572065835173,0.0,-1.093616239440358,0.0,0.0,0.0,0.0
2024-09-10 00:00:00+00:00,4.463169873571266,0.0,0.0,0.0,0.0,0.0,0.0,0.0,0.0
2024-09-11 00:00:00+00:00,0.0,0.0,0.0,0.0,0.0,0.0,0.0,-1.149373994676704,0.0
2024-09-12 00:00:00+00:00,0.0,0.0,0.0,0.8220171971143014,-1.095857212130294,-0.21182537425001435,0.0,0.0,0.22566514578416125
2024-09-13 00:00:00+00:00,0.0,0.0,0.5831648155711094,1.0576297774695835,0.0,0.0,1.5946863137781855,0.0,0.0
2024-09-14 00:00:00+00:00,0.0,0.0,0.0,0.0,0.0,0.0,0.0,0.0,0.0
2024-09-15 00:00:00+00:00,0.0,0.0,0.0,0.0,0.0,0.0,0.0,0.0,0.0
2024-09-16 00:00:00+00:00,0.0,0.0,0.0,0.0,0.0,0.0,0.0,0.0,0.7903042664584425
2024-09-17 00:00:00+00:00,-1.2003133607384815,0.0,0.0,0.0,-1.091374591296813,0.0,0.0,0.0,0.8293193649193685
2024-09-18 00:00:00+00:00,0.0,0.0,0.0,0.0,0.0,0.0,0.0,0.0,0.8911844714681384
2024-09-19 00:00:00+00:00,0.0,0.0,0.0,-1.0404647679968473,0.0,0.0,0.0,0.0,-1.0893734913945472
2024-09-20 00:00:00+00:00,0.0,0.0,0.0,1.3658799991013875,0.0,0.0,0.0,0.0,0.0
2024-09-21 00:00:00+00:00,0.0,0.0,0.0,0.0,0.0,0.0,0.0,0.0,0.0
2024-09-22 00:00:00+00:00,-1.294299241937794,0.0,0.0,0.0,0.0,0.16788330235584545,0.0,1.5932350572706258,0.0
2024-09-23 00:00:00+00:00,-1.4513812626455969,0.0,0.0,0.0,0.0,0.0,-0.7887294327616565,0.0,0.0
2024-09-24 00:00:00+00:00,0.0,0.0,-1.0554414372486285,0.0,-1.081709959293376,-1.0452884755847023,0.0,0.0,0.0
2024-09-25 00:00:00+00:00,0.0,0.0,0.0,-0.2604787343016372,0.0,0.0,-1.0365797531915795,-1.1080169059186464,0.0
2024-09-26 00:00:00+00:00,0.0,0.0,0.0,0.0,0.0,0.20564314677258766,0.0,-3.2829584061575536,0.0
2024-09-27 00:00:00+00:00,0.0,0.0,-1.058196691353923,0.0,0.0,0.0,0.7821805077961878,0.0,0.0
2024-09-28 00:00:00+00:00,0.0,0.0,0.0,0.0,0.0,0.0,0.0,0.0,0.0
2024-09-29 00:00:00+00:00,0.0,0.0,0.0,0.0,0.0,0.0,0.0,0.0,0.0
2024-09-30 00:00:00+00:00,0.0,0.0,0.0,0.0,-1.0837980900161333,0.0,0.0,-1.135861187265427,0.0
2024-10-01 00:00:00+00:00,0.0,0.0,0.0,-0.4053218217160951,0.0,-0.062024233770126884,-1.0372839877036655,1.727953719046442,0.21525750568188964
2024-10-02 00:00:00+00:00,0.0,0.0,0.0,0.0,0.0,0.0,0.0,0.0,0.0
2024-10-03 00:00:00+00:00,0.0,0.0,0.0,0.0,0.0,0.0,0.0,0.0,0.866391160388784
2024-10-04 00:00:00+00:00,-1.1518007733460578,0.0,-1.0530608193538264,0.0,0.0,-1.0374570332235329,0.0,0.0,0.0
2024-10-05 00:00:00+00:00,0.0,0.0,0.0,0.0,0.0,0.0,0.0,0.0,0.0
2024-10-06 00:00:00+00:00,0.0,0.0,0.0,0.0,0.0,0.0,0.0,0.0,0.0
2024-10-07 00:00:00+00:00,0.0,0.0,0.0,0.0,0.0,0.0,-0.41718018836852844,0.0,0.0
2024-10-08 00:00:00+00:00,0.0,0.0,0.0,-1.0624007721583164,-1.0792731238886046,0.0,0.0,0.0,0.0
2024-10-09 00:00:00+00:00,0.0,0.0,0.0,0.10374050555512371,0.0,0.0,0.0,0.0,0.0
2024-10-10 00:00:00+00:00,0.0,0.0,0.0,0.0,3.06374684167976,0.12709731728264168,0.0,0.17584607398720037,0.0
2024-10-11 00:00:00+00:00,0.0,0.0,0.0,0.0,0.0,0.0,0.037587078303827785,0.0,0.0
2024-10-12 00:00:00+00:00,2.4156054077484237,0.0,0.0,0.0,0.0,0.0,0.0,0.0,0.0
2024-10-13 00:00:00+00:00,0.0,0.0,0.0,0.0,0.0,0.0,0.0,0.0,0.0
2024-10-14 00:00:00+00:00,0.0,0.0,0.0,0.0,0.0,0.0,0.0,0.0,0.0
2024-10-15 00:00:00+00:00,0.0,0.0,0.0,0.0,-2.8972838632558067,0.0,0.0,0.0,0.0
2024-10-16 00:00:00+00:00,0.0,0.0,-0.6914812980898832,0.0,-1.1215346099630292,0.0,-0.21612769305652527,0.0,0.0
2024-10-17 00:00:00+00:00,0.0,0.0,0.0,0.0,0.0,0.0,0.0,0.0,0.0
2024-10-18 00:00:00+00:00,0.0,0.0,0.0,0.0,0.0,0.0,0.0,0.0,0.15636984306409152
2024-10-19 00:00:00+00:00,0.0,0.0,0.0,0.0,0.0,0.0,0.0,0.0,0.0
2024-10-20 00:00:00+00:00,0.0,0.0,0.0,0.0,1.6817187703967291,0.0,0.0,0.0,0.0
2024-10-21 00:00:00+00:00,-1.322995635885374,0.0,0.0,0.0,0.0,0.0,0.0,0.0,0.0
2024-10-22 00:00:00+00:00,0.0,0.0,0.0,0.0,0.0,0.0,0.0,0.0,0.0
2024-10-23 00:00:00+00:00,0.0,0.0,-1.0695525249508742,0.0,0.0,0.0,0.0,0.0,0.0
2024-10-24 00:00:00+00:00,1.403179165784639,0.0,0.0,0.0,0.0,0.0,0.0,0.0,0.0
2024-10-25 00:00:00+00:00,-1.2940615167288714,0.0,0.0,0.0,-1.1201039905541939,0.0,0.8272188767249247,0.0,0.0
2024-10-26 00:00:00+00:00,-1.3018818336072113,0.0,0.0,0.0,0.0,0.0,0.0,0.0,0.0
2024-10-27 00:00:00+00:00,0.0,0.0,0.0,0.0,0.0,0.0,0.0,0.0,0.0
2024-10-28 00:00:00+00:00,0.0,0.0,0.0,0.0,0.0,0.0,0.0,0.0,0.0
2024-10-29 00:00:00+00:00,0.0,0.0,0.0,0.3480784983676947,5.890032375033745,0.0,0.0,0.0,0.0
2024-10-30 00:00:00+00:00,0.0,0.0,0.0,0.0,0.0,0.0,0.0,0.0,0.0
2024-10-31 00:00:00+00:00,0.0,0.0,0.0,0.0,-1.096355527796711,0.0,0.0,0.0,-1.8924861553495154
2024-11-01 00:00:00+00:00,-2.3005932287046935,0.0,0.0,0.0,0.0,1.0758199325443194,0.0,-1.1065206038773616,-1.1196942196105142
2024-11-02 00:00:00+00:00,0.0,0.0,0.0,0.0,0.0,0.0,0.0,0.0,0.0
2024-11-03 00:00:00+00:00,0.0,0.0,0.0,0.0,0.0,0.0,0.0,0.0,0.0
2024-11-04 00:00:00+00:00,0.0,0.0,-1.0913343721402844,0.0,0.0,0.0,1.2086596700039098,0.0,0.0
2024-11-05 00:00:00+00:00,0.0,0.0,0.0,0.0,-1.1109316455096723,0.0,0.0,0.0,0.0
2024-11-06 00:00:00+00:00,0.0,0.0,5.153897063282364,0.9290782405786187,-1.1247497692298067,1.170186592343289,0.0,0.0,0.9207891217220938
2024-11-07 00:00:00+00:00,0.0,0.0,0.0,0.05970030145079499,0.0,0.1795501777961532,0.0,3.4649723198377496,0.0
2024-11-08 00:00:00+00:00,0.0,0.0,3.1182375576240435,0.0,0.0,0.0,1.5643386004857507,0.0,0.0
2024-11-09 00:00:00+00:00,0.0,0.0,0.0,0.0,0.0,0.0,0.0,0.0,0.0
2024-11-10 00:00:00+00:00,0.0,0.0,0.0,0.0,0.0,0.0,0.0,0.0,0.0
2024-11-11 00:00:00+00:00,0.0,0.0,0.0,0.0,-2.2368267772353474,0.0,0.0,0.0,0.0
2024-11-12 00:00:00+00:00,0.0,0.0,0.0,0.7400739968831859,0.0,-0.024242073764578178,-1.038520214022992,0.0,0.0
2024-11-13 00:00:00+00:00,0.0,0.0,0.0,0.0,0.0,0.0,-1.0304977792376249,0.0,0.0
2024-11-14 00:00:00+00:00,0.0,0.0,0.0,0.0,0.0,-1.0381933236101675,0.0,0.0,0.0
2024-11-15 00:00:00+00:00,0.0,0.0,0.0,0.0,0.0,0.0,0.0,0.0,0.0
2024-11-16 00:00:00+00:00,0.0,0.0,0.0,0.0,0.0,0.0,0.0,0.0,0.0
2024-11-17 00:00:00+00:00,0.0,0.0,0.0,0.0,0.0,-0.10334911746601748,0.0,0.0,0.0
2024-11-18 00:00:00+00:00,-1.1986995187878347,0.0,-0.5843949712286396,0.0,0.0,0.0,0.0,0.0,0.0
2024-11-19 00:00:00+00:00,0.0,0.0,-1.0690137943884257,0.025474459493768142,0.0,0.0,0.0,0.0,0.0
2024-11-20 00:00:00+00:00,0.0,0.0,0.0,0.0,-1.1045967818589393,0.0,0.0,-1.1476637805276053,0.0
2024-11-21 00:00:00+00:00,0.0,0.0,0.0,0.0,0.0,0.9743662654452492,0.0,1.205643921151261,0.0
2024-11-22 00:00:00+00:00,0.0,0.0,0.0,0.0,0.0,0.0,2.963199903454057,0.0,0.0
2024-11-23 00:00:00+00:00,0.0,0.0,0.0,0.0,0.0,0.0,0.0,0.0,0.0
2024-11-24 00:00:00+00:00,0.0,0.0,0.0,0.0,0.0,0.0,0.0,0.0,0.0
2024-11-25 00:00:00+00:00,11.995739254223976,-3.2102919579583142,5.132328035579295,0.0,0.0,0.0,0.0,0.0,0.8878428321338551
2024-11-26 00:00:00+00:00,0.0,0.0,0.0,-0.18018770033100986,0.0,0.5855093533194448,0.0,1.3618837776165447,0.0
2024-11-27 00:00:00+00:00,0.0,0.0,1.7136762916443298,0.0,0.0,0.0,-1.1220907978938044,0.0,0.0
2024-11-28 00:00:00+00:00,0.0,0.0,0.0,0.0,0.0,0.0,0.0,0.0,0.0
2024-11-29 00:00:00+00:00,1.6237444475072347,0.0,0.0,0.0,0.0,0.0,0.0,0.0,0.0
2024-11-30 00:00:00+00:00,0.0,0.0,0.0,0.0,0.0,0.0,0.0,0.0,0.0
2024-12-01 00:00:00+00:00,0.0,0.0,0.0,0.0,0.0,-0.4220572838156813,0.0,0.0,0.0
2024-12-02 00:00:00+00:00,-1.2997659508002237,0.0,0.18188608400821704,0.0,0.0,0.0,0.6107279359018573,0.0,0.0
2024-12-03 00:00:00+00:00,0.4484177720740228,0.0,0.0,0.0,0.0,0.0,0.0,0.0,0.0
2024-12-04 00:00:00+00:00,0.0,-2.968279540676179,-1.045704861296269,0.0,0.0,0.0,0.0,0.0,0.0
2024-12-05 00:00:00+00:00,-1.3365747857633823,-3.2421187823544724,0.0,0.0,-0.36345498398183557,0.9485743473387598,0.0,-1.11546254534134,0.8810379142354671
2024-12-06 00:00:00+00:00,0.0,0.0,-1.0459451491971326,0.0,-1.1111754401582472,0.0,0.26003034934073777,0.0,0.8996373813767787
2024-12-07 00:00:00+00:00,0.7837227489358346,0.0,0.0,0.0,0.0,0.0,0.0,0.0,0.0
2024-12-08 00:00:00+00:00,0.0,0.0,0.0,0.0,0.0,0.0,0.0,0.0,0.0
2024-12-09 00:00:00+00:00,0.0,0.0,0.0,-1.0613910817983045,-1.1069363735946127,0.0,0.0,0.0,0.0
2024-12-10 00:00:00+00:00,0.0,-3.329316359854182,0.0,0.0,0.0,-0.7814767490964502,0.0,0.0,0.0
2024-12-11 00:00:00+00:00,0.0,0.0,0.0,0.0,0.0,0.0,0.5095799286755519,0.0,-1.0772701761410113
2024-12-12 00:00:00+00:00,0.0,0.0,0.0,0.0,0.0,0.0,0.0,0.0,0.8944345229315949
2024-12-13 00:00:00+00:00,0.0,0.0,0.0,0.0,0.0,0.0,-1.0308408825455688,0.0,0.0
2024-12-14 00:00:00+00:00,0.0,0.0,0.0,0.0,0.0,0.0,0.0,0.0,0.0
2024-12-15 00:00:00+00:00,0.0,-3.1618660059226094,0.0,0.0,0.0,0.0,0.0,0.0,0.0
2024-12-16 00:00:00+00:00,0.0,0.0,0.0,0.0,0.0,0.0,0.6444030269832788,0.0,0.0
2024-12-17 00:00:00+00:00,0.0,-3.293246923615012,0.0,0.0,0.0,0.0,0.0,0.0,0.0
2024-12-18 00:00:00+00:00,0.0,-5.20343261890154,-1.0448189315394305,0.0,-1.1117858466406993,-1.0351614812276109,0.0,-2.306858561683941,0.0
2024-12-19 00:00:00+00:00,7.428258203763748,0.0,0.0,-1.0494315987437874,21.234579217249046,0.0,-1.0291336671115854,0.0,0.0
2024-12-20 00:00:00+00:00,0.0,0.0,1.4750327274379862,0.0,0.0,0.0,0.8469249137326005,1.95071462730194,0.0
2024-12-21 00:00:00+00:00,0.0,0.0,0.0,0.0,0.0,0.0,0.0,0.0,0.0
2024-12-22 00:00:00+00:00,0.0,0.0,0.0,0.0,0.0,0.0,0.0,0.0,-0.6743197434232648
2024-12-23 00:00:00+00:00,0.0,0.0,0.0,0.0,0.0,0.0,0.0,0.0,0.0
2024-12-24 00:00:00+00:00,0.0,-3.243999913793644,0.0,0.0,0.0,0.0,0.0,0.0,0.0
2024-12-25 00:00:00+00:00,0.0,0.0,0.0,0.0,0.0,0.0,0.0,0.0,0.0
2024-12-26 00:00:00+00:00,0.0,-1.5767215947652096,0.0,0.0,0.0,0.0,0.0,0.0,0.8389823515195208
2024-12-27 00:00:00+00:00,1.3717720091293013,0.0,0.0,0.0,0.0,0.0,0.0,0.0,0.8628405883399995
2024-12-28 00:00:00+00:00,0.0,0.0,0.0,0.0,0.0,0.0,0.0,0.0,0.0
2024-12-29 00:00:00+00:00,0.0,0.0,0.0,0.0,0.0,0.0,0.0,0.0,0.0
2024-12-30 00:00:00+00:00,0.0,0.0,0.0,0.0,-1.1732963385958752,0.0,0.0,0.0,0.8699734370977932
2024-12-31 00:00:00+00:00,0.0,0.0,-0.33025814671970904,0.0,0.0,0.0,0.0,0.0,-1.106197248333134
2025-01-01 00:00:00+00:00,0.0,0.0,0.0,0.0,-1.137506236552115,0.0,0.0,0.0,-0.8195490247658049
2025-01-02 00:00:00+00:00,0.0,0.0,0.0,0.0,-2.246107053388802,0.0,-1.0370416628329016,0.0,0.8274101646139873
2025-01-03 00:00:00+00:00,0.0,0.0,0.0,0.0,-1.119951826118314,0.0,0.7051285855399843,0.0,0.0
2025-01-04 00:00:00+00:00,0.0,0.0,0.0,0.0,0.0,0.0,0.0,0.0,0.0
2025-01-05 00:00:00+00:00,0.0,0.0,0.0,0.0,0.0,0.0,0.0,0.0,0.0
2025-01-06 00:00:00+00:00,0.0,0.0,0.0,0.0,0.0,0.0,0.0,0.0,0.0
2025-01-07 00:00:00+00:00,0.0,14.123532369836393,0.0,0.0,0.0,0.0,0.0,0.0,0.0
2025-01-08 00:00:00+00:00,3.532057712889176,0.0,0.0,0.0,0.0,0.0,-0.20155104828973702,2.4448408427922796,0.0
2025-01-09 00:00:00+00:00,0.0,0.0,4.272971598052833,0.0,-1.1122286541827229,0.0,0.0,0.0,0.0
2025-01-10 00:00:00+00:00,0.0,0.0,0.0,0.0,-1.1144490300937244,0.0,0.0,0.0,0.0
2025-01-11 00:00:00+00:00,0.0,0.0,0.0,0.0,0.0,0.0,0.0,0.0,0.0
2025-01-12 00:00:00+00:00,0.0,0.0,0.0,0.0,0.0,-0.46565636127176707,0.0,0.0,0.0
2025-01-13 00:00:00+00:00,0.0,0.0,0.0,0.0,0.0,0.0,1.404101862054343,0.0,0.8903324899578656
2025-01-14 00:00:00+00:00,0.0,0.0,0.0,0.0,0.0,0.0,0.0,0.0,0.0
2025-01-15 00:00:00+00:00,0.0,0.0,0.0,0.0,-1.1337425154541063,-1.0415652490187917,0.0,0.0,0.0
2025-01-16 00:00:00+00:00,0.0,0.0,0.0,-0.3804821113647762,0.0,0.0,0.0,0.0,0.40528113597398585
2025-01-17 00:00:00+00:00,0.0,0.0,0.0,0.0,0.0,0.0,-0.13680513429001187,-0.5731695648545887,0.0
2025-01-18 00:00:00+00:00,0.0,0.0,0.0,0.0,0.0,0.0,0.0,0.0,0.0
2025-01-19 00:00:00+00:00,0.0,0.0,1.7249662576053602,0.0,0.0,0.0,0.0,0.0,0.0
2025-01-20 00:00:00+00:00,-2.264795645940188,0.0,0.0,0.0,-2.2285660566705845,0.9329482404580953,0.0,0.0,0.9417026180878957
2025-01-21 00:00:00+00:00,0.0,0.0,0.0,0.4125268227162444,0.0,0.3154347464213099,2.9684864712584176,0.0,0.27406615402182816
2025-01-22 00:00:00+00:00,0.0,0.0,-1.0455986356908173,0.0,-2.230438836760168,0.0,0.0,0.0,0.0
2025-01-23 00:00:00+00:00,-1.137385254778627,0.0,0.0,0.0,0.0,0.0,0.0,0.0,0.0
2025-01-24 00:00:00+00:00,0.0,0.0,0.0,0.0,0.0,0.0,-1.0238053915199883,0.0,0.0
2025-01-25 00:00:00+00:00,0.0,0.0,0.0,0.0,0.0,0.0,0.0,0.0,0.0
2025-01-26 00:00:00+00:00,0.0,0.0,0.0,0.0,0.0,0.2325582810439247,0.0,0.0,0.0
2025-01-27 00:00:00+00:00,0.0,-4.581369091838302,0.0,0.0,-1.1163498893631565,0.0,0.3506906471000051,0.0,-1.1086813011364516
2025-01-28 00:00:00+00:00,0.0,0.0,0.0,0.0,0.0,0.0,0.0,-0.5370972042327237,0.0
2025-01-29 00:00:00+00:00,0.0,0.0,3.4279194168138707,0.0,-1.119944582070112,0.0,0.0,0.0,0.0
2025-01-30 00:00:00+00:00,0.0,0.0,0.0,0.0,0.0,0.0,0.0,0.0,0.0
2025-01-31 00:00:00+00:00,0.0,0.0,0.0,0.0,0.0,0.0,-0.13670769758494802,0.0,-1.03493073387723
2025-02-01 00:00:00+00:00,0.0,0.0,0.0,0.0,0.0,0.0,0.0,0.0,0.0
2025-02-02 00:00:00+00:00,0.0,0.0,-1.0760140337098982,0.0,-1.2763266131502733,-1.0377874859051188,-1.0357212745534772,0.0,0.0
2025-02-03 00:00:00+00:00,0.0,0.0,3.3967235969713787,0.0,-1.1361452198130007,0.0,0.0,-0.7717774604720051,0.0
2025-02-04 00:00:00+00:00,-1.0712680674426533,0.0,0.0,0.1376658164961729,0.0,2.670414818959625,2.9718589615066278,0.0,0.0
2025-02-05 00:00:00+00:00,0.0,0.0,0.0,1.9154062107262777,0.0,0.0,0.33475893894466063,0.0,0.0
2025-02-06 00:00:00+00:00,0.0,0.0,0.0,0.0,0.0,0.0,0.0,0.0,0.0
2025-02-07 00:00:00+00:00,0.0,0.0,0.0,0.0,0.0,0.0,0.0,-1.1197677761380256,0.0
2025-02-08 00:00:00+00:00,0.0,0.0,0.0,0.0,0.0,0.0,0.0,0.0,0.0
2025-02-09 00:00:00+00:00,0.0,0.0,0.0,0.0,0.0,0.0,0.0,0.7883054727916746,0.0
2025-02-10 00:00:00+00:00,0.0,0.0,0.0,0.0,-2.2212585975698644,0.0,0.0,0.0,0.0
2025-02-11 00:00:00+00:00,0.0,0.0,0.0,1.929114824470882,0.0,0.0,0.0,0.0,0.8930575381025505
2025-02-12 00:00:00+00:00,-1.2957776258288205,0.0,2.5867645251996234,0.0,0.0,0.0,0.0,0.0,-1.0952684675169417
2025-02-13 00:00:00+00:00,0.0,0.0,0.0,0.0,7.8735282966608695,0.0,0.0,0.0,0.0
2025-02-14 00:00:00+00:00,0.0,0.0,-0.3474535789465286,0.0,0.0,0.0,-0.6105348062567321,0.0,0.0
2025-02-15 00:00:00+00:00,0.0,0.0,0.0,0.0,0.0,0.0,0.0,0.0,0.0
2025-02-16 00:00:00+00:00,0.0,0.0,0.0,0.0,0.0,0.0,0.0,0.0,0.0
2025-02-17 00:00:00+00:00,0.0,0.0,0.0,0.0,0.0,-1.0357811903631613,0.0,0.0,0.0
2025-02-18 00:00:00+00:00,0.0,-6.245419234184579,0.0,0.0,0.8037329008707762,0.0,0.0,0.0,-0.4329878340370503
2025-02-19 00:00:00+00:00,0.0,0.0,0.0,0.0,0.0,0.0,0.0,0.0,0.0
2025-02-20 00:00:00+00:00,0.0,0.0,0.0,0.0,0.0,0.0,0.0,0.0,0.9077313902101098
2025-02-21 00:00:00+00:00,0.3274077620858524,0.0,0.0,0.0,0.0,0.0,0.0,0.0,0.8980043280766319
2025-02-22 00:00:00+00:00,0.0,0.0,0.0,0.0,0.0,0.0,0.0,0.0,0.0
2025-02-23 00:00:00+00:00,0.0,0.0,0.0,0.0,12.331628406043357,0.13406179906817994,0.0,2.1804193948915267,0.0
2025-02-24 00:00:00+00:00,0.0,-3.284472942808171,0.0,0.0,0.0,0.0,0.3903253992355828,0.0,0.0
2025-02-25 00:00:00+00:00,0.0,-1.5799102323451755,0.0,0.0,0.0,0.0,0.0,0.0,0.0
2025-02-26 00:00:00+00:00,0.0,0.0,0.0,-1.0428530900875337,0.0,0.0,0.0,0.0,0.0
2025-02-27 00:00:00+00:00,0.0,-1.5716594583862613,-1.0488271203152293,0.39155719785609794,0.0,-0.6270096828621156,0.0,0.0,0.0
2025-02-28 00:00:00+00:00,0.0,0.0,0.0,0.0,0.0,0.0,2.0039849649516,0.0,0.0
2025-03-01 00:00:00+00:00,0.0,0.0,0.0,0.0,0.0,0.0,0.0,0.0,0.0
2025-03-02 00:00:00+00:00,0.0,0.0,0.0,0.0,0.0,0.0,0.0,0.0,0.0
2025-03-03 00:00:00+00:00,0.0,-1.6116370111270106,0.0,0.0,0.0,0.0,0.0,0.0,0.8818569015830712
2025-03-04 00:00:00+00:00,-2.11815876347616,0.0,0.0,0.14836964044434237,0.0,-0.4660390081435621,0.0,8.983370008070725,-1.0567588757123338
2025-03-05 00:00:00+00:00,0.0,0.0,0.0,0.0,0.0,-1.0340149878816882,-1.0328081986669773,0.0,0.0
2025-03-06 00:00:00+00:00,0.0,0.0,0.0,0.0,0.0,0.0,0.0,0.0,0.0
2025-03-07 00:00:00+00:00,0.0,0.0,0.0,0.0,0.0,0.0,0.0,0.0,0.0
2025-03-08 00:00:00+00:00,0.0,0.0,0.0,0.0,0.0,0.0,0.0,0.0,0.0
2025-03-09 00:00:00+00:00,0.0,0.0,1.626410646382969,0.0,0.0,0.4038907756729654,0.0,0.0,0.0
2025-03-10 00:00:00+00:00,0.0,0.0,0.0,0.0,0.0,0.0,0.0,0.0,0.0
2025-03-11 00:00:00+00:00,0.0,0.0,0.0,-0.6847742076750252,0.0,0.0,0.0,0.0,0.0
2025-03-12 00:00:00+00:00,0.0,0.0,0.0,0.0,0.0,0.0,0.0,0.0,0.0
2025-03-13 00:00:00+00:00,0.0,0.0,0.0,1.49979701038338,-1.0971617624152363,1.2579401836902826,0.0,0.0,0.62137561918492
2025-03-14 00:00:00+00:00,0.0,0.0,0.0,0.028164329606687404,0.0,0.0,0.2578219180373057,0.0,0.0
2025-03-15 00:00:00+00:00,0.0,0.0,0.0,0.0,0.0,0.0,0.0,0.0,0.0
2025-03-16 00:00:00+00:00,0.0,0.0,0.0,0.0,0.0,0.0,0.0,0.0,0.0
2025-03-17 00:00:00+00:00,0.0,-6.177882423274361,0.0,0.0,0.0,-1.0406544221591403,0.0,0.0,0.0
2025-03-18 00:00:00+00:00,0.0,0.0,0.0,-0.25249903774474164,4.056817663840998,0.0,0.0,0.0,0.0
2025-03-19 00:00:00+00:00,0.0,0.0,0.0,0.0,0.0,0.0,0.0,0.0,0.0
2025-03-20 00:00:00+00:00,0.0,-1.6467171963375171,0.0,0.0,0.0,0.0,0.0,0.0,0.0
2025-03-21 00:00:00+00:00,0.0,0.0,0.0,0.0,-1.0979356309723232,0.0,0.0,0.0,0.0
2025-03-22 00:00:00+00:00,0.0,0.0,0.0,0.0,0.0,0.0,0.0,0.0,0.0
2025-03-23 00:00:00+00:00,0.0,0.0,0.2860714502947988,0.0,1.8253250430630257,0.13625606480445013,0.0,0.0,0.0
2025-03-24 00:00:00+00:00,0.0,-1.4446425950913406,0.0,0.0,0.0,0.0,-0.2723912667734097,0.0,0.0
2025-03-25 00:00:00+00:00,0.0,0.0,0.0,0.0,0.0,0.0,0.0,0.0,0.0
2025-03-26 00:00:00+00:00,0.0,0.0,0.0,0.0,0.0,1.0212914888390372,0.0,0.0,0.0
2025-03-27 00:00:00+00:00,0.0,-3.1347762931616727,0.0,-1.2585586320419786,3.0406590680574657,0.0,0.0,-1.1395735389744184,-0.23054233199981297
2025-03-28 00:00:00+00:00,0.0,-1.4583635318061818,0.0,-0.19802357033092108,-1.1177368967913743,0.0,0.0,2.023127913466999,0.0
2025-03-29 00:00:00+00:00,0.0,0.0,0.0,0.0,0.0,0.0,0.0,0.0,0.0
2025-03-30 00:00:00+00:00,0.0,0.0,0.0,0.0,0.0,0.0,0.0,0.0,0.0
2025-03-31 00:00:00+00:00,0.0,0.0,0.0,0.0,0.0,-1.0465945883342267,0.0,0.0,0.0
2025-04-01 00:00:00+00:00,0.0,0.0,0.0,0.0,1.3407580310789817,0.0,0.0,0.0,0.758917304352384
2025-04-02 00:00:00+00:00,0.23364489988952836,0.0,1.474234342841223,0.0,-1.1127251412028325,0.0,2.6108161798412928,0.0,0.0
2025-04-03 00:00:00+00:00,0.0,0.0,-1.0297148306088286,-2.062648736896892,0.0,-1.0432879258190522,0.0,11.5753006150676,0.0
2025-04-04 00:00:00+00:00,0.0,0.0,-1.019888084156801,0.0,0.0,3.1386755028967523,2.9768082000761895,0.0,0.0
2025-04-05 00:00:00+00:00,0.0,0.0,0.0,0.0,0.0,0.0,0.0,0.0,0.0
2025-04-06 00:00:00+00:00,0.0,0.0,0.0,0.8610552424307382,0.0,0.0,0.0,0.0,-0.21275017139331884
2025-04-07 00:00:00+00:00,0.0,0.0,0.0,0.0,0.0,0.0,0.0480260163970076,0.0,0.0
2025-04-08 00:00:00+00:00,0.0,0.0,0.0,0.0,0.0,0.0,0.0,0.0,0.0
2025-04-09 00:00:00+00:00,0.0,0.0,0.0,0.0,0.0,0.0,0.0,0.0,0.9496525540147345
2025-04-10 00:00:00+00:00,1.3667440351803222,-1.394080412007837,0.0,2.23963155236697,0.0,-1.0966147403442288,0.0,-1.0293273549873119,0.0
2025-04-11 00:00:00+00:00,0.0,0.0,-1.0143886942687488,0.38439627158010514,0.0,0.0,-1.0144237765370174,0.0,0.0
2025-04-12 00:00:00+00:00,0.0,0.0,0.0,0.0,0.0,0.0,0.0,0.0,0.0
2025-04-13 00:00:00+00:00,0.0,0.0,0.0,0.0,0.0,0.0,0.0,0.0,0.0
2025-04-14 00:00:00+00:00,0.0,0.0,0.0,0.0,0.0,0.0,0.0,0.0,0.0
2025-04-15 00:00:00+00:00,0.0,0.0,0.0,0.0,0.04371509752364674,0.22205671377085243,0.0,0.0,0.0
2025-04-16 00:00:00+00:00,-1.3595770768841948,-1.3957969381804727,-1.4704710480134824,3.632065133691759,0.0,0.0,0.3770071067617852,0.0,0.0
2025-04-17 00:00:00+00:00,0.0,-1.3452429237244734,0.0,0.0,0.0,0.0,0.0,0.0,0.9232844809757972
2025-04-18 00:00:00+00:00,0.0,0.0,0.0,0.0,0.0,0.0,0.0,0.0,0.0
2025-04-19 00:00:00+00:00,0.0,0.0,0.0,0.0,0.0,0.0,0.0,0.0,0.0
2025-04-20 00:00:00+00:00,0.0,0.0,0.0,0.0,0.0,0.12624027207086433,0.0,0.0,0.0
2025-04-21 00:00:00+00:00,0.0,0.0,0.0,1.9299057770277044,0.0,0.0,0.5084079776845234,6.041256759467466,0.0
2025-04-22 00:00:00+00:00,0.0,0.0,0.0,0.47340231859843795,0.0,0.0,0.0,0.0,0.0
2025-04-23 00:00:00+00:00,0.0,0.0,0.0,0.0,0.0,0.0,0.0,0.0,0.9256167805054101
2025-04-24 00:00:00+00:00,0.0,0.0,0.0,0.0,0.0,0.49141026853297637,0.0,0.0,0.0
2025-04-25 00:00:00+00:00,0.0,0.0,0.0,0.0,0.0,0.0,0.0,3.74843894272873,0.0
2025-04-26 00:00:00+00:00,0.0,0.0,0.0,0.0,0.0,0.0,0.0,0.0,0.0
2025-04-27 00:00:00+00:00,0.0,0.0,2.0583103890758365,0.0,0.0,0.0,0.0,0.0,0.0
2025-04-28 00:00:00+00:00,0.0,-5.448664582746771,0.0,0.0,0.0,0.0,0.0,0.0,0.8934519572533008
2025-04-29 00:00:00+00:00,0.0,0.0,0.0,0.0,3.3113470990001668,0.0,0.0,0.0,0.0
2025-04-30 00:00:00+00:00,-1.4918307131271054,-9.47111659833014,0.0,0.0,-1.1014674747330073,0.0,1.0932472342032522,-1.306778284867793,-1.0889040845937263
2025-05-01 00:00:00+00:00,0.0,0.0,0.8337644005202549,0.6261321100181066,0.0,0.0,0.0,0.0,0.0
2025-05-02 00:00:00+00:00,0.0,0.0,0.0,0.0,0.0,0.0,0.0,-1.0705055573519684,0.0
2025-05-03 00:00:00+00:00,0.0,0.0,0.0,0.0,0.0,0.0,0.0,0.0,0.0
2025-05-04 00:00:00+00:00,0.0,0.46090755953088974,0.0,0.0,0.0,0.5905700479975272,0.0,0.0,0.0
2025-05-05 00:00:00+00:00,0.0,-1.4630610525945364,0.0,0.0,-1.0788646289833106,0.0,0.0,1.04843490665885,0.0
2025-05-06 00:00:00+00:00,0.0,-4.196741526429722,0.0,1.9499755105652863,0.0,0.0,0.0,0.0,0.0
2025-05-07 00:00:00+00:00,0.0,0.0,0.0,0.0,0.0,0.0,0.0,-3.2810095210965327,0.9183381958163315
2025-05-08 00:00:00+00:00,0.0,23.870963706083817,0.0,0.0,0.0,2.072589887928293,0.0,0.0,0.0
2025-05-09 00:00:00+00:00,0.0,0.0,0.0,0.0,0.0,0.0,1.0787364697461335,2.507874369836614,0.0
2025-05-10 00:00:00+00:00,0.0,0.0,0.0,0.0,0.0,0.0,0.0,0.0,0.0
2025-05-11 00:00:00+00:00,0.0,0.0,0.0,0.0,0.0,0.0,0.0,0.0,0.0
2025-05-12 00:00:00+00:00,-0.2556455428608927,0.0,0.0,-0.5198162359089042,0.0,0.0,0.0,0.0,0.0
2025-05-13 00:00:00+00:00,0.0,-1.181167827920502,0.0,0.0,0.0,1.721843275388903,0.0,0.0,0.0
2025-05-14 00:00:00+00:00,0.0,0.0,0.0,0.0,-1.0850247751959015,0.0,1.2454610918836673,-1.0831800381943495,0.9067312410362434
2025-05-15 00:00:00+00:00,0.0,-1.4766355008192011,0.0,0.0,0.0,0.0,0.0,0.0,0.0
2025-05-16 00:00:00+00:00,0.0,0.0,0.0,0.0,0.0,0.0,0.0,-1.0943175127069127,0.0
2025-05-17 00:00:00+00:00,0.0,0.0,0.0,0.0,0.0,0.0,0.0,0.0,0.0
2025-05-18 00:00:00+00:00,0.0,-1.4981513433512659,0.0,0.0,0.0,0.0,0.0,0.0,0.0
2025-05-19 00:00:00+00:00,-1.2700426707936565,0.0,0.0,0.0,0.0,0.0,0.11236270117839077,0.0,0.0
2025-05-20 00:00:00+00:00,0.0,0.0,0.0,0.0,0.0,0.0,0.0,0.0,0.0
2025-05-21 00:00:00+00:00,0.0,0.0,0.0,0.7119242593318458,0.0,-1.0445615970845858,0.0,0.0,0.0
2025-05-22 00:00:00+00:00,0.0,19.851984929234117,0.0,0.0,7.361868227802054,0.0,0.0,-1.102394362678027,0.0
2025-05-23 00:00:00+00:00,0.0,0.0,0.0,0.0,0.0,0.0,-1.4339442690722086,0.0,0.0
2025-05-24 00:00:00+00:00,0.0,0.0,0.0,0.0,0.0,0.0,0.0,0.0,0.0
2025-05-25 00:00:00+00:00,0.0,0.0,0.0,0.0,0.0,0.0,0.0,0.0,0.0
2025-05-26 00:00:00+00:00,0.0,0.0,0.0,0.0,0.0,-1.0344099220450045,0.0,0.0,0.0
2025-05-27 00:00:00+00:00,0.0,0.0,0.0,0.0,0.0,0.0,0.0,0.0,0.0
2025-05-28 00:00:00+00:00,0.27964539408694733,0.0,0.0,0.0,0.0,0.0,-0.5604692181225149,0.0,0.0
2025-05-29 00:00:00+00:00,0.0,0.0,0.0,0.0,0.0,0.0,0.0,0.0,0.0
2025-05-30 00:00:00+00:00,0.0,0.0,0.0,0.0,-1.1060211818075958,0.0,0.0,0.0,0.0
2025-05-31 00:00:00+00:00,0.0,0.0,0.0,0.0,0.0,0.0,0.0,0.0,0.0
2025-06-01 00:00:00+00:00,0.0,0.0,0.0,0.0,0.0,0.0,0.0,0.0,0.0
2025-06-02 00:00:00+00:00,0.0,0.0,0.0,1.8375774517154402,0.0,0.0,-0.20440913181128026,4.735045656255877,0.0
2025-06-03 00:00:00+00:00,0.0,-4.849154730354403,0.0,0.0,0.0,-1.0396504383714382,0.0,0.0,0.0
2025-06-04 00:00:00+00:00,0.0,-2.9703288809420525,0.0,0.0,0.0,0.0,0.0,0.0,0.0
2025-06-05 00:00:00+00:00,-1.5086400309337973,19.61362838945187,0.0,0.0,-2.190473098441071,0.0,0.0,0.0,0.0
2025-06-06 00:00:00+00:00,0.0,-1.4192440151222165,0.0,0.0,0.0,0.0,0.0,0.0,0.0
2025-06-07 00:00:00+00:00,0.0,0.0,0.0,0.0,0.0,0.0,0.0,0.0,0.0
2025-06-08 00:00:00+00:00,0.0,0.0,0.0,0.6244664848058399,0.0,0.0,0.0,0.0,0.0
2025-06-09 00:00:00+00:00,0.0,-1.5829540448949917,0.0,0.0,0.0,0.0,0.0,0.0,0.0
2025-06-10 00:00:00+00:00,0.0,0.0,0.0,0.0,0.0,0.0,0.0,0.0,0.031492913081084706
2025-06-11 00:00:00+00:00,0.0,0.0,0.0,0.0,0.0,0.0,1.5868723694729465,0.0,0.0
2025-06-12 00:00:00+00:00,0.0,0.0,0.0,0.021514955434587618,0.0,0.941565690079267,0.0,0.0,0.0
2025-06-13 00:00:00+00:00,2.8478713349952103,0.0,0.0,0.7815275647030298,0.0,0.9887937887097208,0.0,0.0,0.0
2025-06-14 00:00:00+00:00,0.0,0.0,0.0,0.0,0.0,0.0,0.0,0.0,0.0
2025-06-15 00:00:00+00:00,0.0,-4.789073791482577,0.0,0.0,-1.0917078442908559,0.03933745197459301,0.0,0.0,0.0
2025-06-16 00:00:00+00:00,0.0,0.0,0.0,0.0,-1.1016697444204793,0.0,0.7339309742159065,0.0,0.0
2025-06-17 00:00:00+00:00,0.0,-1.476438322417799,0.0,0.0,0.0,0.0,-1.0288075852211866,0.0,0.0
2025-06-18 00:00:00+00:00,0.0,0.0,0.0,0.0,0.0,0.0,0.0,0.0,0.0
2025-06-19 00:00:00+00:00,0.0,0.0,0.0,0.0,2.7089336872532894,2.4256203617548744,0.0,0.0,0.0
2025-06-20 00:00:00+00:00,-1.2153636742472345,-4.389897247105988,0.0,0.0,0.0,0.0,0.1602204262407408,0.0,0.0
2025-06-21 00:00:00+00:00,0.0,0.0,0.0,0.0,0.0,0.0,0.0,0.0,0.0
2025-06-22 00:00:00+00:00,0.0,0.0,0.0,0.0,0.0,0.0,0.0,0.0,0.0
2025-06-23 00:00:00+00:00,-1.152454657348295,0.0,0.0,0.0,-1.092536685654085,-1.0400023187380105,0.0,0.0,0.0
2025-06-24 00:00:00+00:00,0.0,0.0,0.0,0.5709591311783517,0.0,0.0,-1.026759800887253,0.0,0.0
2025-06-25 00:00:00+00:00,5.250953078924972,0.0,0.0,0.0,0.0,0.0,0.0,0.0,0.0
2025-06-26 00:00:00+00:00,0.0,0.0,0.0,0.0,0.0,0.0,0.0,0.0,0.0
2025-06-27 00:00:00+00:00,0.0,0.0,0.0,0.0,0.0,0.0,0.0,0.0,-1.0679260359035916
2025-06-28 00:00:00+00:00,0.0,0.0,0.0,0.0,0.0,0.0,0.0,0.0,0.0
2025-06-29 00:00:00+00:00,0.0,0.0,0.0,0.0,7.257084771186494,0.0,0.0,0.0,0.0
2025-06-30 00:00:00+00:00,0.0,0.0,0.0,0.0,0.0,0.0,0.0,0.0,0.0
2025-07-01 00:00:00+00:00,0.0,0.0,0.0,0.0,0.0,0.0,0.0,0.0,0.0
2025-07-02 00:00:00+00:00,0.0,0.0,0.0,0.0,0.0,0.0,-1.0298076678246266,0.0,0.0
2025-07-03 00:00:00+00:00,0.0,0.0,0.0,0.0,-1.114630617832485,1.32169247950212,0.0,0.0,0.0
2025-07-04 00:00:00+00:00,0.0,-12.53116424401426,0.0,0.0,0.0,0.0,0.0,0.0,-1.1272457215195693
2025-07-05 00:00:00+00:00,0.0,0.0,0.0,0.0,0.0,0.0,0.0,0.0,0.0
2025-07-06 00:00:00+00:00,0.0,0.0,0.0,0.0,0.0,0.0,0.0,0.0,0.0
2025-07-07 00:00:00+00:00,0.0,-3.0182190288403117,0.0,0.0,0.0,0.0,0.0,0.0,0.0
2025-07-08 00:00:00+00:00,0.0,15.72129472760728,0.0,-0.3898948324742013,15.044603493585933,0.0,0.0,0.0,0.0
2025-07-09 00:00:00+00:00,0.0,-1.722505773612636,1.1416887581143136,0.0,0.0,0.0,0.35546097553076644,0.0,0.0
2025-07-10 00:00:00+00:00,0.0,-1.6181100714663637,0.0,0.0,0.0,0.0,0.0,0.0,0.0
2025-07-11 00:00:00+00:00,37.36935862925302,0.0,0.0,0.0,0.0,0.0,0.0,0.0,0.0
2025-07-12 00:00:00+00:00,0.0,0.0,0.0,0.0,0.0,0.0,0.0,0.0,0.0
2025-07-13 00:00:00+00:00,0.0,0.0,0.0,0.0,5.818957424174874,0.6783819832659636,0.0,0.0,0.0
2025-07-14 00:00:00+00:00,0.0,-1.5156173240605761,0.0,0.0,0.0,0.0,-1.031634078992427,0.0,-1.1328516815203291
2025-07-15 00:00:00+00:00,0.5872019458479822,-1.5552196285341429,3.745070828674936,0.0,0.0,0.0,0.0,0.0,0.891148819250917
2025-07-16 00:00:00+00:00,0.0,0.0,0.0,0.0,0.0,-1.0437065547088449,0.0,-1.061056837364262,0.0
2025-07-17 00:00:00+00:00,0.0,0.0,0.0,-1.0559693190265524,0.0,0.0,0.0,0.0,0.0
2025-07-18 00:00:00+00:00,0.0,0.0,0.0,0.0,-1.1136359027528056,0.0,0.7910411203031877,0.0,0.0
2025-07-19 00:00:00+00:00,0.0,0.0,0.0,0.0,0.0,0.0,0.0,0.0,0.0
2025-07-20 00:00:00+00:00,0.0,-1.6283000885815069,0.0,0.0,0.0,0.0,0.0,0.0,0.0
2025-07-21 00:00:00+00:00,0.0,-1.5931890849049466,0.0,0.0,0.0,0.0,0.0,0.0,0.0
2025-07-22 00:00:00+00:00,0.0,39.21106056691947,0.0,0.0,9.152338701864517,0.0,0.0,0.0,0.0
2025-07-23 00:00:00+00:00,-1.441478074922869,0.0,0.0,0.0,0.0,0.0,0.0,0.0,0.0
2025-07-24 00:00:00+00:00,-1.461823810475224,0.0,0.0,0.0,-1.1246624895425457,0.0,0.0,0.0,0.0
2025-07-25 00:00:00+00:00,0.0,0.0,0.0,0.0,0.0,0.0,0.0,0.0,0.0
2025-07-26 00:00:00+00:00,-1.4686071432104257,0.0,0.0,0.0,0.0,0.0,0.0,0.0,0.0
2025-07-27 00:00:00+00:00,0.0,5.43804509919306,0.0,0.0,0.0,0.6439630693483256,0.0,0.0,0.0
2025-07-28 00:00:00+00:00,0.0,0.0,0.0,0.0,0.0,0.0,-1.0393599647016434,0.0,0.0
2025-07-29 00:00:00+00:00,0.0,0.0,0.0,0.0,0.0,0.0,0.0,0.0,0.0
2025-07-30 00:00:00+00:00,-2.942885074407352,0.0,0.0,0.0,-1.1138249508777196,0.0,0.0,0.0,0.0
2025-07-31 00:00:00+00:00,-1.4784577295995964,131.0889052128152,0.0,-0.3269932797597043,0.0,-0.20541649515311725,-1.0299749662446183,0.0,0.0
2025-08-01 00:00:00+00:00,0.0,0.0,0.0,0.0,0.0,0.0,0.0,1.178756893084943,0.0
2025-08-02 00:00:00+00:00,0.0,0.0,0.0,0.0,0.0,0.0,0.0,0.0,0.0
2025-08-03 00:00:00+00:00,0.0,0.0,0.0,0.0,0.0,0.0,0.0,0.0,0.21063092262556496
2025-08-04 00:00:00+00:00,-0.026597591911609573,0.0,0.0,0.0,0.0,0.0,0.0,0.0,0.0
2025-08-05 00:00:00+00:00,0.0,0.0,0.0,0.0,0.0,0.0,0.0,0.0,0.879282398102167
2025-08-06 00:00:00+00:00,0.0,-1.655065287633228,0.0,0.0,-1.1177148153515182,0.0,-0.01640447307124423,0.0,0.0
2025-08-07 00:00:00+00:00,0.0,0.0,0.055123898434204385,0.0,-1.1097129762059454,0.0,0.0,0.0,0.0
2025-08-08 00:00:00+00:00,0.0,0.0,0.0,-1.0519746501298897,-1.1149770883047858,0.0,0.0,0.0,0.0
2025-08-09 00:00:00+00:00,0.0,0.0,0.0,0.0,0.0,0.0,0.0,0.0,0.0
2025-08-10 00:00:00+00:00,0.0,31.313966606980806,0.0,0.0,-1.6963493065634117,0.5045127167455599,0.0,0.0,0.0
2025-08-11 00:00:00+00:00,0.0,0.0,0.0,0.0,-1.1710517214316656,0.0,-0.34875918433773007,-1.1410556939168184,0.0
2025-08-12 00:00:00+00:00,-1.1855335336311705,0.0,2.629046121007764,-0.43655961884606254,0.0,0.0,0.0,0.0,0.0
2025-08-13 00:00:00+00:00,0.0,0.0,0.0,0.0,-1.1533860444135717,0.0,0.0,0.0,-0.16599667667474174
2025-08-14 00:00:00+00:00,0.0,0.0,0.0,0.0,0.0,0.0,0.0,0.0,0.856818817352461
2025-08-15 00:00:00+00:00,0.0,-1.6459567820989682,0.0,0.0,0.0,0.0,0.3775474348210244,0.5183923753221097,0.0
2025-08-16 00:00:00+00:00,1.8467075714582482,0.0,0.0,0.0,0.0,0.0,0.0,0.0,0.0
2025-08-17 00:00:00+00:00,0.0,0.0,2.241744694326223,0.0,-3.1315504365811977,0.0,0.0,0.0,0.0
2025-08-18 00:00:00+00:00,0.0,-1.6651330704385197,0.0,0.0,0.0,0.0,0.0,0.0,0.0
2025-08-19 00:00:00+00:00,0.0,-1.5368269332767026,0.0,0.0,0.0,0.0,0.0,0.0,0.0
2025-08-20 00:00:00+00:00,0.0,0.0,-1.074578954066212,0.0,-1.1113172002518572,0.0,0.0,0.0,0.0
2025-08-21 00:00:00+00:00,0.0,0.0,0.0,0.0,-2.2521362554644737,0.0,0.0,0.0,0.0
2025-08-22 00:00:00+00:00,0.0,0.0,0.0,0.0,0.0,0.0,0.0,0.0,0.0
2025-08-23 00:00:00+00:00,-1.3017273834530574,0.0,0.0,0.0,0.0,0.0,0.0,0.0,0.0
2025-08-24 00:00:00+00:00,0.0,0.0,0.0,-0.20095565566229995,0.0,1.0957052210819462,0.0,0.0,0.21704668122111948
2025-08-25 00:00:00+00:00,0.0,0.0,0.0,0.0,0.0,0.0,0.0,-1.0869372184809214,0.0
2025-08-26 00:00:00+00:00,0.0,0.0,0.0,0.0,-1.1418475489739262,0.0,0.0,0.0,0.0
2025-08-27 00:00:00+00:00,0.0,0.0,0.0,0.0,-2.262422671416914,0.0,0.0,0.0,0.8702272715245709
2025-08-28 00:00:00+00:00,0.0,0.0,0.0,0.0,3.0223437671579023,-0.03915846383676467,0.0,0.0,0.0
2025-08-29 00:00:00+00:00,0.0,0.0,-1.0794062999752367,0.0,0.0,0.0,0.0,2.240650255909698,0.0
2025-08-30 00:00:00+00:00,0.0,0.0,0.0,0.0,0.0,0.0,0.0,0.0,0.0
2025-08-31 00:00:00+00:00,0.0,0.0,0.0,0.0,0.0,0.0,0.0,0.0,0.0
2025-09-01 00:00:00+00:00,0.0,0.0,0.0,0.0,-1.2232998672466295,0.0,0.0,0.0,0.0
2025-09-02 00:00:00+00:00,0.0,0.0,-1.0663961290516042,0.0,-1.1208656141624587,0.0,-1.0349118404071216,0.0,0.840465404370983
2025-09-03 00:00:00+00:00,0.0,0.0,0.0,0.0,0.0,0.0,0.0,0.0,0.0
2025-09-04 00:00:00+00:00,0.0,0.0,0.0,0.0,0.0,0.0,0.0,0.0,0.0
2025-09-05 00:00:00+00:00,-1.2664815901879942,0.0,0.0,0.0,-1.1379241529430788,0.0,0.0,0.0,0.0
2025-09-06 00:00:00+00:00,0.0,0.0,0.0,0.0,0.0,0.0,0.0,0.0,0.0
2025-09-07 00:00:00+00:00,0.0,0.0,0.0,0.0,0.0,0.5015849879082842,0.0,0.0,0.0
2025-09-08 00:00:00+00:00,0.0,0.0,-1.0658495082663182,0.0,0.0,0.0,-0.20178251930349517,0.0,-1.1399209609378511
2025-09-09 00:00:00+00:00,0.0,0.0,0.0,0.0,0.0,0.0,0.0,0.0,0.8741038426933363
2025-09-10 00:00:00+00:00,0.0,0.0,0.0,0.0,-1.132850347602031,0.0,0.0,0.0,0.0
2025-09-11 00:00:00+00:00,0.0,0.0,0.0,0.0,-1.1521410928175773,-0.20634311623839852,0.0,0.0,0.0
2025-09-12 00:00:00+00:00,0.0,-1.6475704068347388,0.0,0.0,0.0,0.0,0.33356764158903024,-1.0961972743700172,0.0
2025-09-13 00:00:00+00:00,0.0,0.0,0.0,0.0,0.0,0.0,0.0,0.0,0.0
2025-09-14 00:00:00+00:00,0.0,0.0,0.0,0.0,0.0,0.0,0.0,0.0,0.0
2025-09-15 00:00:00+00:00,-1.4663596170373137,0.0,0.0,0.0,0.0,0.0,0.0,0.0,0.0
2025-09-16 00:00:00+00:00,0.0,58.177957105308096,0.0,0.0,-1.1444365341383747,0.0,0.0,0.0,0.0
2025-09-17 00:00:00+00:00,0.0,0.0,0.0,0.0,0.0,0.0,0.0,0.0,0.0
2025-09-18 00:00:00+00:00,0.0,0.0,-0.38280157839997675,0.0,0.0,-1.0388884635113644,0.0,0.0,0.0
2025-09-19 00:00:00+00:00,0.0,0.0,0.0,0.0,0.0,-1.0355183545300573,-1.0312873361607204,0.0,0.2517368490650845
2025-09-20 00:00:00+00:00,0.0,0.0,0.0,0.0,0.0,0.0,0.0,0.0,0.0
2025-09-21 00:00:00+00:00,0.0,0.0,0.0,0.0,0.0,0.0,0.0,0.0,-0.2542863298297018
2025-09-22 00:00:00+00:00,0.0,0.0,0.0,0.0,0.0,0.0,0.0,0.0,0.0
2025-09-23 00:00:00+00:00,0.0,0.0,0.0,0.0,-2.2791669021772094,0.0,0.0,0.0,0.0
2025-09-24 00:00:00+00:00,0.0,0.0,0.0,0.0,-1.1790625318977743,0.0,0.0,-1.143621441092488,0.0
2025-09-25 00:00:00+00:00,0.0,0.0,-1.0570600460551378,0.0,0.0,-0.3908434776719553,0.0,0.0,0.0
2025-09-26 00:00:00+00:00,0.0,0.0,0.0,0.0,0.0,0.0,0.8282033552655664,0.0,0.0
2025-09-27 00:00:00+00:00,0.0,0.0,0.0,0.0,0.0,0.0,0.0,0.0,0.0
2025-09-28 00:00:00+00:00,0.0,0.0,0.0,0.0,0.0,0.0,0.0,0.0,0.0
2025-09-29 00:00:00+00:00,0.0,0.0,0.0,0.732026268399448,-1.2352769541568533,0.0,0.0,0.0,0.8445014841677214
2025-09-30 00:00:00+00:00,0.0,0.0,0.0,-1.0593945144663441,0.0,0.0,0.0,-2.303156112128967,0.0
2025-10-01 00:00:00+00:00,0.0,0.0,0.0,0.0,0.0,0.0,0.0,-1.4153518628641084,0.0
2025-10-02 00:00:00+00:00,0.0,-3.403950755996374,0.0,0.0,0.0,0.0,0.0,0.0,0.0
2025-10-03 00:00:00+00:00,0.0,-1.6194830209694124,0.0,0.0,0.0,0.0,0.0,0.0,0.0
2025-10-04 00:00:00+00:00,0.0,0.0,0.0,0.0,0.0,0.0,0.0,0.0,0.0
2025-10-05 00:00:00+00:00,0.0,0.0,0.0,0.0,-1.1624874124076916,0.0,0.0,0.0,0.0
2025-10-06 00:00:00+00:00,0.0,0.0,0.0,0.0,0.0,0.0,0.0,0.8728682931241525,0.0
2025-10-07 00:00:00+00:00,2.195484687984894,0.0,0.0,0.0,0.0,0.0,0.0,0.0,0.8112987603318108
2025-10-08 00:00:00+00:00,-1.2756147006226124,0.0,0.0,0.0,0.0,0.0,0.0,0.0,-1.1832493179525811
2025-10-09 00:00:00+00:00,-1.276489168314123,0.0,-1.079568537356322,0.0,0.0,0.03632765616180375,-1.0351914104752054,0.0,-0.28557869246988177
2025-10-10 00:00:00+00:00,0.0,0.0,0.0,0.0,0.0,0.0,0.7542502641891936,-0.1845381084172254,0.0
2025-10-11 00:00:00+00:00,0.0,0.0,0.0,0.0,0.0,0.0,0.0,0.0,0.0
2025-10-12 00:00:00+00:00,0.0,0.0,0.14224296395255143,0.0,-1.1427695194213257,0.0,0.0,0.0,0.0
2025-10-13 00:00:00+00:00,0.0,0.0,0.0,0.0,0.0,0.0,0.0,0.0,0.0
2025-10-14 00:00:00+00:00,0.0,-0.18952855461297474,0.0,0.9027028567513109,0.0,0.0,0.0,0.0,0.0
2025-10-15 00:00:00+00:00,0.0,0.0,0.0,0.0,0.0,0.0,2.324644619134765,0.0,0.0
2025-10-16 00:00:00+00:00,0.0,0.0,0.0,0.0,0.0,0.0,0.0,0.0,-1.1358803680418486
2025-10-17 00:00:00+00:00,0.0,0.0,0.0,-1.0306825954279497,0.0,0.0,0.0,0.0,-0.26990300157402947
2025-10-18 00:00:00+00:00,0.0,0.0,0.0,0.0,0.0,0.0,0.0,0.0,0.0
2025-10-19 00:00:00+00:00,0.36569833014763065,0.0,0.0,0.0,0.0,0.0,0.0,0.0,0.0
2025-10-20 00:00:00+00:00,0.0,-1.6645671544859706,0.0,0.0,0.0,0.0,0.5211715262252242,0.0,0.0
2025-10-21 00:00:00+00:00,0.0,0.0,2.314247425434142,0.0,0.0,0.0,0.0,0.0,0.8627502769825371
2025-10-22 00:00:00+00:00,0.0,0.0,0.0,0.32946189915636387,0.0,0.0,0.0,0.0,-1.1574315534575272
2025-10-23 00:00:00+00:00,-1.1518074552487412,0.0,0.0,0.0,11.21566030343304,0.0,0.0,0.0,0.0
2025-10-24 00:00:00+00:00,0.0,0.0,0.0,0.0,0.0,0.0,0.0,-1.0859035536637072,0.0
2025-10-25 00:00:00+00:00,0.0,0.0,0.0,0.0,0.0,0.0,0.0,0.0,0.0
2025-10-26 00:00:00+00:00,0.0,0.0,0.0,0.0,0.0,0.0,0.0,0.0,0.0
2025-10-27 00:00:00+00:00,0.0,0.0,-1.1063450180605732,0.0,-1.1905880587497306,0.0,0.0,0.0,-1.171159746055336
2025-10-28 00:00:00+00:00,0.0,0.0,-1.0876706792703494,-0.9520491490354274,0.0,0.0,0.0,0.0,-1.1824759507309326
2025-10-29 00:00:00+00:00,0.0,-1.6996256403144965,0.0,0.0,0.0,0.0,0.0,-1.148153537250454,0.0
2025-10-30 00:00:00+00:00,0.0,0.0,0.0,0.0,0.0,0.0,0.0,0.0,0.8920784695932937
2025-10-31 00:00:00+00:00,0.0,0.0,0.0,0.0,0.0,0.0,0.0,0.0,0.0
2025-11-01 00:00:00+00:00,0.0,0.0,0.0,0.0,0.0,0.0,0.0,0.0,0.0
2025-11-02 00:00:00+00:00,0.0,0.0,0.0,0.0,0.0,0.0,0.0,0.0,0.0
2025-11-03 00:00:00+00:00,0.0,0.0,0.0,0.0,0.0,-1.0396752425446556,0.0,0.0,0.0
2025-11-04 00:00:00+00:00,0.0,0.0,-1.7889122267440594,0.0,0.0,0.0,0.0,0.0,0.0
2025-11-05 00:00:00+00:00,0.0,0.0,0.0,1.13941316956243,0.0,0.0,0.0,0.0,0.0
2025-11-06 00:00:00+00:00,0.0,0.0,0.0,0.0,-1.1524020926945524,0.0,0.0,-1.167377240806843,0.0
2025-11-07 00:00:00+00:00,0.0,0.0,0.0,0.0,0.0,0.3811800731387156,0.0,-1.151732407141652,0.0
2025-11-08 00:00:00+00:00,-1.1632200921905327,0.0,0.0,0.0,0.0,0.0,0.0,0.0,0.0
2025-11-09 00:00:00+00:00,0.0,0.0,0.0,0.0,0.0,0.0,0.0,0.0,0.0
2025-11-10 00:00:00+00:00,0.0,0.0,0.0,0.0,0.0,0.0,0.0,0.0,0.0
2025-11-11 00:00:00+00:00,0.0,0.0,0.0,0.8697505883322791,1.4480487025913977,0.0,0.0,0.0,0.0
2025-11-12 00:00:00+00:00,3.0998947216567654,0.0,0.0,0.0,0.0,0.0,0.0,0.0,0.0
2025-11-13 00:00:00+00:00,0.0,0.0,0.0,0.0,0.0,0.0,0.0,0.0,0.0
2025-11-14 00:00:00+00:00,0.0,0.0,0.0,-1.0234084285495635,0.0,0.0,0.0,0.0,0.8602394582649477
2025-11-15 00:00:00+00:00,0.0,0.0,0.0,0.0,0.0,0.0,0.0,0.0,0.0
2025-11-16 00:00:00+00:00,0.0,0.0,0.0,0.0,0.0,0.0,0.0,0.0,0.0
2025-11-17 00:00:00+00:00,0.0,0.0,0.0,0.0,0.0,0.8641597808077582,0.695859923193243,0.0,0.0
2025-11-18 00:00:00+00:00,0.0,0.0,1.5303124816826146,0.0,0.0,0.0,0.0,0.0,0.8480992362187305
2025-11-19 00:00:00+00:00,0.0,0.0,0.0,0.0,0.0,0.0,0.0,0.0,0.878418180214436
2025-11-20 00:00:00+00:00,0.0,0.0,0.0,0.0,0.0,0.0,0.0,0.0,0.0
2025-11-21 00:00:00+00:00,0.0,0.0,0.0,0.0,0.0,0.14662203595579718,0.0,0.0,0.0
2025-11-22 00:00:00+00:00,0.0,0.0,0.0,0.0,0.0,0.0,0.0,0.0,0.0
2025-11-23 00:00:00+00:00,0.0,0.0,0.0,0.0,0.0,0.0,0.23483638535262052,0.0,0.0
2025-11-24 00:00:00+00:00,0.0,0.0,0.0,0.0,-2.3785952124137815,0.0,0.0,0.0,0.0
2025-11-25 00:00:00+00:00,0.0,0.0,0.0,0.7775427348018719,4.854437999361642,0.0,0.0,-1.1408279211187375,0.0
2025-11-26 00:00:00+00:00,0.0,0.0,-2.1147198041752224,0.0,-1.1507155906999902,-0.3878724650666176,-1.0365656191698727,2.567440196377341,0.0
2025-11-27 00:00:00+00:00,0.0,0.0,0.0,0.0,0.0,0.0,-0.11190040550105426,0.0,0.0
2025-11-28 00:00:00+00:00,0.0,0.0,0.0,0.0,0.0,0.0,0.0,-1.1475062853987894,0.0
2025-11-29 00:00:00+00:00,0.0,0.0,0.0,0.0,0.0,0.0,0.0,0.0,0.0
2025-11-30 00:00:00+00:00,0.0,0.0,0.0,0.5367985902508458,2.9699778472848006,0.0,0.0,0.0,0.0
2025-12-01 00:00:00+00:00,0.0,0.0,0.0,0.0,0.0,0.0,0.0,-1.1663979980760046,0.0
2025-12-02 00:00:00+00:00,1.6088101047227636,0.0,0.0,0.0,-2.291149713491614,0.0,0.0,0.0,0.0
2025-12-03 00:00:00+00:00,0.0,0.0,-1.0813170766798026,0.0,0.0,0.0,0.0,0.0,0.0
2025-12-04 00:00:00+00:00,0.0,0.0,0.0,0.0,0.0,0.0,0.0,0.0,0.0
2025-12-05 00:00:00+00:00,0.0,0.0,-1.087298045193881,0.0,0.0,0.0,0.0,1.9864278460180949,0.0
2025-12-06 00:00:00+00:00,0.7728424160235815,0.0,0.0,0.0,0.0,0.0,0.0,0.0,0.0
2025-12-07 00:00:00+00:00,0.0,0.0,0.0,0.0,0.0,0.0,0.059060988962732125,0.0,0.0
2025-12-08 00:00:00+00:00,0.0,-1.7474405668564699,0.0,0.0,-1.138569316635481,0.0,0.0,0.0,0.0
2025-12-09 00:00:00+00:00,0.0,0.0,0.0,0.0,0.0,0.0,0.0,0.0,0.0
2025-12-10 00:00:00+00:00,0.0,0.0,0.0,0.0,0.0,0.0,0.0,0.0,0.0
2025-12-11 00:00:00+00:00,0.0,0.0,0.14677890561787094,-0.554218470973731,0.0,0.0,0.0,0.0,0.0
2025-12-12 00:00:00+00:00,-1.1972536825253959,0.0,0.0,-0.6290985979244144,0.0,0.0,0.0,0.0,0.0
2025-12-13 00:00:00+00:00,0.0,0.0,0.0,0.0,0.0,0.0,0.0,0.0,0.0
2025-12-14 00:00:00+00:00,0.0,0.0,0.0,0.0,-1.747523532502534,0.0,0.0,0.0,0.0
2025-12-15 00:00:00+00:00,0.0,0.0,0.0,0.0,0.0,1.0239523257184369,0.0,-1.1559961447331246,0.0
2025-12-16 00:00:00+00:00,0.0,0.0,0.0,0.0,0.0,0.0,0.0,0.0,0.0
2025-12-17 00:00:00+00:00,-1.1876865859329417,0.0,0.0,0.0,0.0,0.0,0.8170609390785105,-1.1260246376210947,0.0
2025-12-18 00:00:00+00:00,0.33689985164187,0.0,-1.0650041772523418,0.0,0.0,0.0,0.0,0.0,-0.6017052138909893
2025-12-19 00:00:00+00:00,0.0,0.0,0.0,0.0,0.0,-1.0450930276834132,0.0,-1.1666985593789916,-1.1105042079021306
2025-12-20 00:00:00+00:00,0.0,0.0,0.0,0.0,0.0,0.0,0.0,0.0,0.0
2025-12-21 00:00:00+00:00,0.0,0.0,0.0,0.0,0.0,0.0,0.0,0.0,0.0
2025-12-22 00:00:00+00:00,0.0,-1.722106761071675,-1.1415196761729387,0.0,0.0,0.0,0.0,0.0,0.0
2025-12-23 00:00:00+00:00,0.0,0.0,-1.0966237844389728,0.0,4.980155622993136,0.0,-1.035727118710549,0.0,0.0
2025-12-24 00:00:00+00:00,0.0,0.0,0.0,0.0,0.0,0.0,0.0,0.0,0.0
2025-12-25 00:00:00+00:00,0.0,0.0,0.0,0.0,0.0,0.0,0.0,0.0,0.0
2025-12-26 00:00:00+00:00,-1.3372485688684674,0.0,0.0,-1.053294490202987,0.0,0.0,0.0,0.0,0.0
2025-12-27 00:00:00+00:00,0.0,0.0,0.0,0.0,0.0,0.0,0.0,0.0,0.0
2025-12-28 00:00:00+00:00,0.0,0.0,0.0,0.0,0.0,0.0,0.0,0.0,0.0
2025-12-29 00:00:00+00:00,0.0,0.0,0.0,1.9618108962210907,0.0,0.0,0.0,-1.124502543422489,-1.1179526305906904
2025-12-30 00:00:00+00:00,0.0,0.0,0.3674789613040113,-0.6764211757128947,0.0,0.0,0.0,0.0,0.0
2025-12-31 00:00:00+00:00,0.0,0.0,0.0,0.0,-1.1548393559432266,0.0,0.0,0.0,0.0
2026-01-01 00:00:00+00:00,0.0,0.0,0.0,0.0,0.0,0.0,0.0,0.0,0.0
2026-01-02 00:00:00+00:00,0.0,0.0,0.0,0.0,0.0,0.0,0.0,-1.1712031752958392,0.0
2026-01-03 00:00:00+00:00,0.0,0.0,0.0,0.0,0.0,0.0,0.0,0.0,0.0
2026-01-04 00:00:00+00:00,0.0,0.0,0.5700604930268033,0.0,0.0,0.0,0.0,0.0,0.0
2026-01-05 00:00:00+00:00,0.0,0.0,0.0,0.0,0.0,0.0,0.0,0.0,0.0
2026-01-06 00:00:00+00:00,-1.1795830762904655,0.0,0.0,0.0,0.03297211461643873,0.0,0.0,-2.2870177039364705,0.0
2026-01-07 00:00:00+00:00,0.0,0.0,0.0,0.0,-1.1560195108875444,0.0,0.0,0.0,0.0
2026-01-08 00:00:00+00:00,0.0,0.0,0.0,0.0,-1.1486885718827062,0.0,0.0,0.0,0.0
2026-01-09 00:00:00+00:00,0.0,0.0,0.0,-1.044821932996635,0.0,0.0,0.0,0.0,0.0
2026-01-10 00:00:00+00:00,0.0,0.0,0.0,0.0,0.0,0.0,0.0,0.0,0.0
2026-01-11 00:00:00+00:00,0.0,0.0,0.0,0.0,0.0,0.0,0.0,0.0,0.0
2026-01-12 00:00:00+00:00,-1.5617954091256598,0.0,0.0,-0.18606209205304813,0.0,0.0,0.0,-1.1675850145681477,0.0
2026-01-13 00:00:00+00:00,0.0,0.0,0.0,0.0,0.0,0.0,0.0,0.0,0.0
2026-01-14 00:00:00+00:00,0.0,0.0,0.0,0.0,0.0,0.0,0.0,-1.1416689796624042,0.0
2026-01-15 00:00:00+00:00,0.0,0.0,0.0,0.0,0.6219074668297135,0.0,0.0,0.0,0.8507534421293059
2026-01-16 00:00:00+00:00,0.0,0.0,0.0,0.0,0.0,0.0,0.0,0.0,0.0
2026-01-17 00:00:00+00:00,0.0,0.0,0.0,0.0,0.0,0.0,0.0,0.0,0.0
2026-01-18 00:00:00+00:00,0.0,0.0,0.0,0.0,0.0,0.0,0.0,0.0,0.0
2026-01-19 00:00:00+00:00,0.0,0.0,0.0,0.0,0.0,0.0,0.0,0.0,0.701902564426433
2026-01-20 00:00:00+00:00,0.0,0.0,-1.0876743551118562,0.0,-1.2396078757433755,0.0,0.0,0.0,0.0
2026-01-21 00:00:00+00:00,0.0,0.0,0.0,0.37125116371655703,0.0,0.0,0.0,0.8214325471966615,0.0
2026-01-22 00:00:00+00:00,0.0,0.0,0.10605633786174712,0.0,0.0,0.0,0.0,0.0,0.0
2026-01-23 00:00:00+00:00,-1.223913429554529,0.0,0.0,0.0,0.0,0.0,-1.2138609552510464,0.0,0.0
2026-01-24 00:00:00+00:00,0.0,0.0,0.0,0.0,0.0,0.0,0.0,0.0,0.0
2026-01-25 00:00:00+00:00,0.0,0.0,0.0,0.0,0.0,-1.0453339772211847,0.0,0.0,0.0
2026-01-26 00:00:00+00:00,0.0,0.0,0.0,0.0,0.0,0.0,0.0,0.0,0.0
2026-01-27 00:00:00+00:00,-1.2484101436035013,0.0,0.0,0.0,0.0,0.0,0.0,0.0,0.0
2026-01-28 00:00:00+00:00,0.0,0.0,0.0,2.9061920018976517,0.0,0.0,0.0,0.0,0.0
2026-01-29 00:00:00+00:00,0.0,0.0,0.0,0.12026855432256152,0.0,0.0,0.0,0.0,0.0
2026-01-30 00:00:00+00:00,0.0,0.0,0.0,0.0,0.0,0.9236445707782863,0.0,1.0190264798504423,0.0
2026-01-31 00:00:00+00:00,0.0,0.0,0.0,0.0,0.0,0.0,0.0,0.0,0.0
2026-02-01 00:00:00+00:00,0.0,0.0,3.551766894708084,0.0,0.0,0.0,0.0,0.0,0.0
2026-02-02 00:00:00+00:00,0.0,0.0,0.0,0.0,0.0,0.0,0.0,0.0,0.0
2026-02-03 00:00:00+00:00,0.0,0.0,0.0,0.0,0.0,0.0,0.17146543453557453,0.0,0.0
2026-02-04 00:00:00+00:00,0.0,0.0,0.0,0.0,0.0,0.07066974472377804,0.0,0.0,0.0
2026-02-05 00:00:00+00:00,0.0,0.0,0.0,0.0,0.0,0.0,-1.0254298477151889,0.0,0.0
2026-02-06 00:00:00+00:00,0.0,0.0,0.0,0.0,0.0,0.0,0.0,0.0,0.9091247987050802
2026-02-07 00:00:00+00:00,-1.0399730902432867,0.0,0.0,0.0,0.0,0.0,0.0,0.0,0.0
2026-02-08 00:00:00+00:00,0.5687311275431882,6.895663156017416,0.0,0.0,1.335636237454344,0.0,0.0,0.0,0.0
2026-02-09 00:00:00+00:00,0.0,0.0,0.0,0.0,0.0,2.3824022195687533,1.581304391377908,0.0,0.0
2026-02-10 00:00:00+00:00,0.0,0.0,0.21922306165889974,0.0,0.0,0.0,0.0,0.0,0.0
2026-02-11 00:00:00+00:00,0.0,-1.6234690250688386,0.0,0.0,0.0,0.0,0.0,0.0,0.0
2026-02-12 00:00:00+00:00,0.0,-6.404965515894023,0.0,0.4461511877517132,0.0,0.0,0.0,-2.196355463408344,0.927733076818685
2026-02-13 00:00:00+00:00,0.0,0.0,0.0,0.0,0.0,1.7596411579970095,0.0,-2.2225618573952817,0.0
2026-02-14 00:00:00+00:00,0.0,0.0,0.0,0.0,0.0,0.0,0.0,0.0,0.0
2026-02-15 00:00:00+00:00,0.0,0.0,0.0,0.0,0.0,0.0,0.0,0.0,0.0
2026-02-16 00:00:00+00:00,0.0,0.0,0.0,0.0,-1.146743604945715,0.0,0.0,0.0,0.0
2026-02-17 00:00:00+00:00,0.0,0.0,0.0,0.1850297727914244,0.0,0.0,0.0,0.0,0.0
2026-02-18 00:00:00+00:00,0.0,0.0,0.0,0.0,0.0,-0.2002452075966331,0.0,0.0,0.0
2026-02-19 00:00:00+00:00,0.0,0.0,0.0,0.0,0.0,0.0,-1.0347158861964314,0.0,0.0
2026-02-20 00:00:00+00:00,-2.5530331238408657,0.0,0.0,0.0,0.0,0.0,0.0,0.0,0.0
2026-02-21 00:00:00+00:00,0.0,0.0,0.0,0.0,0.0,0.0,0.0,0.0,0.0
2026-02-22 00:00:00+00:00,0.0,0.0,0.0,0.0,0.0,0.0,0.0,0.0,0.0
2026-02-23 00:00:00+00:00,0.0,0.0,0.0,0.0,0.0,0.0,0.0,0.24191556420722424,-1.1716380215142488
2026-02-24 00:00:00+00:00,9.092173361231463,-4.970092455360972,3.6843381067113974,0.0,0.0,0.0,0.0,0.0,0.867198970025219
2026-02-25 00:00:00+00:00,0.0,-5.031834653270067,0.0,0.0,0.0,0.0,0.0,0.0,0.0
2026-02-26 00:00:00+00:00,0.0,-1.5803092375644447,0.0,0.0,0.0,0.0,0.0,-1.1481375243205978,0.8736580787950756
2026-02-27 00:00:00+00:00,0.0,0.0,0.0,0.0,0.0,0.13758720585388493,0.0,0.0,0.0
2026-02-28 00:00:00+00:00,-1.0994652809291015,0.0,0.0,0.0,0.0,0.0,0.0,0.0,0.0
2026-03-01 00:00:00+00:00,0.0,0.0,3.6988883799394765,0.31126678747338804,0.0,0.0,0.0,0.0,0.0
2026-03-02 00:00:00+00:00,0.0,0.0,0.0,-2.094358624881516,0.0,0.0,0.0,0.0,-0.3143240682737596
2026-03-03 00:00:00+00:00,-1.1226735021877121,0.0,-2.078960259998885,-0.6997849765806994,0.0,-1.0366460032234086,-1.0303267200768418,0.0,-0.29378950730126163
2026-03-04 00:00:00+00:00,0.0,0.0,0.0,0.0,0.0,0.0,0.81954594851969,0.0,0.0
2026-03-05 00:00:00+00:00,0.0,0.0,0.0,0.0,-1.1530945437952684,0.0,0.0,0.0,0.0
2026-03-06 00:00:00+00:00,0.0,0.0,0.0,0.0,0.0,0.0,0.0,0.0,-0.6027004965374512
2026-03-07 00:00:00+00:00,0.0,0.0,0.0,0.0,0.0,0.0,0.0,0.0,0.0
2026-03-08 00:00:00+00:00,3.8221011294033675,0.0,0.0,0.0,0.0,0.0,0.0,0.0,0.0
2026-03-09 00:00:00+00:00,0.0,0.0,0.0,0.0,0.0,1.6616575978831631,-0.13649014071414112,-2.198677740138984,0.0
2026-03-10 00:00:00+00:00,0.0,0.0,-0.2953993232524833,0.0,0.0,0.0,0.0,0.0,0.0
2026-03-11 00:00:00+00:00,0.0,0.0,0.0,0.0,0.0,0.0,0.0,0.0,0.0
2026-03-12 00:00:00+00:00,0.0,0.0,0.0,0.0,0.0,1.616066781371581,0.0,0.0,-0.29271435950232905
2026-03-13 00:00:00+00:00,0.0,0.0,0.0,0.0,0.0,-2.061853687435937,-0.7621116037358481,0.0,0.0
2026-03-14 00:00:00+00:00,0.0,0.0,0.0,0.0,0.0,0.0,0.0,0.0,0.0
2026-03-15 00:00:00+00:00,0.0,0.0,0.0,0.44067870116333036,0.0,0.0,0.0,0.0,0.0
2026-03-16 00:00:00+00:00,0.0,0.0,0.0,0.0,-1.1358704085512061,0.0,0.0,0.0,-1.120916659843967
2026-03-17 00:00:00+00:00,0.0,19.642357238383493,0.0,0.0,-2.3041444114431053,0.0,0.0,0.0,0.0
2026-03-18 00:00:00+00:00,0.0,0.0,0.0,1.9680424780374133,0.0,0.611160301706194,0.0,1.2930983814784673,0.0
2026-03-19 00:00:00+00:00,0.0,-1.4895918689002536,0.0,2.164526318917152,-1.1235911008869677,0.0,0.0,0.0,0.0
2026-03-20 00:00:00+00:00,3.8577819188002493,0.0,0.0,0.0,0.0,0.0,0.0,0.0,0.0
2026-03-21 00:00:00+00:00,0.0,0.0,0.0,0.0,0.0,0.0,0.0,0.0,0.0
2026-03-22 00:00:00+00:00,0.0,-1.6332625204784712,0.0,0.0,0.0,0.0,0.0,0.0,-0.5282050953533792
2026-03-23 00:00:00+00:00,-1.2187870378383254,-3.113642595567362,-1.0644025779874142,0.0,0.0,1.5452411943871598,0.03364594305890463,-0.111200240007442,-0.23671898825927218
2026-03-24 00:00:00+00:00,0.0,0.0,1.6090992293855113,0.0,-1.11950650962939,0.0,0.0,0.0,0.0
2026-03-25 00:00:00+00:00,0.0,0.0,0.0,0.0,-3.3859003779618932,0.0,0.0,-1.0941654154250255,0.0
2026-03-26 00:00:00+00:00,0.0,0.0,-1.0456957312853545,0.0,0.0,0.0,0.0,0.0,0.0
2026-03-27 00:00:00+00:00,0.0,0.0,0.0,0.0,0.0,-0.8192762581877376,-0.7260103424192594,0.0,0.0
2026-03-28 00:00:00+00:00,0.0,0.0,0.0,0.0,0.0,0.0,0.0,0.0,0.0
2026-03-29 00:00:00+00:00,0.0,0.0,0.0,0.0,0.0,0.0,0.0,0.0,0.0
2026-03-30 00:00:00+00:00,-1.1525945414230512,0.0,0.0,0.0,-1.1389197796779291,0.0,-1.0348936534364765,0.0,0.0
2026-03-31 00:00:00+00:00,-1.306738134040745,0.0,0.0,-0.8180271709795033,-2.335261429695067,0.0,0.0,0.0,0.0
2026-04-01 00:00:00+00:00,1.1852280137008673,0.0,-1.0389302443217845,0.35692775588575726,0.0,0.503261318198218,1.9203927832024417,3.4403907237892164,0.0
2026-04-02 00:00:00+00:00,0.0,-4.760593175916968,0.0,0.0,0.0,0.0,0.0,0.0,0.0
2026-04-03 00:00:00+00:00,0.0,0.0,0.0,0.0,0.0,0.0,0.0,0.0,0.0
2026-04-04 00:00:00+00:00,0.0,0.0,0.0,0.0,0.0,0.0,0.0,0.0,0.0
2026-04-05 00:00:00+00:00,0.0,0.0,0.0,0.0,0.0,0.0,0.0,0.0,0.0
2026-04-06 00:00:00+00:00,0.0,-6.402621144960992,0.0,0.0,0.0,0.8112376740278289,0.0,0.0,0.0
2026-04-07 00:00:00+00:00,0.0,-3.4548159811503227,-0.695759704378503,0.0,-1.130815742656424,0.0,-1.0283817253200087,0.0,0.0
2026-04-08 00:00:00+00:00,0.0,0.0,0.0,-0.5559507955815639,0.0,-1.030720695715016,-1.0281666359441464,0.0,0.0
2026-04-09 00:00:00+00:00,0.0,0.0,0.0,0.0,2.3601424495617223,0.0,0.0,0.0,0.0
2026-04-10 00:00:00+00:00,0.0,0.0,0.0,0.0,0.0,0.0,0.0,8.531539421349834,0.0
2026-04-11 00:00:00+00:00,0.0,0.0,0.0,0.0,0.0,0.0,0.0,0.0,0.0
2026-04-12 00:00:00+00:00,0.0,0.0,0.46386282158564496,0.0,0.0,0.0,0.0,0.0,0.0
2026-04-13 00:00:00+00:00,-1.2658610399158294,0.0,0.0,0.0,0.0,0.0,0.0,0.0,0.8529778392606961
2026-04-14 00:00:00+00:00,0.0,0.0,0.0,0.013966589863968596,-1.1694993956127373,-1.0403324777703642,-1.0372398567540568,0.0,0.0
2026-04-15 00:00:00+00:00,0.0,0.0,-1.0610688295869328,0.0,0.0,0.0,0.0,0.0,0.0
2026-04-16 00:00:00+00:00,0.0,0.0,0.0,0.0,0.0,0.0,0.0,0.0,0.0
2026-04-17 00:00:00+00:00,0.0,0.0,0.0,0.0,-1.1665593366281495,0.0,0.0,0.0,0.0
2026-04-18 00:00:00+00:00,0.0,0.0,0.0,0.0,0.0,0.0,0.0,0.0,0.0
2026-04-19 00:00:00+00:00,0.0,0.0,0.0,0.0,0.0,0.0,0.0,0.0,0.0
2026-04-20 00:00:00+00:00,0.0,0.0,0.0,0.0,-1.1415865572441342,0.0,0.2914788473706618,-1.1434923339279133,0.0
2026-04-21 00:00:00+00:00,0.0,0.0,0.0,0.0,0.0,0.0,0.0,0.0,0.0
2026-04-22 00:00:00+00:00,0.0,0.0,0.0,-0.4305756849603239,0.0,0.0,0.0,0.0,0.0
2026-04-23 00:00:00+00:00,0.0,0.0,0.0,0.0,5.855465085209513,1.3936317271809893,0.0,0.0,0.0
2026-04-24 00:00:00+00:00,0.0,0.0,0.0,0.0,0.0,0.6235010695084154,1.0772771130390961,0.0,0.0
2026-04-25 00:00:00+00:00,0.0,0.0,0.0,0.0,0.0,0.0,0.0,0.0,0.0
2026-04-26 00:00:00+00:00,0.0,-1.727560113872232,0.0,0.0,-1.1419149157539599,0.0,0.0,0.0,0.0
2026-04-27 00:00:00+00:00,0.0,0.0,0.0,0.0,-1.31209939261129,0.0,0.0,0.0,0.0
2026-04-28 00:00:00+00:00,0.0,-1.7071693721996803,0.0,-0.08264246539154393,-1.2008956390300483,0.0,0.0,0.0,0.0
2026-04-29 00:00:00+00:00,0.0,0.0,4.762241509207676,0.0,0.0,0.0546775339997785,0.0,0.0,0.0
2026-04-30 00:00:00+00:00,0.0,-1.710688960502188,0.0,0.0,0.0,0.0,0.0,0.0,0.8761308123855447
2026-05-01 00:00:00+00:00,0.0,0.0,0.0,0.0,0.0,0.0,-1.0321340286572624,0.0,0.0
2026-05-02 00:00:00+00:00,0.0,0.0,0.0,0.0,0.0,0.0,0.0,0.0,0.0
2026-05-03 00:00:00+00:00,0.0,0.0,0.0,0.0,0.0,0.0,0.0,0.0,0.0
2026-05-04 00:00:00+00:00,0.0,0.0,0.0,0.0,0.0,0.0,0.0,-0.8479781285301957,0.0
2026-05-05 00:00:00+00:00,0.0,0.0,0.0,-0.6276624629973199,-1.1591674143481492,0.0,0.0,0.0,0.0
2026-05-06 00:00:00+00:00,0.0,0.0,0.0,0.0,0.0,-1.0354081242344506,0.0,0.0,0.0
2026-05-07 00:00:00+00:00,0.7737001112715085,0.0,0.0,0.0,0.0,0.0,0.0,0.0,0.0
2026-05-08 00:00:00+00:00,0.0,0.0,0.0,0.0,-1.1791934128971622,0.0,0.0,-1.1435316672925786,0.0
2026-05-09 00:00:00+00:00,0.0,0.0,0.0,0.0,0.0,0.0,0.0,0.0,0.0
2026-05-10 00:00:00+00:00,0.0,0.0,0.9473490519131562,0.0,-1.191737260221088,0.0,0.0,0.0,0.0
2026-05-11 00:00:00+00:00,0.0,-6.88075937833663,0.0,0.0,0.0,0.0,0.0,0.0,-1.1642574296202717
2026-05-12 00:00:00+00:00,0.0,0.0,0.0,0.0,0.0,0.0,0.0,0.0,0.0
2026-05-13 00:00:00+00:00,0.0,0.0,0.0,0.0,0.0,0.0,0.10581726776052008,0.0,0.0
2026-05-14 00:00:00+00:00,0.0,0.0,0.0,0.0,0.0,0.0,0.0,0.0,0.0
2026-05-15 00:00:00+00:00,-1.2704945533961467,0.0,-1.0607465184890736,-0.058001261138180424,0.0,0.0,-1.0338768774350864,0.0,0.0
2026-05-16 00:00:00+00:00,0.0,0.0,0.0,0.0,0.0,0.0,0.0,0.0,0.0
2026-05-17 00:00:00+00:00,0.0,0.0,0.0,0.0,0.0,0.0,0.0,0.0,0.0
2026-05-18 00:00:00+00:00,0.0,0.0,0.0,0.0,0.0,0.7739748345068826,0.0,-1.1453342537418894,0.0
2026-05-19 00:00:00+00:00,0.0,0.0,0.0,0.0,0.0,0.0,0.0,0.0,0.0
2026-05-20 00:00:00+00:00,0.0,0.0,0.0,-1.0331908048894263,-1.171212321198265,0.0,0.0,0.0,0.0
2026-05-21 00:00:00+00:00,0.0,-5.082291856255981,0.0,0.0,-2.3995970101442223,0.0,0.0,-1.1086348966649286,-1.0158027114090913
2026-05-22 00:00:00+00:00,0.0,0.0,0.0,0.0,0.0,0.0,0.0,1.589677244873496,0.0
2026-05-23 00:00:00+00:00,-1.209389133992177,0.0,0.0,0.0,0.0,0.0,0.0,0.0,0.0
2026-05-24 00:00:00+00:00,0.0,0.0,0.0,0.0,-1.2792282383966074,0.0,0.0,0.0,0.0
2026-05-25 00:00:00+00:00,0.0,0.0,0.0,0.0,0.0,0.0,0.0,0.0,0.0
2026-05-26 00:00:00+00:00,0.0,0.0,0.0,0.0,1.7966800641438943,0.0,0.0,0.0,0.0
2026-05-27 00:00:00+00:00,0.0,0.0,0.0,0.0,0.0,0.0,0.0,0.0,0.0
2026-05-28 00:00:00+00:00,0.0,0.0,0.0,-1.4774742564526115,-1.169521847905637,0.0,0.0,0.0,0.896055296558908
2026-05-29 00:00:00+00:00,0.0,0.0,0.0,0.0,-1.236290523634317,-1.0412261656041846,0.0,0.0,-1.1224768660240836
2026-05-30 00:00:00+00:00,0.0,0.0,0.0,0.0,0.0,0.0,0.0,0.0,0.0
2026-05-31 00:00:00+00:00,0.0,0.0,0.0,0.0,-1.248130337133893,0.0,0.0,0.0,0.0
2026-06-01 00:00:00+00:00,0.0,0.0,0.0,0.0,0.0,1.0012959871397475,0.0,-1.111271692095056,0.0
2026-06-02 00:00:00+00:00,0.0,0.0,0.0,0.0,0.0,0.0,0.0,0.0,0.0
2026-06-03 00:00:00+00:00,0.0,0.0,0.0,0.0,0.0,0.0,0.0,0.0,0.0
2026-06-04 00:00:00+00:00,0.0,0.0,0.0,0.0,1.2793154195492153,0.0,0.0,0.0,0.0
2026-06-05 00:00:00+00:00,0.0,0.0,-1.0535103723084756,0.0,0.0,-1.0936854485323217,-0.40328287148863584,0.0,0.0
2026-06-06 00:00:00+00:00,0.0,0.0,0.0,0.0,0.0,0.0,0.0,0.0,0.0
2026-06-07 00:00:00+00:00,-1.0993537459675746,0.0,0.0,0.8470090297477006,0.0,0.0,0.0,0.0,0.0
2026-06-08 00:00:00+00:00,0.21822560334844204,0.0,0.0,0.0,-1.150259047349019,0.0,0.0,0.0,0.0
2026-06-09 00:00:00+00:00,0.0,0.0,0.0,0.0,1.0594966618262653,0.0,0.0,0.0,0.0
2026-06-10 00:00:00+00:00,0.0,-1.741720326625521,0.0,0.9424813178942528,0.0,0.0,0.0,0.0,0.0
2026-06-11 00:00:00+00:00,0.0,0.0,2.3162828472200068,-0.46622453111708784,0.0,1.3867492344192633,0.0,-1.0994568967660256,0.0
2026-06-12 00:00:00+00:00,0.0,0.0,0.0,0.0,-2.4924547471258127,0.0,0.0,0.0,0.0
2026-06-13 00:00:00+00:00,0.0,0.0,0.0,0.0,0.0,0.0,0.0,0.0,0.0
2026-06-14 00:00:00+00:00,0.0,0.0,0.0,0.0,0.0,0.0,0.0,0.0,0.0
2026-06-15 00:00:00+00:00,0.0,0.0,0.0,0.0,0.0,0.0,-0.020782812933382685,0.0,0.0
2026-06-16 00:00:00+00:00,0.0,0.0,0.0,0.0,-1.2482591583878853,0.0,0.0,0.0,0.0
2026-06-17 00:00:00+00:00,0.0,0.0,0.0,0.0,-1.2549859207234229,0.0,0.0,-1.1155222187609026,0.0
2026-06-18 00:00:00+00:00,0.0,0.0,0.0,0.0,9.89040297796407,0.0,-1.0334205849655962,0.0,0.0
2026-06-19 00:00:00+00:00,0.0,0.0,0.0,0.0,0.0,-0.7227239908053892,0.0,0.0,0.0
2026-06-20 00:00:00+00:00,0.0,0.0,0.0,0.0,0.0,0.0,0.0,0.0,0.0
2026-06-21 00:00:00+00:00,0.0,0.0,0.0,0.0,0.0,0.0,0.0,0.0,0.0
2026-06-22 00:00:00+00:00,0.0,0.0,0.0,0.0,0.0,0.0,0.0,0.0,0.0
2026-06-23 00:00:00+00:00,0.0,0.0,-2.1368717814624985,0.0,0.0,0.0,0.0,0.0,0.0
2026-06-24 00:00:00+00:00,0.0,0.0,0.0,-1.0234197364749575,0.0,0.0,0.0,0.0,0.0
2026-06-25 00:00:00+00:00,0.0,0.0,0.13285383911324863,0.0,0.0,0.0,0.0,0.0,0.0
2026-06-26 00:00:00+00:00,0.0,0.0,0.0,0.0,-1.2709452056503237,0.0,0.0,0.0,-0.21881914665908977
2026-06-27 00:00:00+00:00,0.0,0.0,0.0,0.0,0.0,0.0,0.0,0.0,0.0
2026-06-28 00:00:00+00:00,0.0,0.0,0.0,0.0,1.0584371458412307,0.0,0.0,0.0,0.0
2026-06-29 00:00:00+00:00,-1.3985165246862703,0.0,0.0,0.0,0.0,0.0,0.0,0.0,0.0
2026-06-30 00:00:00+00:00,-1.4031933570927642,-1.6710382227733782,2.812307949224526,0.0,0.0,0.0,0.0,0.0,0.0
2026-07-01 00:00:00+00:00,0.0,-1.7297537927795303,0.0,0.0,0.0,0.0,0.0,0.0,0.0
2026-07-02 00:00:00+00:00,5.972663460851599,0.0,0.0,0.0,0.0,0.0,0.0,0.0,-0.5964191938176953
2026-07-03 00:00:00+00:00,0.0,0.0,0.0,0.0,0.0,0.0,0.18151989577592448,4.362166376979612,0.0
2026-07-04 00:00:00+00:00,0.0,0.0,0.0,0.0,0.0,0.0,0.0,0.0,0.0
2026-07-05 00:00:00+00:00,0.0,0.0,0.06095999160559935,0.0,0.0,0.09573574779422098,0.0,0.0,0.0
2026-07-06 00:00:00+00:00,-1.26327498902466,0.0,0.0,0.0,-1.2627206785266458,0.0,0.0,0.0,0.0
2026-07-07 00:00:00+00:00,0.0,0.0,0.0,0.0,0.0,0.0,0.0,0.0,0.0
2026-07-08 00:00:00+00:00,0.0,0.0,0.0,0.0,0.0,0.0,0.0,0.0,0.0
2026-07-09 00:00:00+00:00,-1.2707917500396981,0.0,1.1301653833711998,0.0,0.0,-1.043263004771249,0.0,0.0,0.0
2026-07-10 00:00:00+00:00,0.0,0.0,0.0,0.0,0.0,0.0,0.0,-1.1752710041960726,0.0
2026-07-11 00:00:00+00:00,0.0,0.0,0.0,0.0,0.0,0.0,0.0,0.0,0.0
2026-07-12 00:00:00+00:00,0.0,0.0,0.0,0.0,0.0,0.0,0.0,0.0,0.0
2026-07-13 00:00:00+00:00,0.0,0.0,0.0,0.0,0.0,0.0,0.0,6.182547116599507,0.0
2026-07-14 00:00:00+00:00,-1.250908288743394,0.0,0.17505952240005207,0.0,0.0,0.0,0.0,-1.0975060587324046,0.0
2026-07-15 00:00:00+00:00,0.0,0.0,0.0,0.0,0.0,0.0,0.0,-1.0999320557840493,0.0
2026-07-16 00:00:00+00:00,0.0,0.0,0.0,0.0,-1.2614495160459238,0.0,0.0,0.0,0.0
2026-07-17 00:00:00+00:00,0.0,0.0,0.0,0.0,0.0,0.0,0.6955025882639525,1.3167293809091636,0.0
2026-07-18 00:00:00+00:00,0.0,0.0,0.0,0.0,0.0,0.0,0.0,0.0,0.0
2026-07-19 00:00:00+00:00,0.0,0.0,0.0,0.0,0.0,0.0,0.0,0.0,0.0
2026-07-20 00:00:00+00:00,0.0,0.0,0.0,0.0,0.0,0.0,0.0,0.0,0.0
2026-07-21 00:00:00+00:00,0.0,0.0,0.0,0.0,9.65835932873038,0.0,0.0,0.0,0.0
2026-07-22 00:00:00+00:00,0.0,0.0,0.0,0.0,0.0,0.0,0.0,0.0,0.0
2026-07-23 00:00:00+00:00,0.0,0.0,0.0,0.0,0.0,0.0,0.0,0.0,0.0
2026-07-24 00:00:00+00:00,0.0,0.0,0.0,0.0,0.0,0.0,0.0,0.0,0.0
2026-07-25 00:00:00+00:00,0.0,0.0,0.0,0.0,0.0,0.0,0.0,0.0,0.0
2026-07-26 00:00:00+00:00,1.46327125379339,0.0,0.0,0.0,0.0,0.0,0.0,0.0,0.0
2026-07-27 00:00:00+00:00,0.0,0.0,0.0,0.0,0.0,0.0,0.0,0.0,0.0
2026-07-28 00:00:00+00:00,0.0,0.0,0.0,0.0,0.0,0.0,0.0,-1.1674750271121477,0.0
2026-07-29 00:00:00+00:00,-1.2676593076766183,0.0,0.0,0.0,-1.298498997241296,0.0,0.0,-1.1079784485560502,0.0
2026-07-30 00:00:00+00:00,1.1710297762084525,0.0,5.09031601622382,0.0,0.0,-1.0425108908566227,-1.03902443007874,0.0,0.0
2026-07-31 00:00:00+00:00,0.0,0.0,0.0,0.0,0.0,0.0,-0.09105013806178794,0.0,0.0
2026-08-01 00:00:00+00:00,0.0,0.0,0.0,0.0,0.0,0.0,0.0,0.0,0.0
2026-08-02 00:00:00+00:00,0.0,0.0,0.0,0.0,0.0,-0.5720799418262186,0.0,0.0,0.0
2026-08-03 00:00:00+00:00,-1.260722806627577,0.0,0.0,0.0,0.0,0.0,0.0,0.0,0.0
2026-08-04 00:00:00+00:00,0.0,0.0,0.0,0.0,0.0,0.0,0.0,0.0,0.0
2026-08-05 00:00:00+00:00,0.0,0.0,0.0,0.0,0.0,0.0,0.0,0.0,0.0
2026-08-06 00:00:00+00:00,0.0,0.0,0.0,0.7785658364249368,0.0,0.0,0.0,0.0,0.0
2026-08-07 00:00:00+00:00,0.0,0.0,0.0,0.0,0.0,0.0,0.0,-1.1118374951142276,0.0
2026-08-08 00:00:00+00:00,0.0,0.0,0.0,0.0,0.0,0.0,0.0,0.0,0.0
2026-08-09 00:00:00+00:00,0.0,0.0,0.0,0.0,0.0,0.0,0.0,0.0,0.0
2026-08-10 00:00:00+00:00,0.0,0.0,0.0,0.0,0.0,0.0,0.0,0.0,0.0
2026-08-11 00:00:00+00:00,8.646298987458007,0.0,0.0,0.0,0.0,0.0,0.0,0.0,0.0
2026-08-12 00:00:00+00:00,0.0,0.0,0.0,0.0,0.0,0.0,0.0,0.0,0.0
2026-08-13 00:00:00+00:00,0.0,0.0,2.3276855151410314,0.0,0.0,0.0,0.0,0.0,-1.140454142605142
2026-08-14 00:00:00+00:00,0.0,0.0,0.0,0.0,0.0,0.0,0.0,-1.144475044544694,0.0
2026-08-15 00:00:00+00:00,0.0,0.0,0.0,0.0,0.0,0.0,0.0,0.0,0.0
2026-08-16 00:00:00+00:00,0.0,0.0,0.31391037736850846,0.0,-1.3460654774215153,0.0,0.0,0.0,0.0
2026-08-17 00:00:00+00:00,0.0,0.0,0.0,0.0,-1.3093149475470316,0.0,0.0,0.0,0.0
2026-08-18 00:00:00+00:00,0.0,0.0,0.0,0.0,0.0,0.0,0.0,0.0,0.0
2026-08-19 00:00:00+00:00,0.0,0.0,0.0,0.0,0.0,0.0,0.0,-1.151844258329192,0.8839784813297217
2026-08-20 00:00:00+00:00,0.0,0.0,0.0,0.6574743904812475,0.0,0.0,0.0,0.0,0.0
2026-08-21 00:00:00+00:00,0.0,0.0,0.0,0.0,0.0,0.0,0.0,0.0,0.0
2026-08-22 00:00:00+00:00,0.0,0.0,0.0,0.0,0.0,0.0,0.0,0.0,0.0
2026-08-23 00:00:00+00:00,0.0,0.0,0.0,0.0,0.0,0.0,0.0,0.0,0.0
2026-08-24 00:00:00+00:00,0.0,0.0,0.0,0.0,0.0,0.0,0.0,0.0,0.0
2026-08-25 00:00:00+00:00,0.0,0.0,0.2865127985146782,0.0,0.0,0.0,0.0,0.0,0.0
2026-08-26 00:00:00+00:00,0.0,0.0,0.0,0.0,-2.4143668687698607,0.0,0.0,0.0,0.0
2026-08-27 00:00:00+00:00,0.0,0.0,0.0,0.0,1.6309212307541425,0.0,0.0,0.0,0.0
2026-08-28 00:00:00+00:00,-1.3141025622450386,0.0,0.0,0.0,0.0,0.0,0.0,0.0,0.0
2026-08-29 00:00:00+00:00,0.0,0.0,0.0,0.0,0.0,0.0,0.0,0.0,0.0
2026-08-30 00:00:00+00:00,-1.3031827898318298,0.0,0.0,1.2857864289071659,0.0,0.0,0.0,0.0,0.0
