symbol,tf,quarter,floor,topn,selector,train_pf_2x,train_trades,n_eligible,test_trades,test_pf,test_pf_2x,test_total_r,test_tpd,test_win,anchor_hour,anchor_minute,mode,fill_mode,band_k,stop_mode,stop_k,target_mode,rr,max_hold_bars,min_rvol,min_atr_rank,max_atr_rank,warmup_bars,min_risk_bps,filter,train_pf
XAGUSD,1h,2024-09-01,30,1,train_pf_2x,2.168,40,13278,14,0.95,0.886,-0.528,0.157,0.2857,-1,96,2,1,2.5,0,1.0,0,0.0,0,2.0,0.0,0.0,2,5.0,rvol>2.0,2.168
XAGUSD,1h,2024-09-01,30,10,train_pf_2x,2.168,40,13278,137,1.338,1.24,3.211,1.54,0.3285,-1,96,2,1,2.5,0,1.0,0,0.0,0,2.0,0.0,0.0,2,5.0,rvol>2.0,2.168
XAGUSD,1h,2024-09-01,100,1,train_pf_2x,1.444,131,10530,44,1.879,1.401,43.253,0.495,0.2045,8,0,2,1,2.0,0,0.5,0,0.0,0,2.5,0.0,0.0,2,5.0,rvol>2.5,1.444
XAGUSD,1h,2024-09-01,100,10,train_pf_2x,1.444,131,10530,326,1.317,1.083,8.643,3.665,0.2577,8,0,2,1,2.0,0,0.5,0,0.0,0,2.5,0.0,0.0,2,5.0,rvol>2.5,1.444
XAGUSD,1h,2024-12-01,30,1,train_pf_2x,2.398,41,13251,1,inf,inf,0.437,0.011,1.0,0,0,2,1,2.5,1,1.0,0,0.0,12,2.5,0.0,0.0,2,5.0,rvol>2.5,2.398
XAGUSD,1h,2024-12-01,30,10,train_pf_2x,2.398,41,13251,23,0.805,0.638,-0.217,0.259,0.3913,0,0,2,1,2.5,1,1.0,0,0.0,12,2.5,0.0,0.0,2,5.0,rvol>2.5,2.398
XAGUSD,1h,2024-12-01,100,1,train_pf_2x,1.585,151,10683,7,1.668,1.168,4.118,0.079,0.2857,8,0,2,1,2.0,0,0.5,0,0.0,12,2.5,0.0,0.0,2,5.0,rvol>2.5,1.585
XAGUSD,1h,2024-12-01,100,10,train_pf_2x,1.585,151,10683,158,1.398,1.125,1.925,1.776,0.3608,8,0,2,1,2.0,0,0.5,0,0.0,12,2.5,0.0,0.0,2,5.0,rvol>2.5,1.585
XAGUSD,1h,2025-03-01,30,1,train_pf_2x,2.646,37,13106,6,0.428,0.388,-3.105,0.067,0.1667,0,0,2,1,2.5,1,1.0,0,0.0,12,2.5,0.0,0.0,2,5.0,rvol>2.5,2.646
XAGUSD,1h,2025-03-01,30,10,train_pf_2x,2.646,37,13106,68,0.772,0.704,-1.309,0.756,0.2206,0,0,2,1,2.5,1,1.0,0,0.0,12,2.5,0.0,0.0,2,5.0,rvol>2.5,2.646
XAGUSD,1h,2025-03-01,100,1,train_pf_2x,1.496,114,10118,23,1.079,0.912,0.783,0.256,0.4783,-1,96,4,1,2.0,1,1.0,0,0.0,4,0.0,0.7,0.0,2,5.0,ATRrank>0.7,1.496
XAGUSD,1h,2025-03-01,100,10,train_pf_2x,1.496,114,10118,396,0.546,0.434,-7.361,4.402,0.3434,-1,96,4,1,2.0,1,1.0,0,0.0,4,0.0,0.7,0.0,2,5.0,ATRrank>0.7,1.496
XAGUSD,1h,2025-06-01,30,1,train_pf_2x,2.384,30,12976,6,3.723,2.844,14.962,0.065,0.3333,0,0,2,1,2.5,0,0.5,0,0.0,4,2.5,0.0,0.0,2,5.0,rvol>2.5,2.384
XAGUSD,1h,2025-06-01,30,10,train_pf_2x,2.384,30,12976,105,1.883,1.587,5.707,1.142,0.3905,0,0,2,1,2.5,0,0.5,0,0.0,4,2.5,0.0,0.0,2,5.0,rvol>2.5,2.384
XAGUSD,1h,2025-06-01,100,1,train_pf_2x,1.598,102,9723,14,0.305,0.214,-4.358,0.152,0.2857,-1,96,4,1,2.0,1,1.0,0,0.0,4,0.0,0.7,0.0,2,5.0,ATRrank>0.7,1.598
XAGUSD,1h,2025-06-01,100,10,train_pf_2x,1.598,102,9723,185,0.648,0.5,-4.674,2.012,0.2324,-1,96,4,1,2.0,1,1.0,0,0.0,4,0.0,0.7,0.0,2,5.0,ATRrank>0.7,1.598
XAGUSD,1h,2025-09-01,30,1,train_pf_2x,4.66,34,13105,1,inf,0.0,0.036,0.011,1.0,-1,96,2,1,2.5,0,1.0,0,0.0,4,0.0,0.0,0.5,2,5.0,ATRrank<0.5,4.66
XAGUSD,1h,2025-09-01,30,10,train_pf_2x,4.66,34,13105,37,1.108,0.969,0.266,0.411,0.3784,-1,96,2,1,2.5,0,1.0,0,0.0,4,0.0,0.0,0.5,2,5.0,ATRrank<0.5,4.66
XAGUSD,1h,2025-09-01,100,1,train_pf_2x,1.657,104,9477,20,1.815,1.695,7.831,0.222,0.5,-1,96,4,1,2.0,0,1.0,0,0.0,0,0.0,0.0,0.0,2,5.0,none,1.657
XAGUSD,1h,2025-09-01,100,10,train_pf_2x,1.657,104,9477,315,1.082,0.939,1.237,3.502,0.3333,-1,96,4,1,2.0,0,1.0,0,0.0,0,0.0,0.0,0.0,2,5.0,none,1.657
XAGUSD,1h,2025-12-01,30,1,train_pf_2x,5.938,30,13038,1,inf,inf,3.014,0.011,1.0,-1,96,2,1,2.5,0,1.0,0,0.0,4,0.0,0.0,0.5,2,5.0,ATRrank<0.5,5.938
XAGUSD,1h,2025-12-01,30,10,train_pf_2x,5.938,30,13038,10,inf,inf,4.053,0.112,1.0,-1,96,2,1,2.5,0,1.0,0,0.0,4,0.0,0.0,0.5,2,5.0,ATRrank<0.5,5.938
XAGUSD,1h,2025-12-01,100,1,train_pf_2x,1.184,124,9676,33,1.29,1.19,5.191,0.371,0.3333,-1,96,2,1,2.5,0,0.5,0,0.0,4,0.0,0.0,0.0,2,5.0,none,1.184
XAGUSD,1h,2025-12-01,100,10,train_pf_2x,1.184,124,9676,432,1.301,1.231,4.541,4.856,0.4028,-1,96,2,1,2.5,0,0.5,0,0.0,4,0.0,0.0,0.0,2,5.0,none,1.184
XAGUSD,1h,2026-03-01,30,1,train_pf_2x,3.4,32,13274,1,0.0,0.0,-1.019,0.011,0.0,-1,96,2,1,2.5,0,0.5,0,0.0,0,2.5,0.0,0.0,2,5.0,rvol>2.5,3.4
XAGUSD,1h,2026-03-01,30,10,train_pf_2x,3.4,32,13274,24,1.264,1.218,0.459,0.261,0.25,-1,96,2,1,2.5,0,0.5,0,0.0,0,2.5,0.0,0.0,2,5.0,rvol>2.5,3.4
XAGUSD,1h,2026-03-01,100,1,train_pf_2x,1.52,116,10405,38,0.913,0.865,-2.804,0.413,0.1579,-1,96,4,1,2.0,0,0.5,0,0.0,0,0.0,0.5,0.0,2,5.0,ATRrank>0.5,1.52
XAGUSD,1h,2026-03-01,100,10,train_pf_2x,1.52,116,10405,235,0.587,0.556,-7.19,2.556,0.2383,-1,96,4,1,2.0,0,0.5,0,0.0,0,0.0,0.5,0.0,2,5.0,ATRrank>0.5,1.52
XAUUSD,30m,2024-09-01,30,1,train_pf_2x,4.582,30,17916,11,2.353,1.852,8.024,0.122,0.4545,13,30,3,1,2.5,1,1.0,3,3.0,24,2.5,0.0,0.0,4,3.0,rvol>2.5,4.582
XAUUSD,30m,2024-09-01,30,10,train_pf_2x,4.582,30,17916,109,2.157,1.692,7.435,1.211,0.4128,13,30,3,1,2.5,1,1.0,3,3.0,24,2.5,0.0,0.0,4,3.0,rvol>2.5,4.582
XAUUSD,30m,2024-09-01,100,1,train_pf_2x,1.374,100,15512,24,2.278,1.685,30.347,0.267,0.2917,13,30,2,1,2.0,0,0.5,0,0.0,0,2.5,0.0,0.0,4,3.0,rvol>2.5,1.374
XAUUSD,30m,2024-09-01,100,10,train_pf_2x,1.374,100,15512,361,1.647,1.403,15.032,4.012,0.2881,13,30,2,1,2.0,0,0.5,0,0.0,0,2.5,0.0,0.0,4,3.0,rvol>2.5,1.374
XAUUSD,30m,2024-12-01,30,1,train_pf_2x,3.408,39,17913,2,0.0,0.0,-3.091,0.022,0.0,13,30,3,1,2.5,1,1.0,0,0.0,24,2.5,0.0,0.0,4,3.0,rvol>2.5,3.408
XAUUSD,30m,2024-12-01,30,10,train_pf_2x,3.408,39,17913,19,0.997,0.677,-0.006,0.211,0.3158,13,30,3,1,2.5,1,1.0,0,0.0,24,2.5,0.0,0.0,4,3.0,rvol>2.5,3.408
XAUUSD,30m,2024-12-01,100,1,train_pf_2x,1.451,128,15748,27,0.192,0.128,-27.453,0.3,0.1111,8,0,2,1,2.5,0,0.5,0,0.0,24,2.0,0.0,0.0,4,3.0,rvol>2.0,1.451
XAUUSD,30m,2024-12-01,100,10,train_pf_2x,1.451,128,15748,234,0.449,0.306,-13.011,2.601,0.235,8,0,2,1,2.5,0,0.5,0,0.0,24,2.0,0.0,0.0,4,3.0,rvol>2.0,1.451
XAUUSD,30m,2025-03-01,30,1,train_pf_2x,2.493,36,17928,2,2.203,1.952,1.238,0.022,0.5,13,30,3,1,2.5,1,2.0,0,0.0,24,2.5,0.0,0.0,4,3.0,rvol>2.5,2.493
XAUUSD,30m,2025-03-01,30,10,train_pf_2x,2.493,36,17928,29,0.559,0.429,-1.286,0.322,0.2069,13,30,3,1,2.5,1,2.0,0,0.0,24,2.5,0.0,0.0,4,3.0,rvol>2.5,2.493
XAUUSD,30m,2025-03-01,100,1,train_pf_2x,1.3,126,15646,13,3.006,2.607,13.465,0.144,0.5385,8,0,3,1,2.5,1,1.0,3,3.0,0,2.5,0.0,0.0,4,3.0,rvol>2.5,1.3
XAUUSD,30m,2025-03-01,100,10,train_pf_2x,1.3,126,15646,288,1.888,1.541,17.469,3.201,0.3924,8,0,3,1,2.5,1,1.0,3,3.0,0,2.5,0.0,0.0,4,3.0,rvol>2.5,1.3
XAUUSD,30m,2025-06-01,30,1,train_pf_2x,3.084,54,17827,21,0.958,0.714,-1.159,0.228,0.0952,13,30,4,1,2.0,0,0.5,0,0.0,0,2.5,0.0,0.0,4,3.0,rvol>2.5,3.084
XAUUSD,30m,2025-06-01,30,10,train_pf_2x,3.084,54,17827,142,0.884,0.652,-1.367,1.544,0.3239,13,30,4,1,2.0,0,0.5,0,0.0,0,2.5,0.0,0.0,4,3.0,rvol>2.5,3.084
XAUUSD,30m,2025-06-01,100,1,train_pf_2x,1.597,101,15340,27,0.728,0.543,-9.768,0.294,0.0741,13,30,4,1,2.0,0,0.5,0,0.0,0,2.0,0.0,0.0,4,3.0,rvol>2.0,1.597
XAUUSD,30m,2025-06-01,100,10,train_pf_2x,1.597,101,15340,238,1.084,0.803,1.829,2.588,0.2689,13,30,4,1,2.0,0,0.5,0,0.0,0,2.0,0.0,0.0,4,3.0,rvol>2.0,1.597
XAUUSD,30m,2025-09-01,30,1,train_pf_2x,3.052,34,17863,15,1.008,0.863,0.046,0.165,0.4667,13,30,3,1,2.0,1,2.0,0,0.0,24,2.5,0.0,0.0,4,3.0,rvol>2.5,3.052
XAUUSD,30m,2025-09-01,30,10,train_pf_2x,3.052,34,17863,177,0.864,0.724,-1.317,1.946,0.3672,13,30,3,1,2.0,1,2.0,0,0.0,24,2.5,0.0,0.0,4,3.0,rvol>2.5,3.052
XAUUSD,30m,2025-09-01,100,1,train_pf_2x,1.909,141,15188,34,3.587,3.176,70.732,0.374,0.2353,-1,192,2,1,1.5,1,1.0,0,0.0,0,2.0,0.0,0.0,4,3.0,rvol>2.0,1.909
XAUUSD,30m,2025-09-01,100,10,train_pf_2x,1.909,141,15188,278,2.813,2.518,37.62,3.056,0.2986,-1,192,2,1,1.5,1,1.0,0,0.0,0,2.0,0.0,0.0,4,3.0,rvol>2.0,1.909
XAUUSD,30m,2025-12-01,30,1,train_pf_2x,2.301,36,17896,12,3.168,2.874,7.191,0.135,0.5833,13,30,3,1,2.0,1,2.0,0,0.0,24,2.5,0.0,0.0,4,3.0,rvol>2.5,2.301
XAUUSD,30m,2025-12-01,30,10,train_pf_2x,2.301,36,17896,119,2.39,2.155,4.975,1.337,0.5966,13,30,3,1,2.0,1,2.0,0,0.0,24,2.5,0.0,0.0,4,3.0,rvol>2.5,2.301
XAUUSD,30m,2025-12-01,100,1,train_pf_2x,1.504,104,14992,28,2.415,2.243,24.913,0.315,0.3929,-1,192,2,1,2.0,0,1.0,0,0.0,0,1.5,0.0,0.0,4,3.0,rvol>1.5,1.504
XAUUSD,30m,2025-12-01,100,10,train_pf_2x,1.504,104,14992,368,1.19,1.012,5.874,4.136,0.2337,-1,192,2,1,2.0,0,1.0,0,0.0,0,1.5,0.0,0.0,4,3.0,rvol>1.5,1.504
XAUUSD,30m,2026-03-01,30,1,train_pf_2x,3.225,41,17900,15,1.54,1.425,5.217,0.163,0.2667,-1,192,2,1,2.0,0,1.0,0,0.0,0,0.0,0.0,0.5,4,3.0,ATRrank<0.5,3.225
XAUUSD,30m,2026-03-01,30,10,train_pf_2x,3.225,41,17900,207,1.244,1.124,3.931,2.251,0.2319,-1,192,2,1,2.0,0,1.0,0,0.0,0,0.0,0.0,0.5,4,3.0,ATRrank<0.5,3.225
XAUUSD,30m,2026-03-01,100,1,train_pf_2x,2.276,100,15212,29,1.219,1.148,4.354,0.315,0.3103,-1,192,2,1,2.0,0,1.0,0,0.0,0,1.5,0.0,0.0,4,3.0,rvol>1.5,2.276
XAUUSD,30m,2026-03-01,100,10,train_pf_2x,2.276,100,15212,325,1.281,1.177,6.664,3.533,0.2923,-1,192,2,1,2.0,0,1.0,0,0.0,0,1.5,0.0,0.0,4,3.0,rvol>1.5,2.276
BTCUSDT,4h,2019-01-01,30,1,train_pf_2x,5.948,31,9378,5,3.649,2.717,7.388,0.056,0.6,-1,24,2,1,2.5,0,1.0,0,0.0,0,1.5,0.0,0.0,2,10.0,rvol>1.5,5.948
BTCUSDT,4h,2019-01-01,30,10,train_pf_2x,5.948,31,9378,47,2.122,1.548,3.116,0.523,0.5745,-1,24,2,1,2.5,0,1.0,0,0.0,0,1.5,0.0,0.0,2,10.0,rvol>1.5,5.948
BTCUSDT,4h,2019-01-01,100,1,train_pf_2x,2.539,112,3580,4,2.982,2.506,4.617,0.045,0.5,-1,24,2,1,1.5,0,1.0,1,0.0,1,2.5,0.0,0.0,2,10.0,rvol>2.5,2.539
BTCUSDT,4h,2019-01-01,100,10,train_pf_2x,2.539,112,3580,129,1.15,0.905,1.041,1.436,0.4031,-1,24,2,1,1.5,0,1.0,1,0.0,1,2.5,0.0,0.0,2,10.0,rvol>2.5,2.539
BTCUSDT,4h,2019-04-01,30,1,train_pf_2x,7.681,35,6379,12,7.05,6.56,25.606,0.132,0.6667,-1,24,2,1,1.5,0,1.0,0,0.0,3,2.5,0.0,0.0,2,10.0,rvol>2.5,7.681
BTCUSDT,4h,2019-04-01,30,10,train_pf_2x,7.681,35,6379,130,6.29,5.772,26.888,1.431,0.6,-1,24,2,1,1.5,0,1.0,0,0.0,3,2.5,0.0,0.0,2,10.0,rvol>2.5,7.681
BTCUSDT,4h,2019-04-01,100,1,train_pf_2x,2.4,136,2908,40,3.476,2.994,25.167,0.44,0.6,-1,24,2,1,1.5,0,1.0,0,0.0,1,1.5,0.0,0.0,2,10.0,rvol>1.5,2.4
BTCUSDT,4h,2019-04-01,100,10,train_pf_2x,2.4,136,2908,310,2.454,2.15,15.668,3.413,0.5484,-1,24,2,1,1.5,0,1.0,0,0.0,1,1.5,0.0,0.0,2,10.0,rvol>1.5,2.4
BTCUSDT,4h,2019-07-01,30,1,train_pf_2x,14.663,30,6991,5,5.143,4.883,8.512,0.054,0.6,-1,24,2,1,2.0,0,1.0,0,0.0,0,2.0,0.0,0.0,2,10.0,rvol>2.0,14.663
BTCUSDT,4h,2019-07-01,30,10,train_pf_2x,14.663,30,6991,67,3.331,3.101,6.617,0.73,0.5373,-1,24,2,1,2.0,0,1.0,0,0.0,0,2.0,0.0,0.0,2,10.0,rvol>2.0,14.663
BTCUSDT,4h,2019-07-01,100,1,train_pf_2x,3.063,123,2736,25,1.954,1.752,9.153,0.272,0.48,-1,24,2,1,1.5,0,1.0,1,0.0,1,1.5,0.0,0.0,2,10.0,rvol>1.5,3.063
BTCUSDT,4h,2019-07-01,100,10,train_pf_2x,3.063,123,2736,248,1.937,1.718,10.955,2.701,0.4637,-1,24,2,1,1.5,0,1.0,1,0.0,1,1.5,0.0,0.0,2,10.0,rvol>1.5,3.063
BTCUSDT,4h,2019-10-01,30,1,train_pf_2x,7.449,33,8545,3,10.381,9.256,4.657,0.033,0.6667,-1,24,2,1,2.0,0,1.0,0,0.0,3,2.0,0.0,0.0,2,10.0,rvol>2.0,7.449
BTCUSDT,4h,2019-10-01,30,10,train_pf_2x,7.449,33,8545,60,3.563,3.117,5.684,0.653,0.5333,-1,24,2,1,2.0,0,1.0,0,0.0,3,2.0,0.0,0.0,2,10.0,rvol>2.0,7.449
BTCUSDT,4h,2019-10-01,100,1,train_pf_2x,3.273,107,2496,22,1.833,1.505,5.619,0.24,0.5455,-1,24,2,1,1.5,0,1.0,0,0.0,1,1.5,0.0,0.0,2,10.0,rvol>1.5,3.273
BTCUSDT,4h,2019-10-01,100,10,train_pf_2x,3.273,107,2496,265,1.927,1.557,8.096,2.886,0.517,-1,24,2,1,1.5,0,1.0,0,0.0,1,1.5,0.0,0.0,2,10.0,rvol>1.5,3.273
BTCUSDT,4h,2020-01-01,30,1,train_pf_2x,5.632,30,8430,14,7.338,6.301,44.164,0.154,0.5714,-1,24,2,1,1.5,0,0.5,0,0.0,0,2.5,0.0,0.0,2,10.0,rvol>2.5,5.632
BTCUSDT,4h,2020-01-01,30,10,train_pf_2x,5.632,30,8430,237,3.41,2.931,24.836,2.609,0.5316,-1,24,2,1,1.5,0,0.5,0,0.0,0,2.5,0.0,0.0,2,10.0,rvol>2.5,5.632
BTCUSDT,4h,2020-01-01,100,1,train_pf_2x,1.875,164,2455,70,0.973,0.815,-0.6,0.771,0.4286,0,0,0,1,2.0,0,6.0,0,0.0,1,1.5,0.0,0.0,2,10.0,rvol>1.5,1.875
BTCUSDT,4h,2020-01-01,100,10,train_pf_2x,1.875,164,2455,465,1.381,1.181,4.182,5.119,0.5161,0,0,0,1,2.0,0,6.0,0,0.0,1,1.5,0.0,0.0,2,10.0,rvol>1.5,1.875
BTCUSDT,4h,2020-04-01,30,1,train_pf_2x,6.703,36,9262,15,1.722,1.405,6.048,0.165,0.4,-1,24,2,1,2.0,0,0.5,0,0.0,1,2.0,0.0,0.0,2,10.0,rvol>2.0,6.703
BTCUSDT,4h,2020-04-01,30,10,train_pf_2x,6.703,36,9262,121,3.228,2.629,13.592,1.332,0.438,-1,24,2,1,2.0,0,0.5,0,0.0,1,2.0,0.0,0.0,2,10.0,rvol>2.0,6.703
BTCUSDT,4h,2020-04-01,100,1,train_pf_2x,2.509,107,2759,27,1.698,1.439,13.622,0.297,0.3704,-1,24,2,1,1.5,0,0.5,0,0.0,3,1.5,0.0,0.0,2,10.0,rvol>1.5,2.509
BTCUSDT,4h,2020-04-01,100,10,train_pf_2x,2.509,107,2759,312,1.493,1.234,5.017,3.435,0.4712,-1,24,2,1,1.5,0,0.5,0,0.0,3,1.5,0.0,0.0,2,10.0,rvol>1.5,2.509
BTCUSDT,4h,2020-07-01,30,1,train_pf_2x,5.785,31,9075,2,inf,inf,32.873,0.022,1.0,-1,24,2,1,1.5,0,0.5,0,0.0,0,2.5,0.0,0.0,2,10.0,rvol>2.5,5.785
BTCUSDT,4h,2020-07-01,30,10,train_pf_2x,5.785,31,9075,27,inf,inf,17.2,0.294,1.0,-1,24,2,1,1.5,0,0.5,0,0.0,0,2.5,0.0,0.0,2,10.0,rvol>2.5,5.785
BTCUSDT,4h,2020-07-01,100,1,train_pf_2x,1.847,129,2667,9,14.129,13.28,13.485,0.098,0.8889,0,0,0,1,2.0,0,6.0,0,0.0,0,2.0,0.0,0.0,2,10.0,rvol>2.0,1.847
BTCUSDT,4h,2020-07-01,100,10,train_pf_2x,1.847,129,2667,164,4.991,4.081,11.164,1.786,0.689,0,0,0,1,2.0,0,6.0,0,0.0,0,2.0,0.0,0.0,2,10.0,rvol>2.0,1.847
BTCUSDT,4h,2020-10-01,30,1,train_pf_2x,5.797,34,8354,10,6.311,5.713,34.981,0.109,0.4,-1,24,2,1,1.5,0,0.5,0,0.0,0,2.5,0.0,0.0,2,10.0,rvol>2.5,5.797
BTCUSDT,4h,2020-10-01,30,10,train_pf_2x,5.797,34,8354,108,3.502,3.22,14.676,1.176,0.4907,-1,24,2,1,1.5,0,0.5,0,0.0,0,2.5,0.0,0.0,2,10.0,rvol>2.5,5.797
BTCUSDT,4h,2020-10-01,100,1,train_pf_2x,2.22,113,2690,22,4.699,4.125,10.625,0.24,0.6818,0,0,0,1,2.0,0,6.0,0,0.0,0,2.0,0.0,0.0,2,10.0,rvol>2.0,2.22
BTCUSDT,4h,2020-10-01,100,10,train_pf_2x,2.22,113,2690,220,4.684,4.089,4.294,2.396,0.6818,0,0,0,1,2.0,0,6.0,0,0.0,0,2.0,0.0,0.0,2,10.0,rvol>2.0,2.22
BTCUSDT,4h,2021-01-01,30,1,train_pf_2x,5.682,46,9356,10,1.345,1.273,2.151,0.111,0.4,-1,24,2,1,1.5,0,1.0,0,0.0,0,2.0,0.0,0.0,2,10.0,rvol>2.0,5.682
BTCUSDT,4h,2021-01-01,30,10,train_pf_2x,5.682,46,9356,88,0.717,0.668,-1.774,0.98,0.2955,-1,24,2,1,1.5,0,1.0,0,0.0,0,2.0,0.0,0.0,2,10.0,rvol>2.0,5.682
BTCUSDT,4h,2021-01-01,100,1,train_pf_2x,2.466,107,3163,21,2.677,2.474,1.619,0.234,0.5714,0,0,0,1,2.0,1,6.0,3,1.0,3,2.0,0.0,0.0,2,10.0,rvol>2.0,2.466
BTCUSDT,4h,2021-01-01,100,10,train_pf_2x,2.466,107,3163,210,2.393,2.206,2.31,2.338,0.5714,0,0,0,1,2.0,1,6.0,3,1.0,3,2.0,0.0,0.0,2,10.0,rvol>2.0,2.466
BTCUSDT,4h,2021-04-01,30,1,train_pf_2x,5.426,44,8531,12,10.343,9.659,5.225,0.132,0.75,8,0,0,1,2.0,0,6.0,0,0.0,1,2.0,0.0,0.0,2,10.0,rvol>2.0,5.426
BTCUSDT,4h,2021-04-01,30,10,train_pf_2x,5.426,44,8531,137,2.65,2.379,4.434,1.508,0.5985,8,0,0,1,2.0,0,6.0,0,0.0,1,2.0,0.0,0.0,2,10.0,rvol>2.0,5.426
BTCUSDT,4h,2021-04-01,100,1,train_pf_2x,2.459,149,3288,46,0.817,0.756,-0.776,0.506,0.3913,0,0,0,1,2.0,1,6.0,3,1.0,0,1.5,0.0,0.0,2,10.0,rvol>1.5,2.459
BTCUSDT,4h,2021-04-01,100,10,train_pf_2x,2.459,149,3288,466,0.766,0.707,-0.999,5.13,0.3948,0,0,0,1,2.0,1,6.0,3,1.0,0,1.5,0.0,0.0,2,10.0,rvol>1.5,2.459
BTCUSDT,4h,2021-07-01,30,1,train_pf_2x,8.749,37,7982,3,3.106,2.963,1.643,0.033,0.6667,8,0,0,1,2.0,0,6.0,3,3.0,3,2.0,0.0,0.0,2,10.0,rvol>2.0,8.749
BTCUSDT,4h,2021-07-01,30,10,train_pf_2x,8.749,37,7982,30,3.248,3.106,1.45,0.327,0.6667,8,0,0,1,2.0,0,6.0,3,3.0,3,2.0,0.0,0.0,2,10.0,rvol>2.0,8.749
BTCUSDT,4h,2021-07-01,100,1,train_pf_2x,2.473,111,4003,6,2.954,2.557,2.43,0.065,0.5,-1,24,2,1,1.5,0,1.0,3,3.0,1,1.5,0.0,0.0,2,10.0,rvol>1.5,2.473
BTCUSDT,4h,2021-07-01,100,10,train_pf_2x,2.473,111,4003,60,3.231,2.768,2.86,0.653,0.5,-1,24,2,1,1.5,0,1.0,3,3.0,1,1.5,0.0,0.0,2,10.0,rvol>1.5,2.473
BTCUSDT,4h,2021-10-01,30,1,train_pf_2x,8.582,34,7234,2,inf,inf,1.098,0.022,1.0,8,0,0,1,2.0,0,6.0,3,3.0,0,2.0,0.0,0.0,2,10.0,rvol>2.0,8.582
BTCUSDT,4h,2021-10-01,30,10,train_pf_2x,8.582,34,7234,20,inf,inf,1.227,0.218,1.0,8,0,0,1,2.0,0,6.0,3,3.0,0,2.0,0.0,0.0,2,10.0,rvol>2.0,8.582
BTCUSDT,4h,2021-10-01,100,1,train_pf_2x,1.381,133,4148,7,1.06,0.97,0.047,0.076,0.5714,0,0,0,1,2.0,1,6.0,0,0.0,0,1.5,0.0,0.0,2,10.0,rvol>1.5,1.381
BTCUSDT,4h,2021-10-01,100,10,train_pf_2x,1.381,133,4148,70,1.038,0.949,0.03,0.762,0.5714,0,0,0,1,2.0,1,6.0,0,0.0,0,1.5,0.0,0.0,2,10.0,rvol>1.5,1.381
BTCUSDT,4h,2022-01-01,30,1,train_pf_2x,6.411,38,6713,7,1.649,1.364,2.271,0.078,0.2857,-1,24,2,1,1.5,0,0.5,0,0.0,1,2.0,0.0,0.0,2,10.0,rvol>2.0,6.411
BTCUSDT,4h,2022-01-01,30,10,train_pf_2x,6.411,38,6713,79,1.728,1.464,1.548,0.879,0.4557,-1,24,2,1,1.5,0,0.5,0,0.0,1,2.0,0.0,0.0,2,10.0,rvol>2.0,6.411
BTCUSDT,4h,2022-01-01,100,1,train_pf_2x,1.353,103,4478,27,2.371,2.161,19.164,0.301,0.4815,-1,24,4,1,2.0,1,1.0,0,0.0,0,0.0,0.0,0.0,2,10.0,none,1.353
BTCUSDT,4h,2022-01-01,100,10,train_pf_2x,1.353,103,4478,320,2.478,2.132,29.757,3.562,0.425,-1,24,4,1,2.0,1,1.0,0,0.0,0,0.0,0.0,0.0,2,10.0,none,1.353
BTCUSDT,4h,2022-04-01,30,1,train_pf_2x,22.926,36,6369,27,0.774,0.68,-0.636,0.297,0.4444,-1,24,0,1,2.0,0,6.0,3,1.0,1,2.0,0.0,0.0,2,10.0,rvol>2.0,22.926
BTCUSDT,4h,2022-04-01,30,10,train_pf_2x,22.926,36,6369,270,0.923,0.809,-0.188,2.972,0.4667,-1,24,0,1,2.0,0,6.0,3,1.0,1,2.0,0.0,0.0,2,10.0,rvol>2.0,22.926
BTCUSDT,4h,2022-04-01,100,1,train_pf_2x,1.285,129,4200,19,1.209,0.963,0.51,0.209,0.4737,-1,24,4,1,2.0,1,2.0,3,2.0,3,0.0,0.5,0.0,2,10.0,ATRrank>0.5,1.285
BTCUSDT,4h,2022-04-01,100,10,train_pf_2x,1.285,129,4200,253,1.054,0.9,0.368,2.785,0.4704,-1,24,4,1,2.0,1,2.0,3,2.0,3,0.0,0.5,0.0,2,10.0,ATRrank>0.5,1.285
BTCUSDT,4h,2022-07-01,30,1,train_pf_2x,8.607,33,6853,89,0.762,0.586,-6.157,0.969,0.4719,8,0,0,1,2.0,0,6.0,0,0.0,1,2.0,0.0,0.0,2,10.0,rvol>2.0,8.607
BTCUSDT,4h,2022-07-01,30,10,train_pf_2x,8.607,33,6853,872,0.802,0.628,-3.526,9.495,0.4725,8,0,0,1,2.0,0,6.0,0,0.0,1,2.0,0.0,0.0,2,10.0,rvol>2.0,8.607
BTCUSDT,4h,2022-07-01,100,1,train_pf_2x,1.537,108,3757,103,0.511,0.412,-25.001,1.122,0.3301,0,0,0,1,2.0,0,6.0,0,0.0,0,1.5,0.0,0.0,2,10.0,rvol>1.5,1.537
BTCUSDT,4h,2022-07-01,100,10,train_pf_2x,1.537,108,3757,837,0.489,0.403,-8.656,9.114,0.3321,0,0,0,1,2.0,0,6.0,0,0.0,0,1.5,0.0,0.0,2,10.0,rvol>1.5,1.537
BTCUSDT,4h,2022-10-01,30,1,train_pf_2x,3.111,35,11027,4,0.741,0.439,-0.755,0.044,0.5,8,0,4,1,2.0,0,1.0,0,0.0,3,2.5,0.0,0.0,2,10.0,rvol>2.5,3.111
BTCUSDT,4h,2022-10-01,30,10,train_pf_2x,3.111,35,11027,50,0.801,0.483,-0.627,0.544,0.52,8,0,4,1,2.0,0,1.0,0,0.0,3,2.5,0.0,0.0,2,10.0,rvol>2.5,3.111
BTCUSDT,4h,2022-10-01,100,1,train_pf_2x,1.586,107,3728,33,0.772,0.592,-0.602,0.359,0.5152,8,0,0,1,2.0,1,6.0,3,3.0,3,2.0,0.0,0.0,2,10.0,rvol>2.0,1.586
BTCUSDT,4h,2022-10-01,100,10,train_pf_2x,1.586,107,3728,372,0.756,0.573,-0.698,4.051,0.4946,8,0,0,1,2.0,1,6.0,3,3.0,3,2.0,0.0,0.0,2,10.0,rvol>2.0,1.586
BTCUSDT,4h,2023-01-01,30,1,train_pf_2x,2.778,39,10148,5,0.395,0.266,-2.674,0.056,0.4,8,0,4,1,2.0,0,1.0,0,0.0,0,2.5,0.0,0.0,2,10.0,rvol>2.5,2.778
BTCUSDT,4h,2023-01-01,30,10,train_pf_2x,2.778,39,10148,68,1.107,0.822,0.42,0.757,0.5294,8,0,4,1,2.0,0,1.0,0,0.0,0,2.5,0.0,0.0,2,10.0,rvol>2.5,2.778
BTCUSDT,4h,2023-01-01,100,1,train_pf_2x,1.591,101,3644,14,3.825,3.372,7.499,0.156,0.7143,8,0,0,1,2.0,0,6.0,0,0.0,0,2.5,0.0,0.0,2,10.0,rvol>2.5,1.591
BTCUSDT,4h,2023-01-01,100,10,train_pf_2x,1.591,101,3644,155,3.913,3.407,6.55,1.725,0.7161,8,0,0,1,2.0,0,6.0,0,0.0,0,2.5,0.0,0.0,2,10.0,rvol>2.5,1.591
BTCUSDT,4h,2023-04-01,30,1,train_pf_2x,6.403,32,9665,0,,,0.0,0.0,,-1,24,2,1,2.5,1,2.0,3,1.0,1,2.0,0.0,0.0,2,10.0,rvol>2.0,6.403
BTCUSDT,4h,2023-04-01,30,10,train_pf_2x,6.403,32,9665,0,,,0.0,0.0,,-1,24,2,1,2.5,1,2.0,3,1.0,1,2.0,0.0,0.0,2,10.0,rvol>2.0,6.403
BTCUSDT,4h,2023-04-01,100,1,train_pf_2x,1.702,112,4380,0,,,0.0,0.0,,8,0,0,1,2.0,0,6.0,0,0.0,3,2.5,0.0,0.0,2,10.0,rvol>2.5,1.702
BTCUSDT,4h,2023-04-01,100,10,train_pf_2x,1.702,112,4380,0,,,0.0,0.0,,8,0,0,1,2.0,0,6.0,0,0.0,3,2.5,0.0,0.0,2,10.0,rvol>2.5,1.702
BTCUSDT,4h,2023-07-01,30,1,train_pf_2x,4.832,30,8651,0,,,0.0,0.0,,-1,24,2,1,2.5,1,1.0,3,3.0,1,2.0,0.0,0.0,2,10.0,rvol>2.0,4.832
BTCUSDT,4h,2023-07-01,30,10,train_pf_2x,4.832,30,8651,0,,,0.0,0.0,,-1,24,2,1,2.5,1,1.0,3,3.0,1,2.0,0.0,0.0,2,10.0,rvol>2.0,4.832
BTCUSDT,4h,2023-07-01,100,1,train_pf_2x,1.678,119,3845,0,,,0.0,0.0,,-1,24,0,1,2.0,0,6.0,0,0.0,0,2.0,0.0,0.0,2,10.0,rvol>2.0,1.678
BTCUSDT,4h,2023-07-01,100,10,train_pf_2x,1.678,119,3845,3,inf,inf,0.137,0.033,1.0,-1,24,0,1,2.0,0,6.0,0,0.0,0,2.0,0.0,0.0,2,10.0,rvol>2.0,1.678
BTCUSDT,4h,2023-10-01,30,1,train_pf_2x,3.31,35,6409,0,,,0.0,0.0,,-1,24,2,1,2.0,1,2.0,3,1.0,1,2.5,0.0,0.0,2,10.0,rvol>2.5,3.31
BTCUSDT,4h,2023-10-01,30,10,train_pf_2x,3.31,35,6409,0,,,0.0,0.0,,-1,24,2,1,2.0,1,2.0,3,1.0,1,2.5,0.0,0.0,2,10.0,rvol>2.5,3.31
BTCUSDT,4h,2023-10-01,100,1,train_pf_2x,1.057,114,2623,17,2.847,2.532,11.654,0.185,0.4706,-1,24,2,1,1.5,1,2.0,0,0.0,0,0.0,0.0,0.5,2,10.0,ATRrank<0.5,1.057
BTCUSDT,4h,2023-10-01,100,10,train_pf_2x,1.057,114,2623,168,1.481,1.259,4.81,1.829,0.2917,-1,24,2,1,1.5,1,2.0,0,0.0,0,0.0,0.0,0.5,2,10.0,ATRrank<0.5,1.057
BTCUSDT,4h,2024-01-01,30,1,train_pf_2x,4.125,35,4850,27,2.074,1.903,4.169,0.297,0.4815,-1,24,0,1,2.0,0,6.0,0,0.0,0,1.5,0.0,0.0,2,10.0,rvol>1.5,4.125
BTCUSDT,4h,2024-01-01,30,10,train_pf_2x,4.125,35,4850,231,2.547,2.322,6.425,2.543,0.4848,-1,24,0,1,2.0,0,6.0,0,0.0,0,1.5,0.0,0.0,2,10.0,rvol>1.5,4.125
BTCUSDT,4h,2024-01-01,100,1,train_pf_2x,1.242,103,2548,5,3.651,3.125,3.583,0.055,0.4,-1,24,2,1,1.5,1,2.0,0,0.0,0,0.0,0.0,0.5,2,10.0,ATRrank<0.5,1.242
BTCUSDT,4h,2024-01-01,100,10,train_pf_2x,1.242,103,2548,143,2.064,1.792,7.624,1.574,0.3497,-1,24,2,1,1.5,1,2.0,0,0.0,0,0.0,0.0,0.5,2,10.0,ATRrank<0.5,1.242
BTCUSDT,4h,2024-04-01,30,1,train_pf_2x,4.173,33,5826,15,0.498,0.351,-5.961,0.165,0.3333,-1,24,2,1,1.5,0,0.5,0,0.0,3,1.5,0.0,0.0,2,10.0,rvol>1.5,4.173
BTCUSDT,4h,2024-04-01,30,10,train_pf_2x,4.173,33,5826,168,0.657,0.523,-2.123,1.85,0.4464,-1,24,2,1,1.5,0,0.5,0,0.0,3,1.5,0.0,0.0,2,10.0,rvol>1.5,4.173
BTCUSDT,4h,2024-04-01,100,1,train_pf_2x,1.428,100,2193,0,,,0.0,0.0,,-1,24,2,1,1.5,0,1.0,0,0.0,0,0.0,0.0,0.5,2,10.0,ATRrank<0.5,1.428
BTCUSDT,4h,2024-04-01,100,10,train_pf_2x,1.428,100,2193,214,0.559,0.466,-5.716,2.356,0.3505,-1,24,2,1,1.5,0,1.0,0,0.0,0,0.0,0.0,0.5,2,10.0,ATRrank<0.5,1.428
BTCUSDT,4h,2024-07-01,30,1,train_pf_2x,3.305,39,7057,14,2.333,1.857,11.453,0.152,0.5,-1,24,2,1,1.5,0,0.5,0,0.0,0,1.5,0.0,0.0,2,10.0,rvol>1.5,3.305
BTCUSDT,4h,2024-07-01,30,10,train_pf_2x,3.305,39,7057,110,2.197,1.835,3.813,1.198,0.5091,-1,24,2,1,1.5,0,0.5,0,0.0,0,1.5,0.0,0.0,2,10.0,rvol>1.5,3.305
BTCUSDT,4h,2024-07-01,100,1,train_pf_2x,1.22,102,2563,31,1.329,1.075,8.873,0.338,0.2903,-1,24,2,1,2.0,0,0.5,0,0.0,0,0.0,0.0,0.0,2,10.0,none,1.22
BTCUSDT,4h,2024-07-01,100,10,train_pf_2x,1.22,102,2563,374,1.292,1.115,4.856,4.073,0.4679,-1,24,2,1,2.0,0,0.5,0,0.0,0,0.0,0.0,0.0,2,10.0,none,1.22
BTCUSDT,4h,2024-10-01,30,1,train_pf_2x,9.516,34,7473,13,2.54,2.203,3.585,0.142,0.6154,-1,24,2,1,2.0,1,2.0,3,3.0,3,1.5,0.0,0.0,2,10.0,rvol>1.5,9.516
BTCUSDT,4h,2024-10-01,30,10,train_pf_2x,9.516,34,7473,149,1.596,1.307,1.639,1.623,0.5369,-1,24,2,1,2.0,1,2.0,3,3.0,3,1.5,0.0,0.0,2,10.0,rvol>1.5,9.516
BTCUSDT,4h,2024-10-01,100,1,train_pf_2x,1.559,105,3251,25,1.461,1.205,2.366,0.272,0.52,-1,24,2,1,2.0,1,2.0,3,3.0,3,0.0,0.0,0.0,2,10.0,none,1.559
BTCUSDT,4h,2024-10-01,100,10,train_pf_2x,1.559,105,3251,281,1.045,0.888,0.511,3.06,0.427,-1,24,2,1,2.0,1,2.0,3,3.0,3,0.0,0.0,0.0,2,10.0,none,1.559
BTCUSDT,4h,2025-01-01,30,1,train_pf_2x,7.999,34,7495,10,1.274,1.185,0.332,0.111,0.6,-1,24,0,1,2.0,0,6.0,3,2.0,3,2.5,0.0,0.0,2,10.0,rvol>2.5,7.999
BTCUSDT,4h,2025-01-01,30,10,train_pf_2x,7.999,34,7495,108,1.084,1.006,0.119,1.202,0.5556,-1,24,0,1,2.0,0,6.0,3,2.0,3,2.5,0.0,0.0,2,10.0,rvol>2.5,7.999
BTCUSDT,4h,2025-01-01,100,1,train_pf_2x,1.759,104,3889,22,1.666,1.383,4.665,0.245,0.5455,-1,24,2,1,1.5,0,1.0,0,0.0,1,1.5,0.0,0.0,2,10.0,rvol>1.5,1.759
BTCUSDT,4h,2025-01-01,100,10,train_pf_2x,1.759,104,3889,220,1.729,1.421,4.865,2.449,0.5545,-1,24,2,1,1.5,0,1.0,0,0.0,1,1.5,0.0,0.0,2,10.0,rvol>1.5,1.759
BTCUSDT,4h,2025-04-01,30,1,train_pf_2x,2.953,33,7092,7,1.007,0.922,0.007,0.077,0.4286,-1,24,0,1,2.0,0,6.0,0,0.0,3,2.5,0.0,0.0,2,10.0,rvol>2.5,2.953
BTCUSDT,4h,2025-04-01,30,10,train_pf_2x,2.953,33,7092,70,0.721,0.607,-0.539,0.771,0.3857,-1,24,0,1,2.0,0,6.0,0,0.0,3,2.5,0.0,0.0,2,10.0,rvol>2.5,2.953
BTCUSDT,4h,2025-04-01,100,1,train_pf_2x,1.302,101,3892,18,1.002,0.903,0.007,0.198,0.3333,-1,24,0,1,2.0,0,6.0,3,2.0,0,1.5,0.0,0.0,2,10.0,rvol>1.5,1.302
BTCUSDT,4h,2025-04-01,100,10,train_pf_2x,1.302,101,3892,200,0.999,0.855,-0.004,2.202,0.39,-1,24,0,1,2.0,0,6.0,3,2.0,0,1.5,0.0,0.0,2,10.0,rvol>1.5,1.302
BTCUSDT,4h,2025-07-01,30,1,train_pf_2x,3.272,33,7171,4,inf,inf,5.849,0.044,1.0,8,0,2,1,1.5,1,1.0,3,3.0,1,1.5,0.0,0.0,2,10.0,rvol>1.5,3.272
BTCUSDT,4h,2025-07-01,30,10,train_pf_2x,3.272,33,7171,38,6.31,4.168,6.001,0.414,0.8158,8,0,2,1,1.5,1,1.0,3,3.0,1,1.5,0.0,0.0,2,10.0,rvol>1.5,3.272
BTCUSDT,4h,2025-07-01,100,1,train_pf_2x,1.26,143,4081,12,7.821,6.494,19.355,0.131,0.6667,0,0,0,1,2.0,0,6.0,0,0.0,3,1.5,0.0,0.0,2,10.0,rvol>1.5,1.26
BTCUSDT,4h,2025-07-01,100,10,train_pf_2x,1.26,143,4081,120,3.862,3.324,4.684,1.307,0.6667,0,0,0,1,2.0,0,6.0,0,0.0,3,1.5,0.0,0.0,2,10.0,rvol>1.5,1.26
BTCUSDT,4h,2025-10-01,30,1,train_pf_2x,4.299,32,7017,7,4.729,3.682,3.893,0.076,0.7143,8,0,2,1,1.5,1,1.0,3,3.0,1,1.5,0.0,0.0,2,10.0,rvol>1.5,4.299
BTCUSDT,4h,2025-10-01,30,10,train_pf_2x,4.299,32,7017,70,4.487,3.473,2.731,0.762,0.7143,8,0,2,1,1.5,1,1.0,3,3.0,1,1.5,0.0,0.0,2,10.0,rvol>1.5,4.299
BTCUSDT,4h,2025-10-01,100,1,train_pf_2x,1.664,125,3946,48,1.297,1.055,5.358,0.523,0.3958,0,0,0,1,2.0,0,6.0,0,0.0,0,1.5,0.0,0.0,2,10.0,rvol>1.5,1.664
BTCUSDT,4h,2025-10-01,100,10,train_pf_2x,1.664,125,3946,358,0.792,0.678,-3.701,3.898,0.3939,0,0,0,1,2.0,0,6.0,0,0.0,0,1.5,0.0,0.0,2,10.0,rvol>1.5,1.664
BTCUSDT,4h,2026-01-01,30,1,train_pf_2x,3.183,33,6894,18,7.451,6.394,16.833,0.2,0.7222,0,0,0,1,2.0,0,6.0,0,0.0,0,2.5,0.0,0.0,2,10.0,rvol>2.5,3.183
BTCUSDT,4h,2026-01-01,30,10,train_pf_2x,3.183,33,6894,210,3.592,2.875,11.346,2.338,0.6381,0,0,0,1,2.0,0,6.0,0,0.0,0,2.5,0.0,0.0,2,10.0,rvol>2.5,3.183
BTCUSDT,4h,2026-01-01,100,1,train_pf_2x,1.369,127,3782,52,1.697,1.378,12.839,0.579,0.5192,0,0,0,1,2.0,0,6.0,0,0.0,3,1.5,0.0,0.0,2,10.0,rvol>1.5,1.369
BTCUSDT,4h,2026-01-01,100,10,train_pf_2x,1.369,127,3782,369,1.234,1.016,3.447,4.108,0.4878,0,0,0,1,2.0,0,6.0,0,0.0,3,1.5,0.0,0.0,2,10.0,rvol>1.5,1.369
BTCUSDT,4h,2026-04-01,30,1,train_pf_2x,7.931,31,7267,10,1.204,1.006,0.968,0.11,0.5,8,0,2,1,1.5,1,1.0,3,2.0,1,1.5,0.0,0.0,2,10.0,rvol>1.5,7.931
BTCUSDT,4h,2026-04-01,30,10,train_pf_2x,7.931,31,7267,100,1.066,0.91,0.287,1.101,0.51,8,0,2,1,1.5,1,1.0,3,2.0,1,1.5,0.0,0.0,2,10.0,rvol>1.5,7.931
BTCUSDT,4h,2026-04-01,100,1,train_pf_2x,1.435,137,3398,38,1.413,1.127,7.669,0.418,0.4737,0,0,0,1,2.0,0,6.0,0,0.0,0,1.5,0.0,0.0,2,10.0,rvol>1.5,1.435
BTCUSDT,4h,2026-04-01,100,10,train_pf_2x,1.435,137,3398,380,1.122,0.879,1.881,4.183,0.5,0,0,0,1,2.0,0,6.0,0,0.0,0,1.5,0.0,0.0,2,10.0,rvol>1.5,1.435
XAGUSD,15m,2024-09-01,30,1,train_pf_2x,2.135,72,18040,17,1.005,0.905,0.089,0.191,0.1176,-1,384,2,1,2.5,1,1.0,0,0.0,0,2.5,0.0,0.0,8,5.0,rvol>2.5,2.135
XAGUSD,15m,2024-09-01,30,10,train_pf_2x,2.135,72,18040,139,1.156,1.031,1.523,1.562,0.3022,-1,384,2,1,2.5,1,1.0,0,0.0,0,2.5,0.0,0.0,8,5.0,rvol>2.5,2.135
XAGUSD,15m,2024-09-01,100,1,train_pf_2x,1.607,113,16740,26,1.117,0.978,2.831,0.292,0.1538,-1,384,2,1,2.5,1,1.0,0,0.0,0,0.0,0.0,0.0,8,5.0,none,1.607
XAGUSD,15m,2024-09-01,100,10,train_pf_2x,1.607,113,16740,238,1.101,0.987,1.924,2.674,0.2437,-1,384,2,1,2.5,1,1.0,0,0.0,0,0.0,0.0,0.0,8,5.0,none,1.607
XAGUSD,15m,2024-12-01,30,1,train_pf_2x,2.089,40,18060,12,0.038,0.025,-11.883,0.135,0.0833,-1,384,3,1,1.5,1,2.0,0,0.0,0,0.0,0.0,0.5,8,5.0,ATRrank<0.5,2.089
XAGUSD,15m,2024-12-01,30,10,train_pf_2x,2.089,40,18060,99,0.386,0.326,-5.103,1.112,0.202,-1,384,3,1,1.5,1,2.0,0,0.0,0,0.0,0.0,0.5,8,5.0,ATRrank<0.5,2.089
XAGUSD,15m,2024-12-01,100,1,train_pf_2x,1.57,103,16729,17,1.148,0.981,1.632,0.191,0.3529,-1,384,2,1,2.5,0,0.5,3,3.0,16,2.5,0.0,0.0,8,5.0,rvol>2.5,1.57
XAGUSD,15m,2024-12-01,100,10,train_pf_2x,1.57,103,16729,158,0.461,0.381,-7.026,1.775,0.2532,-1,384,2,1,2.5,0,0.5,3,3.0,16,2.5,0.0,0.0,8,5.0,rvol>2.5,1.57
XAGUSD,15m,2025-03-01,30,1,train_pf_2x,1.995,67,18035,9,4.413,3.924,27.006,0.1,0.2222,-1,384,2,1,2.5,0,0.5,0,0.0,0,2.5,0.0,0.0,8,5.0,rvol>2.5,1.995
XAGUSD,15m,2025-03-01,30,10,train_pf_2x,1.995,67,18035,165,1.698,1.496,11.232,1.834,0.1455,-1,384,2,1,2.5,0,0.5,0,0.0,0,2.5,0.0,0.0,8,5.0,rvol>2.5,1.995
XAGUSD,15m,2025-03-01,100,1,train_pf_2x,1.949,113,16542,28,1.499,1.327,13.549,0.311,0.1429,-1,384,2,1,2.0,1,1.0,0,0.0,0,2.5,0.0,0.0,8,5.0,rvol>2.5,1.949
XAGUSD,15m,2025-03-01,100,10,train_pf_2x,1.949,113,16542,334,1.095,0.96,3.126,3.712,0.1347,-1,384,2,1,2.0,1,1.0,0,0.0,0,2.5,0.0,0.0,8,5.0,rvol>2.5,1.949
XAGUSD,15m,2025-06-01,30,1,train_pf_2x,1.731,79,17999,23,0.149,0.111,-12.554,0.25,0.2174,13,30,3,1,2.5,1,2.0,0,0.0,0,0.0,0.7,0.0,8,5.0,ATRrank>0.7,1.731
XAGUSD,15m,2025-06-01,30,10,train_pf_2x,1.731,79,17999,220,0.359,0.297,-8.517,2.392,0.2636,13,30,3,1,2.5,1,2.0,0,0.0,0,0.0,0.7,0.0,8,5.0,ATRrank>0.7,1.731
XAGUSD,15m,2025-06-01,100,1,train_pf_2x,1.443,113,16273,32,0.163,0.129,-17.81,0.348,0.1875,13,30,3,1,2.0,1,2.0,0,0.0,0,0.0,0.7,0.0,8,5.0,ATRrank>0.7,1.443
XAGUSD,15m,2025-06-01,100,10,train_pf_2x,1.443,113,16273,358,0.55,0.453,-9.656,3.892,0.3073,13,30,3,1,2.0,1,2.0,0,0.0,0,0.0,0.7,0.0,8,5.0,ATRrank>0.7,1.443
XAGUSD,15m,2025-09-01,30,1,train_pf_2x,2.589,64,17973,16,1.559,1.436,4.927,0.178,0.375,-1,384,4,1,2.0,0,1.0,0,0.0,0,2.0,0.0,0.0,8,5.0,rvol>2.0,2.589
XAGUSD,15m,2025-09-01,30,10,train_pf_2x,2.589,64,17973,195,0.844,0.754,-1.862,2.167,0.3231,-1,384,4,1,2.0,0,1.0,0,0.0,0,2.0,0.0,0.0,8,5.0,rvol>2.0,2.589
XAGUSD,15m,2025-09-01,100,1,train_pf_2x,1.484,128,16364,33,0.944,0.846,-0.815,0.367,0.4242,-1,384,4,1,2.0,0,1.0,0,0.0,48,0.0,0.5,0.0,8,5.0,ATRrank>0.5,1.484
XAGUSD,15m,2025-09-01,100,10,train_pf_2x,1.484,128,16364,388,0.94,0.849,-1.323,4.312,0.3351,-1,384,4,1,2.0,0,1.0,0,0.0,48,0.0,0.5,0.0,8,5.0,ATRrank>0.5,1.484
XAGUSD,15m,2025-12-01,30,1,train_pf_2x,1.558,61,18033,16,1.259,1.218,2.382,0.18,0.4375,-1,384,4,1,2.0,0,1.0,3,3.0,0,2.0,0.0,0.0,8,5.0,rvol>2.0,1.558
XAGUSD,15m,2025-12-01,30,10,train_pf_2x,1.558,61,18033,188,1.065,1.019,0.554,2.113,0.4574,-1,384,4,1,2.0,0,1.0,3,3.0,0,2.0,0.0,0.0,8,5.0,rvol>2.0,1.558
XAGUSD,15m,2025-12-01,100,1,train_pf_2x,1.22,129,16567,31,0.881,0.839,-1.669,0.348,0.4516,-1,384,4,1,2.0,0,1.0,0,0.0,48,0.0,0.5,0.0,8,5.0,ATRrank>0.5,1.22
XAGUSD,15m,2025-12-01,100,10,train_pf_2x,1.22,129,16567,366,0.945,0.879,-1.077,4.113,0.4071,-1,384,4,1,2.0,0,1.0,0,0.0,48,0.0,0.5,0.0,8,5.0,ATRrank>0.5,1.22
XAGUSD,15m,2026-03-01,30,1,train_pf_2x,2.159,51,17966,13,0.373,0.354,-6.075,0.141,0.1538,-1,384,2,1,2.5,0,1.0,0,0.0,0,2.5,0.0,0.0,8,5.0,rvol>2.5,2.159
XAGUSD,15m,2026-03-01,30,10,train_pf_2x,2.159,51,17966,401,0.613,0.564,-7.036,4.359,0.182,-1,384,2,1,2.5,0,1.0,0,0.0,0,2.5,0.0,0.0,8,5.0,rvol>2.5,2.159
XAGUSD,15m,2026-03-01,100,1,train_pf_2x,1.906,490,16783,254,1.582,1.419,26.323,2.761,0.2323,8,0,0,1,2.0,1,6.0,0,0.0,0,0.0,0.0,0.5,8,5.0,ATRrank<0.5,1.906
XAGUSD,15m,2026-03-01,100,10,train_pf_2x,1.906,490,16783,529,0.542,0.498,-11.749,5.751,0.1758,8,0,0,1,2.0,1,6.0,0,0.0,0,0.0,0.0,0.5,8,5.0,ATRrank<0.5,1.906
BTCUSDT,1h,2019-01-01,30,1,train_pf_2x,7.307,33,12319,8,11.744,8.126,12.845,0.089,0.875,-1,96,2,1,2.5,0,1.0,0,0.0,12,2.5,0.0,0.0,2,10.0,rvol>2.5,7.307
BTCUSDT,1h,2019-01-01,30,10,train_pf_2x,7.307,33,12319,87,1.881,1.377,4.736,0.967,0.5172,-1,96,2,1,2.5,0,1.0,0,0.0,12,2.5,0.0,0.0,2,10.0,rvol>2.5,7.307
BTCUSDT,1h,2019-01-01,100,1,train_pf_2x,3.305,114,8559,7,3.0,1.847,10.496,0.078,0.4286,0,0,4,1,2.0,0,0.5,0,0.0,4,2.5,0.0,0.0,2,10.0,rvol>2.5,3.305
BTCUSDT,1h,2019-01-01,100,10,train_pf_2x,3.305,114,8559,165,1.935,1.37,8.557,1.834,0.4545,0,0,4,1,2.0,0,0.5,0,0.0,4,2.5,0.0,0.0,2,10.0,rvol>2.5,3.305
BTCUSDT,1h,2019-04-01,30,1,train_pf_2x,8.938,34,10625,14,3.138,2.829,9.134,0.154,0.7143,-1,96,2,1,2.5,1,2.0,3,2.0,12,2.5,0.0,0.0,2,10.0,rvol>2.5,8.938
BTCUSDT,1h,2019-04-01,30,10,train_pf_2x,8.938,34,10625,138,3.982,3.484,11.999,1.517,0.6957,-1,96,2,1,2.5,1,2.0,3,2.0,12,2.5,0.0,0.0,2,10.0,rvol>2.5,8.938
BTCUSDT,1h,2019-04-01,100,1,train_pf_2x,4.153,153,6201,83,2.365,2.018,21.154,0.913,0.5783,8,0,0,1,2.0,0,6.0,0,0.0,4,2.5,0.0,0.0,2,10.0,rvol>2.5,4.153
BTCUSDT,1h,2019-04-01,100,10,train_pf_2x,4.153,153,6201,639,1.662,1.327,26.697,7.025,0.3505,8,0,0,1,2.0,0,6.0,0,0.0,4,2.5,0.0,0.0,2,10.0,rvol>2.5,4.153
BTCUSDT,1h,2019-07-01,30,1,train_pf_2x,6.358,44,12768,4,3.53,3.168,4.139,0.043,0.5,-1,96,2,1,2.5,1,1.0,3,3.0,12,2.5,0.0,0.0,2,10.0,rvol>2.5,6.358
BTCUSDT,1h,2019-07-01,30,10,train_pf_2x,6.358,44,12768,68,4.158,3.765,8.063,0.739,0.6029,-1,96,2,1,2.5,1,1.0,3,3.0,12,2.5,0.0,0.0,2,10.0,rvol>2.5,6.358
BTCUSDT,1h,2019-07-01,100,1,train_pf_2x,3.601,107,8778,18,10.134,9.026,16.943,0.196,0.7778,-1,96,2,1,2.0,0,1.0,0,0.0,4,2.0,0.0,0.0,2,10.0,rvol>2.0,3.601
BTCUSDT,1h,2019-07-01,100,10,train_pf_2x,3.601,107,8778,320,2.971,2.459,25.33,3.48,0.5687,-1,96,2,1,2.0,0,1.0,0,0.0,4,2.0,0.0,0.0,2,10.0,rvol>2.0,3.601
BTCUSDT,1h,2019-10-01,30,1,train_pf_2x,5.972,51,13066,14,1.995,1.769,8.141,0.152,0.3571,-1,96,2,1,2.0,0,1.0,0,0.0,0,2.5,0.0,0.0,2,10.0,rvol>2.5,5.972
BTCUSDT,1h,2019-10-01,30,10,train_pf_2x,5.972,51,13066,126,1.891,1.61,6.862,1.37,0.4127,-1,96,2,1,2.0,0,1.0,0,0.0,0,2.5,0.0,0.0,2,10.0,rvol>2.5,5.972
BTCUSDT,1h,2019-10-01,100,1,train_pf_2x,3.707,106,8879,26,1.412,1.228,5.343,0.283,0.3846,-1,96,2,1,1.5,0,1.0,0,0.0,12,2.5,0.0,0.0,2,10.0,rvol>2.5,3.707
BTCUSDT,1h,2019-10-01,100,10,train_pf_2x,3.707,106,8879,323,1.429,1.177,8.843,3.512,0.3498,-1,96,2,1,1.5,0,1.0,0,0.0,12,2.5,0.0,0.0,2,10.0,rvol>2.5,3.707
BTCUSDT,1h,2020-01-01,30,1,train_pf_2x,5.326,46,12911,27,2.137,1.811,6.609,0.297,0.7407,8,0,3,1,2.5,1,2.0,3,1.0,4,2.5,0.0,0.0,2,10.0,rvol>2.5,5.326
BTCUSDT,1h,2020-01-01,30,10,train_pf_2x,5.326,46,12911,282,1.75,1.471,7.636,3.1,0.6206,8,0,3,1,2.5,1,2.0,3,1.0,4,2.5,0.0,0.0,2,10.0,rvol>2.5,5.326
BTCUSDT,1h,2020-01-01,100,1,train_pf_2x,3.728,103,8670,43,1.284,1.051,3.101,0.473,0.5814,8,0,3,1,1.5,1,2.0,3,1.0,4,2.0,0.0,0.0,2,10.0,rvol>2.0,3.728
BTCUSDT,1h,2020-01-01,100,10,train_pf_2x,3.728,103,8670,498,1.604,1.265,16.306,5.475,0.4779,8,0,3,1,1.5,1,2.0,3,1.0,4,2.0,0.0,0.0,2,10.0,rvol>2.0,3.728
BTCUSDT,1h,2020-04-01,30,1,train_pf_2x,4.134,68,13151,18,2.997,2.627,24.558,0.198,0.3889,-1,96,2,1,2.0,1,1.0,0,0.0,0,2.0,0.0,0.0,2,10.0,rvol>2.0,4.134
BTCUSDT,1h,2020-04-01,30,10,train_pf_2x,4.134,68,13151,147,2.842,2.453,19.006,1.616,0.3673,-1,96,2,1,2.0,1,1.0,0,0.0,0,2.0,0.0,0.0,2,10.0,rvol>2.0,4.134
BTCUSDT,1h,2020-04-01,100,1,train_pf_2x,2.806,109,9342,10,2.632,1.987,10.47,0.11,0.5,0,0,4,1,2.0,0,1.0,0,0.0,12,2.5,0.0,0.0,2,10.0,rvol>2.5,2.806
BTCUSDT,1h,2020-04-01,100,10,train_pf_2x,2.806,109,9342,182,2.934,2.345,21.842,2.001,0.4176,0,0,4,1,2.0,0,1.0,0,0.0,12,2.5,0.0,0.0,2,10.0,rvol>2.5,2.806
BTCUSDT,1h,2020-07-01,30,1,train_pf_2x,3.884,42,12754,10,4.959,4.202,13.524,0.109,0.7,-1,96,3,1,1.5,0,1.0,0,0.0,0,1.5,0.0,0.0,2,10.0,rvol>1.5,3.884
BTCUSDT,1h,2020-07-01,30,10,train_pf_2x,3.884,42,12754,91,5.451,4.343,16.592,0.99,0.6264,-1,96,3,1,1.5,0,1.0,0,0.0,0,1.5,0.0,0.0,2,10.0,rvol>1.5,3.884
BTCUSDT,1h,2020-07-01,100,1,train_pf_2x,2.803,166,8585,25,6.769,4.768,49.454,0.272,0.68,8,0,2,1,1.5,0,1.0,0,0.0,0,2.5,0.0,0.0,2,10.0,rvol>2.5,2.803
BTCUSDT,1h,2020-07-01,100,10,train_pf_2x,2.803,166,8585,251,3.519,2.423,33.456,2.729,0.5697,8,0,2,1,1.5,0,1.0,0,0.0,0,2.5,0.0,0.0,2,10.0,rvol>2.5,2.803
BTCUSDT,1h,2020-10-01,30,1,train_pf_2x,4.92,40,12648,15,0.402,0.31,-6.494,0.163,0.2667,-1,96,3,1,1.5,0,1.0,0,0.0,0,1.5,0.0,0.0,2,10.0,rvol>1.5,4.92
BTCUSDT,1h,2020-10-01,30,10,train_pf_2x,4.92,40,12648,133,0.645,0.514,-3.695,1.446,0.2707,-1,96,3,1,1.5,0,1.0,0,0.0,0,1.5,0.0,0.0,2,10.0,rvol>1.5,4.92
BTCUSDT,1h,2020-10-01,100,1,train_pf_2x,2.781,124,8545,52,1.764,1.436,21.75,0.565,0.5,-1,96,2,1,1.5,0,0.5,0,0.0,4,2.5,0.0,0.0,2,10.0,rvol>2.5,2.781
BTCUSDT,1h,2020-10-01,100,10,train_pf_2x,2.781,124,8545,551,2.383,1.904,50.455,5.992,0.4211,-1,96,2,1,1.5,0,0.5,0,0.0,4,2.5,0.0,0.0,2,10.0,rvol>2.5,2.781
BTCUSDT,1h,2021-01-01,30,1,train_pf_2x,5.641,32,13237,6,0.851,0.808,-0.512,0.067,0.3333,-1,96,2,1,2.5,1,2.0,0,0.0,12,2.5,0.0,0.0,2,10.0,rvol>2.5,5.641
BTCUSDT,1h,2021-01-01,30,10,train_pf_2x,5.641,32,13237,60,0.695,0.651,-1.279,0.667,0.25,-1,96,2,1,2.5,1,2.0,0,0.0,12,2.5,0.0,0.0,2,10.0,rvol>2.5,5.641
BTCUSDT,1h,2021-01-01,100,1,train_pf_2x,2.717,157,9005,22,2.482,2.303,17.114,0.245,0.5,0,0,2,1,1.5,1,1.0,0,0.0,0,2.5,0.0,0.0,2,10.0,rvol>2.5,2.717
BTCUSDT,1h,2021-01-01,100,10,train_pf_2x,2.717,157,9005,214,2.11,1.925,12.764,2.379,0.4346,0,0,2,1,1.5,1,1.0,0,0.0,0,2.5,0.0,0.0,2,10.0,rvol>2.5,2.717
BTCUSDT,1h,2021-04-01,30,1,train_pf_2x,6.094,33,12447,9,0.151,0.12,-8.642,0.099,0.1111,8,0,3,1,1.5,0,1.0,0,0.0,0,2.5,0.0,0.0,2,10.0,rvol>2.5,6.094
BTCUSDT,1h,2021-04-01,30,10,train_pf_2x,6.094,33,12447,89,0.595,0.471,-2.434,0.978,0.3483,8,0,3,1,1.5,0,1.0,0,0.0,0,2.5,0.0,0.0,2,10.0,rvol>2.5,6.094
BTCUSDT,1h,2021-04-01,100,1,train_pf_2x,3.301,120,8945,29,1.924,1.706,11.518,0.319,0.5172,0,0,2,1,1.5,1,1.0,0,0.0,0,2.5,0.0,0.0,2,10.0,rvol>2.5,3.301
BTCUSDT,1h,2021-04-01,100,10,train_pf_2x,3.301,120,8945,389,2.08,1.856,7.945,4.277,0.6401,0,0,2,1,1.5,1,1.0,0,0.0,0,2.5,0.0,0.0,2,10.0,rvol>2.5,3.301
BTCUSDT,1h,2021-07-01,30,1,train_pf_2x,4.345,34,12546,0,,,0.0,0.0,,8,0,3,1,1.5,0,1.0,0,0.0,0,2.5,0.0,0.0,2,10.0,rvol>2.5,4.345
BTCUSDT,1h,2021-07-01,30,10,train_pf_2x,4.345,34,12546,22,4.341,3.939,2.19,0.239,0.5909,8,0,3,1,1.5,0,1.0,0,0.0,0,2.5,0.0,0.0,2,10.0,rvol>2.5,4.345
BTCUSDT,1h,2021-07-01,100,1,train_pf_2x,3.23,104,9027,10,1.316,1.189,1.401,0.109,0.3,-1,96,2,1,1.5,0,1.0,3,2.0,12,2.5,0.0,0.0,2,10.0,rvol>2.5,3.23
BTCUSDT,1h,2021-07-01,100,10,train_pf_2x,3.23,104,9027,103,1.903,1.674,3.589,1.12,0.4466,-1,96,2,1,1.5,0,1.0,3,2.0,12,2.5,0.0,0.0,2,10.0,rvol>2.5,3.23
BTCUSDT,1h,2021-10-01,30,1,train_pf_2x,3.715,48,12392,10,9.411,8.086,9.797,0.109,0.8,-1,96,2,1,2.0,1,2.0,0,0.0,12,2.5,0.0,0.0,2,10.0,rvol>2.5,3.715
BTCUSDT,1h,2021-10-01,30,10,train_pf_2x,3.715,48,12392,108,3.607,2.933,10.307,1.174,0.6204,-1,96,2,1,2.0,1,2.0,0,0.0,12,2.5,0.0,0.0,2,10.0,rvol>2.5,3.715
BTCUSDT,1h,2021-10-01,100,1,train_pf_2x,2.615,147,8971,36,3.757,3.182,11.953,0.391,0.6111,0,0,0,1,2.0,0,6.0,3,3.0,4,2.5,0.0,0.0,2,10.0,rvol>2.5,2.615
BTCUSDT,1h,2021-10-01,100,10,train_pf_2x,2.615,147,8971,353,2.897,2.416,15.631,3.839,0.5552,0,0,0,1,2.0,0,6.0,3,3.0,4,2.5,0.0,0.0,2,10.0,rvol>2.5,2.615
BTCUSDT,1h,2022-01-01,30,1,train_pf_2x,3.582,125,12145,57,2.139,1.835,13.152,0.634,0.5439,0,0,0,1,2.0,0,6.0,3,3.0,4,2.5,0.0,0.0,2,10.0,rvol>2.5,3.582
BTCUSDT,1h,2022-01-01,30,10,train_pf_2x,3.582,125,12145,489,1.975,1.659,15.188,5.436,0.5583,0,0,0,1,2.0,0,6.0,3,3.0,4,2.5,0.0,0.0,2,10.0,rvol>2.5,3.582
BTCUSDT,1h,2022-01-01,100,1,train_pf_2x,3.582,125,7896,57,2.139,1.835,13.152,0.634,0.5439,0,0,0,1,2.0,0,6.0,3,3.0,4,2.5,0.0,0.0,2,10.0,rvol>2.5,3.582
BTCUSDT,1h,2022-01-01,100,10,train_pf_2x,3.582,125,7896,494,1.979,1.713,7.772,5.491,0.5526,0,0,0,1,2.0,0,6.0,3,3.0,4,2.5,0.0,0.0,2,10.0,rvol>2.5,3.582
BTCUSDT,1h,2022-04-01,30,1,train_pf_2x,4.411,39,12401,5,4.355,3.228,2.662,0.055,0.6,-1,96,2,1,2.5,0,1.0,0,0.0,12,1.5,0.0,0.0,2,10.0,rvol>1.5,4.411
BTCUSDT,1h,2022-04-01,30,10,train_pf_2x,4.411,39,12401,45,6.219,4.237,2.563,0.495,0.7111,-1,96,2,1,2.5,0,1.0,0,0.0,12,1.5,0.0,0.0,2,10.0,rvol>1.5,4.411
BTCUSDT,1h,2022-04-01,100,1,train_pf_2x,3.201,126,8457,51,1.349,1.159,1.341,0.561,0.4902,-1,96,0,1,2.0,0,6.0,3,1.0,12,2.0,0.0,0.0,2,10.0,rvol>2.0,3.201
BTCUSDT,1h,2022-04-01,100,10,train_pf_2x,3.201,126,8457,524,2.029,1.688,9.503,5.761,0.5458,-1,96,0,1,2.0,0,6.0,3,1.0,12,2.0,0.0,0.0,2,10.0,rvol>2.0,3.201
BTCUSDT,1h,2022-07-01,30,1,train_pf_2x,8.725,33,12615,18,2.922,2.017,3.604,0.196,0.6111,-1,96,2,1,2.5,1,2.0,3,2.0,4,2.0,0.0,0.0,2,10.0,rvol>2.0,8.725
BTCUSDT,1h,2022-07-01,30,10,train_pf_2x,8.725,33,12615,212,2.158,1.577,3.774,2.305,0.5566,-1,96,2,1,2.5,1,2.0,3,2.0,4,2.0,0.0,0.0,2,10.0,rvol>2.0,8.725
BTCUSDT,1h,2022-07-01,100,1,train_pf_2x,3.002,124,7845,73,1.501,1.197,9.179,0.794,0.5205,8,0,2,1,2.0,1,2.0,3,2.0,4,2.0,0.0,0.0,2,10.0,rvol>2.0,3.002
BTCUSDT,1h,2022-07-01,100,10,train_pf_2x,3.002,124,7845,768,1.536,1.235,17.221,8.352,0.474,8,0,2,1,2.0,1,2.0,3,2.0,4,2.0,0.0,0.0,2,10.0,rvol>2.0,3.002
BTCUSDT,1h,2022-10-01,30,1,train_pf_2x,9.042,37,12888,8,3.117,2.578,7.265,0.087,0.625,-1,96,2,1,2.5,0,1.0,3,3.0,12,2.0,0.0,0.0,2,10.0,rvol>2.0,9.042
BTCUSDT,1h,2022-10-01,30,10,train_pf_2x,9.042,37,12888,71,4.754,3.914,7.662,0.772,0.7324,-1,96,2,1,2.5,0,1.0,3,3.0,12,2.0,0.0,0.0,2,10.0,rvol>2.0,9.042
BTCUSDT,1h,2022-10-01,100,1,train_pf_2x,3.191,100,8945,20,1.164,0.876,2.352,0.217,0.35,-1,96,2,1,2.0,0,0.5,3,3.0,12,2.0,0.0,0.0,2,10.0,rvol>2.0,3.191
BTCUSDT,1h,2022-10-01,100,10,train_pf_2x,3.191,100,8945,209,1.211,0.956,2.629,2.273,0.4163,-1,96,2,1,2.0,0,0.5,3,3.0,12,2.0,0.0,0.0,2,10.0,rvol>2.0,3.191
BTCUSDT,1h,2023-01-01,30,1,train_pf_2x,7.169,31,12332,13,2.344,1.829,4.83,0.145,0.6154,-1,96,2,1,2.5,0,1.0,3,3.0,12,2.5,0.0,0.0,2,10.0,rvol>2.5,7.169
BTCUSDT,1h,2023-01-01,30,10,train_pf_2x,7.169,31,12332,186,1.015,0.718,0.206,2.068,0.3871,-1,96,2,1,2.5,0,1.0,3,3.0,12,2.5,0.0,0.0,2,10.0,rvol>2.5,7.169
BTCUSDT,1h,2023-01-01,100,1,train_pf_2x,2.084,125,7958,31,2.036,1.654,18.154,0.345,0.4839,8,0,2,1,2.0,1,1.0,0,0.0,12,2.5,0.0,0.0,2,10.0,rvol>2.5,2.084
BTCUSDT,1h,2023-01-01,100,10,train_pf_2x,2.084,125,7958,346,2.421,1.944,31.506,3.846,0.4393,8,0,2,1,2.0,1,1.0,0,0.0,12,2.5,0.0,0.0,2,10.0,rvol>2.5,2.084
BTCUSDT,1h,2023-04-01,30,1,train_pf_2x,6.954,30,12838,2,inf,inf,6.359,0.022,1.0,-1,96,2,1,2.5,0,1.0,0,0.0,12,2.5,0.0,0.0,2,10.0,rvol>2.5,6.954
BTCUSDT,1h,2023-04-01,30,10,train_pf_2x,6.954,30,12838,22,43.318,36.259,4.84,0.242,0.9545,-1,96,2,1,2.5,0,1.0,0,0.0,12,2.5,0.0,0.0,2,10.0,rvol>2.5,6.954
BTCUSDT,1h,2023-04-01,100,1,train_pf_2x,2.177,183,8894,11,9.014,7.08,40.086,0.121,0.6364,0,0,2,1,1.5,0,1.0,0,0.0,0,2.5,0.0,0.0,2,10.0,rvol>2.5,2.177
BTCUSDT,1h,2023-04-01,100,10,train_pf_2x,2.177,183,8894,75,5.555,4.208,18.481,0.825,0.5867,0,0,2,1,1.5,0,1.0,0,0.0,0,2.5,0.0,0.0,2,10.0,rvol>2.5,2.177
BTCUSDT,1h,2023-07-01,30,1,train_pf_2x,6.366,30,13191,11,0.599,0.435,-2.818,0.12,0.2727,-1,96,2,1,2.5,0,1.0,0,0.0,12,2.5,0.0,0.0,2,10.0,rvol>2.5,6.366
BTCUSDT,1h,2023-07-01,30,10,train_pf_2x,6.366,30,13191,113,1.161,0.868,1.547,1.229,0.2478,-1,96,2,1,2.5,0,1.0,0,0.0,12,2.5,0.0,0.0,2,10.0,rvol>2.5,6.366
BTCUSDT,1h,2023-07-01,100,1,train_pf_2x,2.275,134,9172,30,2.573,1.742,31.721,0.326,0.4667,0,0,2,1,1.5,0,1.0,0,0.0,0,2.5,0.0,0.0,2,10.0,rvol>2.5,2.275
BTCUSDT,1h,2023-07-01,100,10,train_pf_2x,2.275,134,9172,204,3.121,2.197,29.587,2.218,0.4755,0,0,2,1,1.5,0,1.0,0,0.0,0,2.5,0.0,0.0,2,10.0,rvol>2.5,2.275
BTCUSDT,1h,2023-10-01,30,1,train_pf_2x,3.958,40,13003,13,0.712,0.501,-3.204,0.141,0.2308,0,0,3,1,2.0,0,1.0,0,0.0,12,2.5,0.0,0.0,2,10.0,rvol>2.5,3.958
BTCUSDT,1h,2023-10-01,30,10,train_pf_2x,3.958,40,13003,144,2.652,1.884,20.014,1.566,0.3611,0,0,3,1,2.0,0,1.0,0,0.0,12,2.5,0.0,0.0,2,10.0,rvol>2.5,3.958
BTCUSDT,1h,2023-10-01,100,1,train_pf_2x,2.436,101,8367,50,2.404,1.683,51.907,0.544,0.4,8,0,2,1,1.5,0,1.0,0,0.0,4,2.5,0.0,0.0,2,10.0,rvol>2.5,2.436
BTCUSDT,1h,2023-10-01,100,10,train_pf_2x,2.436,101,8367,483,2.696,2.0,35.489,5.252,0.5031,8,0,2,1,1.5,0,1.0,0,0.0,4,2.5,0.0,0.0,2,10.0,rvol>2.5,2.436
BTCUSDT,1h,2024-01-01,30,1,train_pf_2x,4.148,54,13211,22,0.863,0.591,-3.41,0.242,0.2727,8,0,3,1,2.0,0,1.0,0,0.0,0,2.5,0.0,0.0,2,10.0,rvol>2.5,4.148
BTCUSDT,1h,2024-01-01,30,10,train_pf_2x,4.148,54,13211,174,1.382,0.975,6.4,1.913,0.3333,8,0,3,1,2.0,0,1.0,0,0.0,0,2.5,0.0,0.0,2,10.0,rvol>2.5,4.148
BTCUSDT,1h,2024-01-01,100,1,train_pf_2x,2.544,132,8882,50,4.32,3.432,115.174,0.55,0.44,0,0,2,1,1.5,0,1.0,0,0.0,0,2.5,0.0,0.0,2,10.0,rvol>2.5,2.544
BTCUSDT,1h,2024-01-01,100,10,train_pf_2x,2.544,132,8882,540,2.763,2.115,46.759,5.937,0.4685,0,0,2,1,1.5,0,1.0,0,0.0,0,2.5,0.0,0.0,2,10.0,rvol>2.5,2.544
BTCUSDT,1h,2024-04-01,30,1,train_pf_2x,4.237,40,12634,6,4.311,3.113,13.629,0.066,0.5,0,0,3,1,1.5,0,1.0,0,0.0,4,2.5,0.0,0.0,2,10.0,rvol>2.5,4.237
BTCUSDT,1h,2024-04-01,30,10,train_pf_2x,4.237,40,12634,85,3.889,2.904,13.523,0.934,0.5176,0,0,3,1,1.5,0,1.0,0,0.0,4,2.5,0.0,0.0,2,10.0,rvol>2.5,4.237
BTCUSDT,1h,2024-04-01,100,1,train_pf_2x,3.31,168,8664,30,3.55,2.976,10.572,0.33,0.6667,0,0,0,1,2.0,0,6.0,0,0.0,4,2.5,0.0,0.0,2,10.0,rvol>2.5,3.31
BTCUSDT,1h,2024-04-01,100,10,train_pf_2x,3.31,168,8664,282,2.976,2.418,8.232,3.1,0.6525,0,0,0,1,2.0,0,6.0,0,0.0,4,2.5,0.0,0.0,2,10.0,rvol>2.5,3.31
BTCUSDT,1h,2024-07-01,30,1,train_pf_2x,4.118,43,12585,21,3.163,2.411,23.422,0.228,0.5714,0,0,3,1,1.5,0,1.0,0,0.0,4,2.5,0.0,0.0,2,10.0,rvol>2.5,4.118
BTCUSDT,1h,2024-07-01,30,10,train_pf_2x,4.118,43,12585,182,1.787,1.364,9.785,1.979,0.4121,0,0,3,1,1.5,0,1.0,0,0.0,4,2.5,0.0,0.0,2,10.0,rvol>2.5,4.118
BTCUSDT,1h,2024-07-01,100,1,train_pf_2x,3.083,104,8819,37,1.261,0.933,8.209,0.402,0.2703,0,0,4,1,2.0,0,1.0,0,0.0,0,2.0,0.0,0.0,2,10.0,rvol>2.0,3.083
BTCUSDT,1h,2024-07-01,100,10,train_pf_2x,3.083,104,8819,483,1.172,0.879,3.62,5.252,0.4493,0,0,4,1,2.0,0,1.0,0,0.0,0,2.0,0.0,0.0,2,10.0,rvol>2.0,3.083
BTCUSDT,1h,2024-10-01,30,1,train_pf_2x,3.876,34,12814,12,0.495,0.388,-4.763,0.13,0.25,0,0,2,1,2.5,1,1.0,3,2.0,12,2.5,0.0,0.0,2,10.0,rvol>2.5,3.876
BTCUSDT,1h,2024-10-01,30,10,train_pf_2x,3.876,34,12814,123,0.742,0.571,-1.884,1.338,0.4065,0,0,2,1,2.5,1,1.0,3,2.0,12,2.5,0.0,0.0,2,10.0,rvol>2.5,3.876
BTCUSDT,1h,2024-10-01,100,1,train_pf_2x,2.606,153,9032,58,1.131,0.865,6.549,0.631,0.2931,0,0,2,1,1.5,0,1.0,0,0.0,0,2.5,0.0,0.0,2,10.0,rvol>2.5,2.606
BTCUSDT,1h,2024-10-01,100,10,train_pf_2x,2.606,153,9032,459,1.088,0.853,2.617,4.991,0.366,0,0,2,1,1.5,0,1.0,0,0.0,0,2.5,0.0,0.0,2,10.0,rvol>2.5,2.606
BTCUSDT,1h,2025-01-01,30,1,train_pf_2x,3.468,38,12872,8,1.342,1.123,0.978,0.089,0.625,0,0,2,1,2.5,1,2.0,3,1.0,12,2.5,0.0,0.0,2,10.0,rvol>2.5,3.468
BTCUSDT,1h,2025-01-01,30,10,train_pf_2x,3.468,38,12872,76,1.315,1.102,1.301,0.845,0.4605,0,0,2,1,2.5,1,2.0,3,1.0,12,2.5,0.0,0.0,2,10.0,rvol>2.5,3.468
BTCUSDT,1h,2025-01-01,100,1,train_pf_2x,2.323,108,9441,31,0.964,0.83,-0.098,0.345,0.5161,-1,96,0,1,2.0,0,6.0,3,3.0,12,2.5,0.0,0.0,2,10.0,rvol>2.5,2.323
BTCUSDT,1h,2025-01-01,100,10,train_pf_2x,2.323,108,9441,281,1.574,1.317,3.253,3.124,0.4804,-1,96,0,1,2.0,0,6.0,3,3.0,12,2.5,0.0,0.0,2,10.0,rvol>2.5,2.323
BTCUSDT,1h,2025-04-01,30,1,train_pf_2x,2.584,42,12844,1,inf,inf,0.959,0.011,1.0,8,0,2,1,2.5,1,2.0,3,1.0,0,2.5,0.0,0.0,2,10.0,rvol>2.5,2.584
BTCUSDT,1h,2025-04-01,30,10,train_pf_2x,2.584,42,12844,45,1.66,1.33,1.712,0.495,0.4222,8,0,2,1,2.5,1,2.0,3,1.0,0,2.5,0.0,0.0,2,10.0,rvol>2.5,2.584
BTCUSDT,1h,2025-04-01,100,1,train_pf_2x,1.738,114,9123,22,1.848,1.494,14.372,0.242,0.3182,-1,96,2,1,1.5,1,1.0,0,0.0,0,2.0,0.0,0.0,2,10.0,rvol>2.0,1.738
BTCUSDT,1h,2025-04-01,100,10,train_pf_2x,1.738,114,9123,212,2.476,1.887,15.33,2.331,0.4858,-1,96,2,1,1.5,1,1.0,0,0.0,0,2.0,0.0,0.0,2,10.0,rvol>2.0,1.738
BTCUSDT,1h,2025-07-01,30,1,train_pf_2x,2.433,31,12828,20,0.352,0.271,-11.027,0.217,0.2,-1,96,3,1,2.0,1,2.0,3,3.0,0,0.0,0.0,0.5,2,10.0,ATRrank<0.5,2.433
BTCUSDT,1h,2025-07-01,30,10,train_pf_2x,2.433,31,12828,95,0.993,0.715,-0.043,1.033,0.3895,-1,96,3,1,2.0,1,2.0,3,3.0,0,0.0,0.0,0.5,2,10.0,ATRrank<0.5,2.433
BTCUSDT,1h,2025-07-01,100,1,train_pf_2x,1.699,150,9065,36,1.753,1.123,13.732,0.391,0.5556,-1,96,2,1,1.5,0,0.5,3,3.0,4,2.5,0.0,0.0,2,10.0,rvol>2.5,1.699
BTCUSDT,1h,2025-07-01,100,10,train_pf_2x,1.699,150,9065,351,1.416,0.962,8.388,3.817,0.49,-1,96,2,1,1.5,0,0.5,3,3.0,4,2.5,0.0,0.0,2,10.0,rvol>2.5,1.699
BTCUSDT,1h,2025-10-01,30,1,train_pf_2x,1.78,32,12626,17,1.719,1.384,3.753,0.185,0.5294,8,0,2,1,2.5,1,2.0,3,2.0,4,2.5,0.0,0.0,2,10.0,rvol>2.5,1.78
BTCUSDT,1h,2025-10-01,30,10,train_pf_2x,1.78,32,12626,238,1.838,1.409,10.808,2.588,0.437,8,0,2,1,2.5,1,2.0,3,2.0,4,2.5,0.0,0.0,2,10.0,rvol>2.5,1.78
BTCUSDT,1h,2025-10-01,100,1,train_pf_2x,1.577,158,8907,59,2.227,1.558,62.888,0.642,0.339,8,0,2,1,1.5,0,1.0,0,0.0,12,2.5,0.0,0.0,2,10.0,rvol>2.5,1.577
BTCUSDT,1h,2025-10-01,100,10,train_pf_2x,1.577,158,8907,396,2.449,1.776,18.161,4.306,0.5682,8,0,2,1,1.5,0,1.0,0,0.0,12,2.5,0.0,0.0,2,10.0,rvol>2.5,1.577
BTCUSDT,1h,2026-01-01,30,1,train_pf_2x,2.355,30,12669,5,0.8,0.555,-0.485,0.056,0.6,-1,96,4,1,2.0,0,0.5,0,0.0,4,2.5,0.0,0.0,2,10.0,rvol>2.5,2.355
BTCUSDT,1h,2026-01-01,30,10,train_pf_2x,2.355,30,12669,165,2.676,1.977,11.354,1.834,0.6485,-1,96,4,1,2.0,0,0.5,0,0.0,4,2.5,0.0,0.0,2,10.0,rvol>2.5,2.355
BTCUSDT,1h,2026-01-01,100,1,train_pf_2x,1.891,131,8821,36,2.096,1.548,13.466,0.4,0.6389,-1,96,2,1,1.5,0,0.5,0,0.0,4,2.5,0.0,0.0,2,10.0,rvol>2.5,1.891
BTCUSDT,1h,2026-01-01,100,10,train_pf_2x,1.891,131,8821,380,2.547,1.866,31.468,4.224,0.5263,-1,96,2,1,1.5,0,0.5,0,0.0,4,2.5,0.0,0.0,2,10.0,rvol>2.5,1.891
BTCUSDT,1h,2026-04-01,30,1,train_pf_2x,2.745,32,12725,5,2.462,1.87,4.078,0.055,0.4,8,0,2,1,2.5,1,1.0,0,0.0,0,2.5,0.0,0.0,2,10.0,rvol>2.5,2.745
BTCUSDT,1h,2026-04-01,30,10,train_pf_2x,2.745,32,12725,104,0.411,0.271,-7.327,1.143,0.1923,8,0,2,1,2.5,1,1.0,0,0.0,0,2.5,0.0,0.0,2,10.0,rvol>2.5,2.745
BTCUSDT,1h,2026-04-01,100,1,train_pf_2x,2.214,154,8862,34,0.231,0.152,-39.252,0.374,0.0882,8,0,2,1,1.5,0,0.5,0,0.0,0,2.5,0.0,0.0,2,10.0,rvol>2.5,2.214
BTCUSDT,1h,2026-04-01,100,10,train_pf_2x,2.214,154,8862,296,0.656,0.441,-8.905,3.254,0.3345,8,0,2,1,1.5,0,0.5,0,0.0,0,2.5,0.0,0.0,2,10.0,rvol>2.5,2.214
BTCUSDT,30m,2019-01-01,30,1,train_pf_2x,5.635,80,17569,7,2.386,1.563,10.171,0.078,0.2857,8,0,3,1,1.5,0,1.0,0,0.0,0,2.5,0.0,0.0,4,10.0,rvol>2.5,5.635
BTCUSDT,30m,2019-01-01,30,10,train_pf_2x,5.635,80,17569,67,2.457,1.583,9.822,0.745,0.3284,8,0,3,1,1.5,0,1.0,0,0.0,0,2.5,0.0,0.0,4,10.0,rvol>2.5,5.635
BTCUSDT,30m,2019-01-01,100,1,train_pf_2x,3.411,128,13881,12,1.83,1.177,9.738,0.133,0.3333,8,0,3,1,1.5,0,1.0,0,0.0,0,2.0,0.0,0.0,4,10.0,rvol>2.0,3.411
BTCUSDT,30m,2019-01-01,100,10,train_pf_2x,3.411,128,13881,154,1.464,0.976,6.727,1.712,0.3052,8,0,3,1,1.5,0,1.0,0,0.0,0,2.0,0.0,0.0,4,10.0,rvol>2.0,3.411
BTCUSDT,30m,2019-04-01,30,1,train_pf_2x,5.174,34,17329,15,2.135,1.756,9.318,0.165,0.4667,-1,192,3,1,1.5,0,0.5,0,0.0,24,2.0,0.0,0.0,4,10.0,rvol>2.0,5.174
BTCUSDT,30m,2019-04-01,30,10,train_pf_2x,5.174,34,17329,143,1.307,1.092,2.706,1.572,0.3846,-1,192,3,1,1.5,0,0.5,0,0.0,24,2.0,0.0,0.0,4,10.0,rvol>2.0,5.174
BTCUSDT,30m,2019-04-01,100,1,train_pf_2x,3.115,141,12440,42,4.403,3.764,5.397,0.462,0.5714,-1,192,0,1,2.0,0,6.0,0,0.0,24,2.5,0.0,0.0,4,10.0,rvol>2.5,3.115
BTCUSDT,30m,2019-04-01,100,10,train_pf_2x,3.115,141,12440,501,2.389,1.881,39.062,5.507,0.4132,-1,192,0,1,2.0,0,6.0,0,0.0,24,2.5,0.0,0.0,4,10.0,rvol>2.5,3.115
BTCUSDT,30m,2019-07-01,30,1,train_pf_2x,4.675,53,17680,11,4.477,3.118,23.283,0.12,0.5455,8,0,3,1,2.5,0,1.0,0,0.0,24,2.5,0.0,0.0,4,10.0,rvol>2.5,4.675
BTCUSDT,30m,2019-07-01,30,10,train_pf_2x,4.675,53,17680,142,2.697,2.067,15.288,1.544,0.4577,8,0,3,1,2.5,0,1.0,0,0.0,24,2.5,0.0,0.0,4,10.0,rvol>2.5,4.675
BTCUSDT,30m,2019-07-01,100,1,train_pf_2x,2.775,101,14453,36,2.175,1.953,26.63,0.391,0.3889,-1,192,2,1,1.5,1,2.0,0,0.0,0,2.0,0.0,0.0,4,10.0,rvol>2.0,2.775
BTCUSDT,30m,2019-07-01,100,10,train_pf_2x,2.775,101,14453,356,2.181,1.873,26.139,3.87,0.4045,-1,192,2,1,1.5,1,2.0,0,0.0,0,2.0,0.0,0.0,4,10.0,rvol>2.0,2.775
BTCUSDT,30m,2019-10-01,30,1,train_pf_2x,4.391,32,17713,7,0.2,0.162,-3.76,0.076,0.1429,-1,192,3,1,1.5,0,1.0,3,3.0,24,2.0,0.0,0.0,4,10.0,rvol>2.0,4.391
BTCUSDT,30m,2019-10-01,30,10,train_pf_2x,4.391,32,17713,132,2.303,1.861,11.795,1.435,0.3485,-1,192,3,1,1.5,0,1.0,3,3.0,24,2.0,0.0,0.0,4,10.0,rvol>2.0,4.391
BTCUSDT,30m,2019-10-01,100,1,train_pf_2x,3.12,107,14214,28,1.641,1.352,7.848,0.304,0.4643,-1,192,2,1,2.0,0,1.0,0,0.0,24,2.0,0.0,0.0,4,10.0,rvol>2.0,3.12
BTCUSDT,30m,2019-10-01,100,10,train_pf_2x,3.12,107,14214,378,1.507,1.24,10.789,4.11,0.3651,-1,192,2,1,2.0,0,1.0,0,0.0,24,2.0,0.0,0.0,4,10.0,rvol>2.0,3.12
BTCUSDT,30m,2020-01-01,30,1,train_pf_2x,3.668,55,17896,16,2.633,2.277,13.106,0.176,0.5,-1,192,2,1,2.5,1,2.0,0,0.0,0,1.5,0.0,0.0,4,10.0,rvol>1.5,3.668
BTCUSDT,30m,2020-01-01,30,10,train_pf_2x,3.668,55,17896,193,1.731,1.466,8.562,2.121,0.4352,-1,192,2,1,2.5,1,2.0,0,0.0,0,1.5,0.0,0.0,4,10.0,rvol>1.5,3.668
BTCUSDT,30m,2020-01-01,100,1,train_pf_2x,2.322,109,13918,33,1.901,1.603,10.954,0.363,0.6061,-1,192,2,1,2.0,0,1.0,0,0.0,24,2.0,0.0,0.0,4,10.0,rvol>2.0,2.322
BTCUSDT,30m,2020-01-01,100,10,train_pf_2x,2.322,109,13918,613,2.778,2.136,71.702,6.738,0.416,-1,192,2,1,2.0,0,1.0,0,0.0,24,2.0,0.0,0.0,4,10.0,rvol>2.0,2.322
BTCUSDT,30m,2020-04-01,30,1,train_pf_2x,3.596,45,17812,8,2.545,2.209,5.136,0.088,0.625,-1,192,3,1,1.5,0,1.0,0,0.0,24,2.0,0.0,0.0,4,10.0,rvol>2.0,3.596
BTCUSDT,30m,2020-04-01,30,10,train_pf_2x,3.596,45,17812,85,2.762,2.118,9.43,0.934,0.5059,-1,192,3,1,1.5,0,1.0,0,0.0,24,2.0,0.0,0.0,4,10.0,rvol>2.0,3.596
BTCUSDT,30m,2020-04-01,100,1,train_pf_2x,2.895,103,14584,26,1.936,1.633,21.954,0.286,0.2308,-1,192,2,1,2.0,0,0.5,0,0.0,0,2.0,0.0,0.0,4,10.0,rvol>2.0,2.895
BTCUSDT,30m,2020-04-01,100,10,train_pf_2x,2.895,103,14584,257,3.018,2.366,37.472,2.825,0.3735,-1,192,2,1,2.0,0,0.5,0,0.0,0,2.0,0.0,0.0,4,10.0,rvol>2.0,2.895
BTCUSDT,30m,2020-07-01,30,1,train_pf_2x,3.676,30,17722,9,1.124,0.859,0.901,0.098,0.3333,-1,192,3,1,1.5,1,1.0,3,3.0,8,2.5,0.0,0.0,4,10.0,rvol>2.5,3.676
BTCUSDT,30m,2020-07-01,30,10,train_pf_2x,3.676,30,17722,92,2.153,1.681,7.759,1.0,0.3804,-1,192,3,1,1.5,1,1.0,3,3.0,8,2.5,0.0,0.0,4,10.0,rvol>2.5,3.676
BTCUSDT,30m,2020-07-01,100,1,train_pf_2x,2.863,104,14029,18,3.476,2.259,12.625,0.196,0.6667,8,0,3,1,2.5,1,1.0,0,0.0,8,2.0,0.0,0.0,4,10.0,rvol>2.0,2.863
BTCUSDT,30m,2020-07-01,100,10,train_pf_2x,2.863,104,14029,267,1.829,1.23,17.617,2.903,0.3895,8,0,3,1,2.5,1,1.0,0,0.0,8,2.0,0.0,0.0,4,10.0,rvol>2.0,2.863
BTCUSDT,30m,2020-10-01,30,1,train_pf_2x,3.256,65,17741,8,2.582,1.755,11.679,0.087,0.375,8,0,3,1,2.5,0,1.0,0,0.0,0,2.5,0.0,0.0,4,10.0,rvol>2.5,3.256
BTCUSDT,30m,2020-10-01,30,10,train_pf_2x,3.256,65,17741,109,1.621,1.182,5.232,1.185,0.3578,8,0,3,1,2.5,0,1.0,0,0.0,0,2.5,0.0,0.0,4,10.0,rvol>2.5,3.256
BTCUSDT,30m,2020-10-01,100,1,train_pf_2x,3.076,100,13895,15,1.343,0.996,2.921,0.163,0.4667,8,0,3,1,2.5,1,1.0,0,0.0,8,2.0,0.0,0.0,4,10.0,rvol>2.0,3.076
BTCUSDT,30m,2020-10-01,100,10,train_pf_2x,3.076,100,13895,238,1.293,0.932,5.379,2.588,0.3613,8,0,3,1,2.5,1,1.0,0,0.0,8,2.0,0.0,0.0,4,10.0,rvol>2.0,3.076
BTCUSDT,30m,2021-01-01,30,1,train_pf_2x,3.566,50,17783,8,1.39,1.203,2.185,0.089,0.375,13,30,3,1,2.0,0,1.0,0,0.0,0,2.5,0.0,0.0,4,10.0,rvol>2.5,3.566
BTCUSDT,30m,2021-01-01,30,10,train_pf_2x,3.566,50,17783,81,1.661,1.473,3.821,0.9,0.3333,13,30,3,1,2.0,0,1.0,0,0.0,0,2.5,0.0,0.0,4,10.0,rvol>2.5,3.566
BTCUSDT,30m,2021-01-01,100,1,train_pf_2x,2.53,109,14404,14,1.592,1.38,2.226,0.156,0.4286,8,0,3,1,2.0,1,2.0,3,3.0,8,2.0,0.0,0.0,4,10.0,rvol>2.0,2.53
BTCUSDT,30m,2021-01-01,100,10,train_pf_2x,2.53,109,14404,203,4.101,3.585,39.841,2.256,0.3645,8,0,3,1,2.0,1,2.0,3,3.0,8,2.0,0.0,0.0,4,10.0,rvol>2.0,2.53
BTCUSDT,30m,2021-04-01,30,1,train_pf_2x,6.785,34,17672,9,0.372,0.299,-5.942,0.099,0.1111,8,0,3,1,2.5,0,1.0,0,0.0,0,2.5,0.0,0.0,4,10.0,rvol>2.5,6.785
BTCUSDT,30m,2021-04-01,30,10,train_pf_2x,6.785,34,17672,152,2.043,1.671,13.662,1.671,0.2895,8,0,3,1,2.5,0,1.0,0,0.0,0,2.5,0.0,0.0,4,10.0,rvol>2.5,6.785
BTCUSDT,30m,2021-04-01,100,1,train_pf_2x,2.558,102,14161,33,1.981,1.647,28.199,0.363,0.2727,8,0,3,1,2.5,0,1.0,0,0.0,0,1.5,0.0,0.0,4,10.0,rvol>1.5,2.558
BTCUSDT,30m,2021-04-01,100,10,train_pf_2x,2.558,102,14161,524,2.537,2.139,16.36,5.76,0.6393,8,0,3,1,2.5,0,1.0,0,0.0,0,1.5,0.0,0.0,4,10.0,rvol>1.5,2.558
BTCUSDT,30m,2021-07-01,30,1,train_pf_2x,5.347,34,17647,11,4.793,3.4,29.347,0.12,0.5455,8,0,3,1,2.5,0,1.0,0,0.0,0,2.5,0.0,0.0,4,10.0,rvol>2.5,5.347
BTCUSDT,30m,2021-07-01,30,10,train_pf_2x,5.347,34,17647,143,3.566,2.583,28.314,1.555,0.4406,8,0,3,1,2.5,0,1.0,0,0.0,0,2.5,0.0,0.0,4,10.0,rvol>2.5,5.347
BTCUSDT,30m,2021-07-01,100,1,train_pf_2x,2.475,245,14255,58,1.899,1.557,8.052,0.631,0.6724,0,0,0,1,2.0,0,6.0,3,3.0,8,2.5,0.0,0.0,4,10.0,rvol>2.5,2.475
BTCUSDT,30m,2021-07-01,100,10,train_pf_2x,2.475,245,14255,511,1.899,1.479,10.853,5.556,0.591,0,0,0,1,2.0,0,6.0,3,3.0,8,2.5,0.0,0.0,4,10.0,rvol>2.5,2.475
BTCUSDT,30m,2021-10-01,30,1,train_pf_2x,5.409,35,17638,10,1.897,1.5,6.53,0.109,0.4,8,0,3,1,2.5,0,1.0,0,0.0,0,2.5,0.0,0.0,4,10.0,rvol>2.5,5.409
BTCUSDT,30m,2021-10-01,30,10,train_pf_2x,5.409,35,17638,146,1.607,1.199,7.184,1.587,0.3767,8,0,3,1,2.5,0,1.0,0,0.0,0,2.5,0.0,0.0,4,10.0,rvol>2.5,5.409
BTCUSDT,30m,2021-10-01,100,1,train_pf_2x,2.645,108,14222,37,1.006,0.72,0.24,0.402,0.2703,8,0,3,1,2.5,0,1.0,0,0.0,0,1.5,0.0,0.0,4,10.0,rvol>1.5,2.645
BTCUSDT,30m,2021-10-01,100,10,train_pf_2x,2.645,108,14222,473,1.79,1.341,23.555,5.142,0.4101,8,0,3,1,2.5,0,1.0,0,0.0,0,1.5,0.0,0.0,4,10.0,rvol>1.5,2.645
BTCUSDT,30m,2022-01-01,30,1,train_pf_2x,5.513,37,17610,22,1.891,1.384,20.776,0.245,0.2727,8,0,3,1,2.5,0,1.0,0,0.0,0,2.5,0.0,0.0,4,10.0,rvol>2.5,5.513
BTCUSDT,30m,2022-01-01,30,10,train_pf_2x,5.513,37,17610,243,1.579,1.155,12.653,2.701,0.3416,8,0,3,1,2.5,0,1.0,0,0.0,0,2.5,0.0,0.0,4,10.0,rvol>2.5,5.513
BTCUSDT,30m,2022-01-01,100,1,train_pf_2x,2.844,117,14107,41,2.356,1.905,27.277,0.456,0.5366,8,0,2,1,2.0,1,1.0,3,3.0,8,2.5,0.0,0.0,4,10.0,rvol>2.5,2.844
BTCUSDT,30m,2022-01-01,100,10,train_pf_2x,2.844,117,14107,510,2.722,2.038,46.044,5.668,0.5608,8,0,2,1,2.0,1,1.0,3,3.0,8,2.5,0.0,0.0,4,10.0,rvol>2.5,2.844
BTCUSDT,30m,2022-04-01,30,1,train_pf_2x,4.833,35,17644,14,1.998,1.693,5.413,0.154,0.5,13,30,2,1,2.5,1,2.0,3,2.0,24,2.5,0.0,0.0,4,10.0,rvol>2.5,4.833
BTCUSDT,30m,2022-04-01,30,10,train_pf_2x,4.833,35,17644,131,1.918,1.614,4.975,1.44,0.5344,13,30,2,1,2.5,1,2.0,3,2.0,24,2.5,0.0,0.0,4,10.0,rvol>2.5,4.833
BTCUSDT,30m,2022-04-01,100,1,train_pf_2x,3.226,113,13682,39,3.392,2.765,15.341,0.429,0.7692,13,30,2,1,2.0,1,2.0,3,1.0,8,2.5,0.0,0.0,4,10.0,rvol>2.5,3.226
BTCUSDT,30m,2022-04-01,100,10,train_pf_2x,3.226,113,13682,353,3.062,2.489,19.424,3.88,0.6686,13,30,2,1,2.0,1,2.0,3,1.0,8,2.5,0.0,0.0,4,10.0,rvol>2.5,3.226
BTCUSDT,30m,2022-07-01,30,1,train_pf_2x,5.038,37,17790,20,1.641,1.364,4.958,0.217,0.5,13,30,2,1,2.5,1,2.0,3,3.0,8,2.5,0.0,0.0,4,10.0,rvol>2.5,5.038
BTCUSDT,30m,2022-07-01,30,10,train_pf_2x,5.038,37,17790,255,2.144,1.709,9.79,2.772,0.5843,13,30,2,1,2.5,1,2.0,3,3.0,8,2.5,0.0,0.0,4,10.0,rvol>2.5,5.038
BTCUSDT,30m,2022-07-01,100,1,train_pf_2x,4.297,108,13685,35,2.275,1.848,12.753,0.381,0.6,13,30,2,1,2.0,1,2.0,3,3.0,8,2.5,0.0,0.0,4,10.0,rvol>2.5,4.297
BTCUSDT,30m,2022-07-01,100,10,train_pf_2x,4.297,108,13685,392,2.427,1.922,22.07,4.262,0.5587,13,30,2,1,2.0,1,2.0,3,3.0,8,2.5,0.0,0.0,4,10.0,rvol>2.5,4.297
BTCUSDT,30m,2022-10-01,30,1,train_pf_2x,3.753,46,17905,10,1.982,1.59,4.568,0.109,0.6,-1,192,2,1,2.5,0,1.0,3,3.0,24,2.5,0.0,0.0,4,10.0,rvol>2.5,3.753
BTCUSDT,30m,2022-10-01,30,10,train_pf_2x,3.753,46,17905,98,1.129,0.831,0.887,1.065,0.4184,-1,192,2,1,2.5,0,1.0,3,3.0,24,2.5,0.0,0.0,4,10.0,rvol>2.5,3.753
BTCUSDT,30m,2022-10-01,100,1,train_pf_2x,3.315,125,14548,18,0.732,0.555,-2.332,0.196,0.3333,13,30,2,1,2.0,1,2.0,3,3.0,8,2.5,0.0,0.0,4,10.0,rvol>2.5,3.315
BTCUSDT,30m,2022-10-01,100,10,train_pf_2x,3.315,125,14548,174,0.967,0.691,-0.352,1.892,0.3793,13,30,2,1,2.0,1,2.0,3,3.0,8,2.5,0.0,0.0,4,10.0,rvol>2.5,3.315
BTCUSDT,30m,2023-01-01,30,1,train_pf_2x,3.172,77,17618,35,1.428,1.008,14.164,0.389,0.3429,8,0,2,1,2.5,0,1.0,0,0.0,24,2.5,0.0,0.0,4,10.0,rvol>2.5,3.172
BTCUSDT,30m,2023-01-01,30,10,train_pf_2x,3.172,77,17618,196,2.036,1.461,13.662,2.178,0.4541,8,0,2,1,2.5,0,1.0,0,0.0,24,2.5,0.0,0.0,4,10.0,rvol>2.5,3.172
BTCUSDT,30m,2023-01-01,100,1,train_pf_2x,2.453,171,13502,60,0.948,0.671,-3.347,0.667,0.2667,8,0,2,1,2.0,0,1.0,0,0.0,24,2.5,0.0,0.0,4,10.0,rvol>2.5,2.453
BTCUSDT,30m,2023-01-01,100,10,train_pf_2x,2.453,171,13502,452,2.665,1.909,40.346,5.023,0.4934,8,0,2,1,2.0,0,1.0,0,0.0,24,2.5,0.0,0.0,4,10.0,rvol>2.5,2.453
BTCUSDT,30m,2023-04-01,30,1,train_pf_2x,3.903,40,17936,8,3.435,2.942,8.105,0.088,0.625,-1,192,2,1,2.5,1,2.0,0,0.0,24,2.5,0.0,0.0,4,10.0,rvol>2.5,3.903
BTCUSDT,30m,2023-04-01,30,10,train_pf_2x,3.903,40,17936,93,2.391,1.906,6.54,1.022,0.5054,-1,192,2,1,2.5,1,2.0,0,0.0,24,2.5,0.0,0.0,4,10.0,rvol>2.5,3.903
BTCUSDT,30m,2023-04-01,100,1,train_pf_2x,2.656,188,14933,38,2.892,2.028,51.035,0.418,0.4474,13,30,2,1,1.5,0,1.0,0,0.0,24,2.5,0.0,0.0,4,10.0,rvol>2.5,2.656
BTCUSDT,30m,2023-04-01,100,10,train_pf_2x,2.656,188,14933,306,2.097,1.46,21.559,3.363,0.4608,13,30,2,1,1.5,0,1.0,0,0.0,24,2.5,0.0,0.0,4,10.0,rvol>2.5,2.656
BTCUSDT,30m,2023-07-01,30,1,train_pf_2x,4.442,42,17952,14,1.067,0.832,0.607,0.152,0.2857,-1,192,2,1,2.5,1,2.0,0,0.0,24,2.5,0.0,0.0,4,10.0,rvol>2.5,4.442
BTCUSDT,30m,2023-07-01,30,10,train_pf_2x,4.442,42,17952,160,0.977,0.699,-0.3,1.74,0.2938,-1,192,2,1,2.5,1,2.0,0,0.0,24,2.5,0.0,0.0,4,10.0,rvol>2.5,4.442
BTCUSDT,30m,2023-07-01,100,1,train_pf_2x,2.497,168,14786,46,1.349,0.898,13.611,0.5,0.3043,13,30,2,1,1.5,0,1.0,0,0.0,24,2.5,0.0,0.0,4,10.0,rvol>2.5,2.497
BTCUSDT,30m,2023-07-01,100,10,train_pf_2x,2.497,168,14786,461,1.166,0.783,6.733,5.012,0.2993,13,30,2,1,1.5,0,1.0,0,0.0,24,2.5,0.0,0.0,4,10.0,rvol>2.5,2.497
BTCUSDT,30m,2023-10-01,30,1,train_pf_2x,2.873,61,17950,17,0.67,0.407,-7.085,0.185,0.2353,8,0,3,1,2.0,0,0.5,0,0.0,24,2.5,0.0,0.0,4,10.0,rvol>2.5,2.873
BTCUSDT,30m,2023-10-01,30,10,train_pf_2x,2.873,61,17950,128,1.075,0.707,1.038,1.392,0.2734,8,0,3,1,2.0,0,0.5,0,0.0,24,2.5,0.0,0.0,4,10.0,rvol>2.5,2.873
BTCUSDT,30m,2023-10-01,100,1,train_pf_2x,2.035,158,14036,51,5.159,3.737,153.992,0.554,0.451,13,30,2,1,1.5,0,1.0,0,0.0,0,2.5,0.0,0.0,4,10.0,rvol>2.5,2.035
BTCUSDT,30m,2023-10-01,100,10,train_pf_2x,2.035,158,14036,499,2.425,1.623,64.544,5.425,0.3768,13,30,2,1,1.5,0,1.0,0,0.0,0,2.5,0.0,0.0,4,10.0,rvol>2.5,2.035
BTCUSDT,30m,2024-01-01,30,1,train_pf_2x,3.025,35,17871,9,0.705,0.526,-1.772,0.099,0.4444,-1,192,3,1,1.5,0,0.5,0,0.0,8,2.5,0.0,0.0,4,10.0,rvol>2.5,3.025
BTCUSDT,30m,2024-01-01,30,10,train_pf_2x,3.025,35,17871,272,1.942,1.453,20.34,2.99,0.3529,-1,192,3,1,1.5,0,0.5,0,0.0,8,2.5,0.0,0.0,4,10.0,rvol>2.5,3.025
BTCUSDT,30m,2024-01-01,100,1,train_pf_2x,2.538,185,14413,61,2.003,1.529,49.163,0.67,0.3443,13,30,2,1,1.5,0,1.0,0,0.0,0,2.5,0.0,0.0,4,10.0,rvol>2.5,2.538
BTCUSDT,30m,2024-01-01,100,10,train_pf_2x,2.538,185,14413,688,2.001,1.512,50.944,7.562,0.3779,13,30,2,1,1.5,0,1.0,0,0.0,0,2.5,0.0,0.0,4,10.0,rvol>2.5,2.538
BTCUSDT,30m,2024-04-01,30,1,train_pf_2x,3.029,43,17887,4,inf,inf,8.436,0.044,1.0,13,30,2,1,2.5,0,1.0,0,0.0,24,2.5,0.0,0.0,4,10.0,rvol>2.5,3.029
BTCUSDT,30m,2024-04-01,30,10,train_pf_2x,3.029,43,17887,55,4.686,3.122,6.075,0.605,0.7273,13,30,2,1,2.5,0,1.0,0,0.0,24,2.5,0.0,0.0,4,10.0,rvol>2.5,3.029
BTCUSDT,30m,2024-04-01,100,1,train_pf_2x,2.031,196,14033,37,3.529,2.546,48.383,0.407,0.5946,13,30,2,1,1.5,0,1.0,0,0.0,24,2.5,0.0,0.0,4,10.0,rvol>2.5,2.031
BTCUSDT,30m,2024-04-01,100,10,train_pf_2x,2.031,196,14033,515,3.575,2.667,44.21,5.661,0.6117,13,30,2,1,1.5,0,1.0,0,0.0,24,2.5,0.0,0.0,4,10.0,rvol>2.5,2.031
BTCUSDT,30m,2024-07-01,30,1,train_pf_2x,4.471,37,17815,8,1.904,1.222,4.131,0.087,0.625,13,30,2,1,2.5,0,1.0,0,0.0,24,2.5,0.0,0.0,4,10.0,rvol>2.5,4.471
BTCUSDT,30m,2024-07-01,30,10,train_pf_2x,4.471,37,17815,92,2.158,1.435,5.243,1.0,0.6304,13,30,2,1,2.5,0,1.0,0,0.0,24,2.5,0.0,0.0,4,10.0,rvol>2.5,4.471
BTCUSDT,30m,2024-07-01,100,1,train_pf_2x,2.158,233,13924,63,1.743,1.299,33.862,0.685,0.4127,0,0,2,1,1.5,0,1.0,0,0.0,0,2.5,0.0,0.0,4,10.0,rvol>2.5,2.158
BTCUSDT,30m,2024-07-01,100,10,train_pf_2x,2.158,233,13924,608,1.576,1.194,18.497,6.61,0.4638,0,0,2,1,1.5,0,1.0,0,0.0,0,2.5,0.0,0.0,4,10.0,rvol>2.5,2.158
BTCUSDT,30m,2024-10-01,30,1,train_pf_2x,4.913,38,17734,10,2.939,1.941,11.475,0.109,0.6,13,30,2,1,2.5,0,1.0,0,0.0,24,2.5,0.0,0.0,4,10.0,rvol>2.5,4.913
BTCUSDT,30m,2024-10-01,30,10,train_pf_2x,4.913,38,17734,108,2.404,1.75,7.454,1.174,0.5833,13,30,2,1,2.5,0,1.0,0,0.0,24,2.5,0.0,0.0,4,10.0,rvol>2.5,4.913
BTCUSDT,30m,2024-10-01,100,1,train_pf_2x,2.433,239,14250,75,1.727,1.286,44.457,0.815,0.36,0,0,2,1,1.5,0,1.0,0,0.0,0,2.5,0.0,0.0,4,10.0,rvol>2.5,2.433
BTCUSDT,30m,2024-10-01,100,10,train_pf_2x,2.433,239,14250,621,1.416,1.059,19.531,6.752,0.3543,0,0,2,1,1.5,0,1.0,0,0.0,0,2.5,0.0,0.0,4,10.0,rvol>2.5,2.433
BTCUSDT,30m,2025-01-01,30,1,train_pf_2x,4.535,36,17737,9,0.724,0.569,-1.706,0.1,0.2222,13,30,2,1,2.5,1,1.0,0,0.0,8,2.5,0.0,0.0,4,10.0,rvol>2.5,4.535
BTCUSDT,30m,2025-01-01,30,10,train_pf_2x,4.535,36,17737,90,1.079,0.861,0.501,1.0,0.2778,13,30,2,1,2.5,1,1.0,0,0.0,8,2.5,0.0,0.0,4,10.0,rvol>2.5,4.535
BTCUSDT,30m,2025-01-01,100,1,train_pf_2x,1.987,252,14467,62,1.066,0.808,3.445,0.689,0.2903,0,0,2,1,1.5,0,1.0,0,0.0,0,2.5,0.0,0.0,4,10.0,rvol>2.5,1.987
BTCUSDT,30m,2025-01-01,100,10,train_pf_2x,1.987,252,14467,469,1.277,0.976,9.225,5.212,0.3667,0,0,2,1,1.5,0,1.0,0,0.0,0,2.5,0.0,0.0,4,10.0,rvol>2.5,1.987
BTCUSDT,30m,2025-04-01,30,1,train_pf_2x,2.736,33,17740,7,1.41,1.07,2.038,0.077,0.4286,13,30,2,1,2.5,1,1.0,3,3.0,24,2.5,0.0,0.0,4,10.0,rvol>2.5,2.736
BTCUSDT,30m,2025-04-01,30,10,train_pf_2x,2.736,33,17740,70,1.135,0.842,0.575,0.769,0.4714,13,30,2,1,2.5,1,1.0,3,3.0,24,2.5,0.0,0.0,4,10.0,rvol>2.5,2.736
BTCUSDT,30m,2025-04-01,100,1,train_pf_2x,1.799,247,14308,61,1.225,0.912,2.361,0.67,0.4426,13,30,0,1,2.0,0,6.0,3,2.0,8,2.5,0.0,0.0,4,10.0,rvol>2.5,1.799
BTCUSDT,30m,2025-04-01,100,10,train_pf_2x,1.799,247,14308,525,1.179,0.851,3.613,5.771,0.4038,13,30,0,1,2.0,0,6.0,3,2.0,8,2.5,0.0,0.0,4,10.0,rvol>2.5,1.799
BTCUSDT,30m,2025-07-01,30,1,train_pf_2x,2.001,36,17875,6,2.976,1.859,5.624,0.065,0.6667,13,30,2,1,2.5,1,1.0,3,3.0,24,2.5,0.0,0.0,4,10.0,rvol>2.5,2.001
BTCUSDT,30m,2025-07-01,30,10,train_pf_2x,2.001,36,17875,77,2.087,1.314,4.851,0.837,0.5065,13,30,2,1,2.5,1,1.0,3,3.0,24,2.5,0.0,0.0,4,10.0,rvol>2.5,2.001
BTCUSDT,30m,2025-07-01,100,1,train_pf_2x,1.642,248,14414,59,3.239,2.01,12.993,0.641,0.6102,13,30,0,1,2.0,0,6.0,3,2.0,8,2.5,0.0,0.0,4,10.0,rvol>2.5,1.642
BTCUSDT,30m,2025-07-01,100,10,train_pf_2x,1.642,248,14414,603,2.469,1.55,10.99,6.556,0.5705,13,30,0,1,2.0,0,6.0,3,2.0,8,2.5,0.0,0.0,4,10.0,rvol>2.5,1.642
BTCUSDT,30m,2025-10-01,30,1,train_pf_2x,2.141,37,17853,9,0.576,0.447,-3.544,0.098,0.2222,-1,192,2,1,2.5,0,0.5,0,0.0,0,2.5,0.0,0.0,4,10.0,rvol>2.5,2.141
BTCUSDT,30m,2025-10-01,30,10,train_pf_2x,2.141,37,17853,126,1.997,1.429,4.99,1.37,0.5873,-1,192,2,1,2.5,0,0.5,0,0.0,0,2.5,0.0,0.0,4,10.0,rvol>2.5,2.141
BTCUSDT,30m,2025-10-01,100,1,train_pf_2x,1.588,243,14166,65,1.407,1.013,4.265,0.707,0.4769,13,30,0,1,2.0,0,6.0,3,2.0,8,2.5,0.0,0.0,4,10.0,rvol>2.5,1.588
BTCUSDT,30m,2025-10-01,100,10,train_pf_2x,1.588,243,14166,650,1.31,0.951,3.424,7.067,0.4092,13,30,0,1,2.0,0,6.0,3,2.0,8,2.5,0.0,0.0,4,10.0,rvol>2.5,1.588
BTCUSDT,30m,2026-01-01,30,1,train_pf_2x,2.353,36,17838,12,1.389,1.134,4.734,0.133,0.1667,-1,192,2,1,2.5,0,0.5,0,0.0,0,2.5,0.0,0.0,4,10.0,rvol>2.5,2.353
BTCUSDT,30m,2026-01-01,30,10,train_pf_2x,2.353,36,17838,152,1.879,1.456,7.975,1.689,0.3947,-1,192,2,1,2.5,0,0.5,0,0.0,0,2.5,0.0,0.0,4,10.0,rvol>2.5,2.353
BTCUSDT,30m,2026-01-01,100,1,train_pf_2x,1.509,160,13821,51,2.464,1.795,59.385,0.567,0.3333,0,0,2,1,2.0,0,1.0,0,0.0,24,2.5,0.0,0.0,4,10.0,rvol>2.5,1.509
BTCUSDT,30m,2026-01-01,100,10,train_pf_2x,1.509,160,13821,576,2.323,1.669,24.624,6.401,0.4878,0,0,2,1,2.0,0,1.0,0,0.0,24,2.5,0.0,0.0,4,10.0,rvol>2.5,1.509
BTCUSDT,30m,2026-04-01,30,1,train_pf_2x,2.629,67,17726,9,1.084,0.677,0.238,0.099,0.5556,8,0,2,1,2.5,1,2.0,0,0.0,8,2.5,0.0,0.0,4,10.0,rvol>2.5,2.629
BTCUSDT,30m,2026-04-01,30,10,train_pf_2x,2.629,67,17726,120,0.494,0.325,-4.682,1.319,0.3667,8,0,2,1,2.5,1,2.0,0,0.0,8,2.5,0.0,0.0,4,10.0,rvol>2.5,2.629
BTCUSDT,30m,2026-04-01,100,1,train_pf_2x,1.77,173,13782,32,1.231,0.852,5.604,0.352,0.375,0,0,2,1,2.0,0,1.0,0,0.0,0,2.5,0.0,0.0,4,10.0,rvol>2.5,1.77
BTCUSDT,30m,2026-04-01,100,10,train_pf_2x,1.77,173,13782,332,1.268,0.886,4.779,3.649,0.4608,0,0,2,1,2.0,0,1.0,0,0.0,0,2.5,0.0,0.0,4,10.0,rvol>2.5,1.77
XAUUSD,5m,2024-09-01,30,1,train_pf_2x,1.654,62,18143,21,1.56,1.407,6.646,0.233,0.4286,-1,1152,2,1,2.0,0,1.0,0,0.0,0,0.0,0.0,0.5,24,3.0,ATRrank<0.5,1.654
XAUUSD,5m,2024-09-01,30,10,train_pf_2x,1.654,62,18143,245,1.314,1.162,4.811,2.722,0.4,-1,1152,2,1,2.0,0,1.0,0,0.0,0,0.0,0.0,0.5,24,3.0,ATRrank<0.5,1.654
XAUUSD,5m,2024-09-01,100,1,train_pf_2x,1.591,109,17346,29,1.571,1.41,11.203,0.322,0.3793,-1,1152,2,1,2.0,0,1.0,0,0.0,0,2.5,0.0,0.0,24,3.0,rvol>2.5,1.591
XAUUSD,5m,2024-09-01,100,10,train_pf_2x,1.591,109,17346,350,1.388,1.221,9.657,3.889,0.3514,-1,1152,2,1,2.0,0,1.0,0,0.0,0,2.5,0.0,0.0,24,3.0,rvol>2.5,1.591
XAUUSD,5m,2024-12-01,30,1,train_pf_2x,3.048,37,18124,16,0.387,0.313,-6.031,0.178,0.3125,-1,1152,3,1,2.5,0,1.0,0,0.0,144,2.5,0.0,0.0,24,3.0,rvol>2.5,3.048
XAUUSD,5m,2024-12-01,30,10,train_pf_2x,3.048,37,18124,143,0.539,0.425,-3.683,1.589,0.3776,-1,1152,3,1,2.5,0,1.0,0,0.0,144,2.5,0.0,0.0,24,3.0,rvol>2.5,3.048
XAUUSD,5m,2024-12-01,100,1,train_pf_2x,1.454,148,17318,34,1.095,0.947,1.645,0.378,0.4118,-1,1152,2,1,2.0,0,1.0,0,0.0,144,2.5,0.0,0.0,24,3.0,rvol>2.5,1.454
XAUUSD,5m,2024-12-01,100,10,train_pf_2x,1.454,148,17318,293,1.061,0.918,0.986,3.256,0.4164,-1,1152,2,1,2.0,0,1.0,0,0.0,144,2.5,0.0,0.0,24,3.0,rvol>2.5,1.454
XAUUSD,5m,2025-03-01,30,1,train_pf_2x,1.523,47,18140,24,1.964,1.477,6.559,0.267,0.625,-1,1152,2,1,2.5,0,0.5,3,1.0,144,0.0,0.0,0.5,24,3.0,ATRrank<0.5,1.523
XAUUSD,5m,2025-03-01,30,10,train_pf_2x,1.523,47,18140,284,2.78,2.458,15.422,3.156,0.6092,-1,1152,2,1,2.5,0,0.5,3,1.0,144,0.0,0.0,0.5,24,3.0,ATRrank<0.5,1.523
XAUUSD,5m,2025-03-01,100,1,train_pf_2x,1.358,113,17437,28,3.13,2.919,26.689,0.311,0.5357,-1,1152,2,1,1.5,0,1.0,0,0.0,0,0.0,0.0,0.5,24,3.0,ATRrank<0.5,1.358
XAUUSD,5m,2025-03-01,100,10,train_pf_2x,1.358,113,17437,360,2.343,2.079,18.471,4.0,0.55,-1,1152,2,1,1.5,0,1.0,0,0.0,0,0.0,0.0,0.5,24,3.0,ATRrank<0.5,1.358
XAUUSD,5m,2025-06-01,30,1,train_pf_2x,1.461,112,18111,29,1.464,1.273,6.518,0.315,0.4483,-1,1152,2,1,2.5,0,1.0,3,2.0,0,2.5,0.0,0.0,24,3.0,rvol>2.5,1.461
XAUUSD,5m,2025-06-01,30,10,train_pf_2x,1.461,112,18111,305,1.165,0.973,2.566,3.315,0.4131,-1,1152,2,1,2.5,0,1.0,3,2.0,0,2.5,0.0,0.0,24,3.0,rvol>2.5,1.461
XAUUSD,5m,2025-06-01,100,1,train_pf_2x,1.461,112,17335,29,1.464,1.273,6.518,0.315,0.4483,-1,1152,2,1,2.5,0,1.0,3,2.0,0,2.5,0.0,0.0,24,3.0,rvol>2.5,1.461
XAUUSD,5m,2025-06-01,100,10,train_pf_2x,1.461,112,17335,321,1.087,0.906,1.558,3.489,0.3925,-1,1152,2,1,2.5,0,1.0,3,2.0,0,2.5,0.0,0.0,24,3.0,rvol>2.5,1.461
XAUUSD,5m,2025-09-01,30,1,train_pf_2x,2.509,43,18117,11,1.759,1.455,8.468,0.121,0.1818,-1,1152,2,1,2.5,1,2.0,0,0.0,0,0.0,0.0,0.5,24,3.0,ATRrank<0.5,2.509
XAUUSD,5m,2025-09-01,30,10,train_pf_2x,2.509,43,18117,192,2.829,2.536,22.822,2.11,0.3646,-1,1152,2,1,2.5,1,2.0,0,0.0,0,0.0,0.0,0.5,24,3.0,ATRrank<0.5,2.509
XAUUSD,5m,2025-09-01,100,1,train_pf_2x,1.833,138,17211,32,2.857,2.51,46.84,0.352,0.2812,-1,1152,2,1,2.0,1,2.0,0,0.0,0,2.5,0.0,0.0,24,3.0,rvol>2.5,1.833
XAUUSD,5m,2025-09-01,100,10,train_pf_2x,1.833,138,17211,274,3.424,3.038,45.144,3.011,0.354,-1,1152,2,1,2.0,1,2.0,0,0.0,0,2.5,0.0,0.0,24,3.0,rvol>2.5,1.833
XAUUSD,5m,2025-12-01,30,1,train_pf_2x,2.21,72,18137,17,3.468,3.23,20.91,0.191,0.5294,-1,1152,2,1,2.0,0,1.0,0,0.0,0,0.0,0.0,0.5,24,3.0,ATRrank<0.5,2.21
XAUUSD,5m,2025-12-01,30,10,train_pf_2x,2.21,72,18137,184,3.204,2.789,13.5,2.067,0.6196,-1,1152,2,1,2.0,0,1.0,0,0.0,0,0.0,0.0,0.5,24,3.0,ATRrank<0.5,2.21
XAUUSD,5m,2025-12-01,100,1,train_pf_2x,1.567,100,17265,26,1.765,1.546,5.964,0.292,0.5385,-1,1152,2,1,2.0,0,1.0,3,2.0,144,0.0,0.0,0.5,24,3.0,ATRrank<0.5,1.567
XAUUSD,5m,2025-12-01,100,10,train_pf_2x,1.567,100,17265,331,2.044,1.864,18.894,3.719,0.4441,-1,1152,2,1,2.0,0,1.0,3,2.0,144,0.0,0.0,0.5,24,3.0,ATRrank<0.5,1.567
XAUUSD,5m,2026-03-01,30,1,train_pf_2x,3.359,39,18133,10,1.175,1.092,1.185,0.109,0.2,-1,1152,2,1,2.5,0,1.0,0,0.0,0,0.0,0.0,0.5,24,3.0,ATRrank<0.5,3.359
XAUUSD,5m,2026-03-01,30,10,train_pf_2x,3.359,39,18133,128,0.891,0.804,-1.004,1.391,0.2031,-1,1152,2,1,2.5,0,1.0,0,0.0,0,0.0,0.0,0.5,24,3.0,ATRrank<0.5,3.359
XAUUSD,5m,2026-03-01,100,1,train_pf_2x,2.34,108,17250,45,0.932,0.837,-2.95,0.489,0.1333,-1,1152,2,1,2.5,0,0.5,0,0.0,0,1.5,0.0,0.0,24,3.0,rvol>1.5,2.34
XAUUSD,5m,2026-03-01,100,10,train_pf_2x,2.34,108,17250,391,1.286,1.164,9.703,4.25,0.1944,-1,1152,2,1,2.5,0,0.5,0,0.0,0,1.5,0.0,0.0,24,3.0,rvol>1.5,2.34
BTCUSDT,15m,2019-01-01,30,1,train_pf_2x,4.071,89,17737,17,1.334,0.834,6.5,0.189,0.2941,8,0,3,1,1.5,0,1.0,0,0.0,0,2.5,0.0,0.0,8,10.0,rvol>2.5,4.071
BTCUSDT,15m,2019-01-01,30,10,train_pf_2x,4.071,89,17737,158,1.301,0.827,4.55,1.756,0.3418,8,0,3,1,1.5,0,1.0,0,0.0,0,2.5,0.0,0.0,8,10.0,rvol>2.5,4.071
BTCUSDT,15m,2019-01-01,100,1,train_pf_2x,2.907,100,15810,25,1.213,0.864,6.383,0.278,0.2,-1,384,2,1,2.0,0,0.5,0,0.0,0,2.5,0.0,0.0,8,10.0,rvol>2.5,2.907
BTCUSDT,15m,2019-01-01,100,10,train_pf_2x,2.907,100,15810,357,1.068,0.697,2.603,3.967,0.2857,-1,384,2,1,2.0,0,0.5,0,0.0,0,2.5,0.0,0.0,8,10.0,rvol>2.5,2.907
BTCUSDT,15m,2019-04-01,30,1,train_pf_2x,3.636,64,17886,19,6.385,5.312,72.825,0.209,0.3684,-1,384,2,1,2.5,0,0.5,0,0.0,0,2.5,0.0,0.0,8,10.0,rvol>2.5,3.636
BTCUSDT,15m,2019-04-01,30,10,train_pf_2x,3.636,64,17886,176,2.617,2.168,18.727,1.934,0.3807,-1,384,2,1,2.5,0,0.5,0,0.0,0,2.5,0.0,0.0,8,10.0,rvol>2.5,3.636
BTCUSDT,15m,2019-04-01,100,1,train_pf_2x,2.554,113,15954,31,0.914,0.724,-2.03,0.341,0.2903,0,0,3,1,2.5,0,1.0,0,0.0,48,2.0,0.0,0.0,8,10.0,rvol>2.0,2.554
BTCUSDT,15m,2019-04-01,100,10,train_pf_2x,2.554,113,15954,482,1.67,1.335,26.362,5.297,0.2925,0,0,3,1,2.5,0,1.0,0,0.0,48,2.0,0.0,0.0,8,10.0,rvol>2.0,2.554
BTCUSDT,15m,2019-07-01,30,1,train_pf_2x,4.026,67,17964,16,1.839,1.542,5.837,0.174,0.5,-1,384,2,1,2.5,0,1.0,0,0.0,48,2.5,0.0,0.0,8,10.0,rvol>2.5,4.026
BTCUSDT,15m,2019-07-01,30,10,train_pf_2x,4.026,67,17964,146,1.51,1.295,5.342,1.587,0.3288,-1,384,2,1,2.5,0,1.0,0,0.0,48,2.5,0.0,0.0,8,10.0,rvol>2.5,4.026
BTCUSDT,15m,2019-07-01,100,1,train_pf_2x,3.103,102,16441,34,2.523,2.143,42.218,0.37,0.2941,-1,384,2,1,2.0,0,0.5,0,0.0,0,2.5,0.0,0.0,8,10.0,rvol>2.5,3.103
BTCUSDT,15m,2019-07-01,100,10,train_pf_2x,3.103,102,16441,404,2.221,1.892,39.45,4.392,0.2797,-1,384,2,1,2.0,0,0.5,0,0.0,0,2.5,0.0,0.0,8,10.0,rvol>2.5,3.103
BTCUSDT,15m,2019-10-01,30,1,train_pf_2x,3.926,59,17960,15,1.515,1.291,5.403,0.163,0.2667,-1,384,2,1,2.5,0,1.0,0,0.0,0,2.5,0.0,0.0,8,10.0,rvol>2.5,3.926
BTCUSDT,15m,2019-10-01,30,10,train_pf_2x,3.926,59,17960,164,1.416,1.145,4.415,1.783,0.3659,-1,384,2,1,2.5,0,1.0,0,0.0,0,2.5,0.0,0.0,8,10.0,rvol>2.5,3.926
BTCUSDT,15m,2019-10-01,100,1,train_pf_2x,3.203,112,16542,26,1.191,0.964,4.766,0.283,0.1923,-1,384,2,1,2.0,0,0.5,0,0.0,0,2.5,0.0,0.0,8,10.0,rvol>2.5,3.203
BTCUSDT,15m,2019-10-01,100,10,train_pf_2x,3.203,112,16542,287,1.195,0.981,4.787,3.12,0.2578,-1,384,2,1,2.0,0,0.5,0,0.0,0,2.5,0.0,0.0,8,10.0,rvol>2.5,3.203
BTCUSDT,15m,2020-01-01,30,1,train_pf_2x,2.998,70,18049,17,3.009,2.561,19.543,0.187,0.4706,-1,384,2,1,2.5,1,2.0,0,0.0,0,1.5,0.0,0.0,8,10.0,rvol>1.5,2.998
BTCUSDT,15m,2020-01-01,30,10,train_pf_2x,2.998,70,18049,187,1.997,1.619,13.037,2.055,0.385,-1,384,2,1,2.5,1,2.0,0,0.0,0,1.5,0.0,0.0,8,10.0,rvol>1.5,2.998
BTCUSDT,15m,2020-01-01,100,1,train_pf_2x,2.761,127,16633,45,1.277,0.968,15.134,0.495,0.1111,8,0,4,1,2.0,0,0.5,0,0.0,0,2.5,0.0,0.0,8,10.0,rvol>2.5,2.761
BTCUSDT,15m,2020-01-01,100,10,train_pf_2x,2.761,127,16633,420,3.056,2.332,86.451,4.616,0.2643,8,0,4,1,2.0,0,0.5,0,0.0,0,2.5,0.0,0.0,8,10.0,rvol>2.5,2.761
BTCUSDT,15m,2020-04-01,30,1,train_pf_2x,3.662,64,17942,18,1.742,1.542,8.923,0.198,0.3889,-1,384,2,1,2.5,0,1.0,0,0.0,0,2.0,0.0,0.0,8,10.0,rvol>2.0,3.662
BTCUSDT,15m,2020-04-01,30,10,train_pf_2x,3.662,64,17942,213,2.783,2.328,25.8,2.341,0.3897,-1,384,2,1,2.5,0,1.0,0,0.0,0,2.0,0.0,0.0,8,10.0,rvol>2.0,3.662
BTCUSDT,15m,2020-04-01,100,1,train_pf_2x,3.405,139,16707,22,4.324,2.976,82.132,0.242,0.2727,8,0,2,1,2.5,0,0.5,0,0.0,0,2.5,0.0,0.0,8,10.0,rvol>2.5,3.405
BTCUSDT,15m,2020-04-01,100,10,train_pf_2x,3.405,139,16707,272,2.86,2.299,42.069,2.989,0.3051,8,0,2,1,2.5,0,0.5,0,0.0,0,2.5,0.0,0.0,8,10.0,rvol>2.5,3.405
BTCUSDT,15m,2020-07-01,30,1,train_pf_2x,3.786,108,17953,32,0.514,0.277,-20.027,0.348,0.25,8,0,2,1,2.5,0,0.5,0,0.0,0,2.5,0.0,0.0,8,10.0,rvol>2.5,3.786
BTCUSDT,15m,2020-07-01,30,10,train_pf_2x,3.786,108,17953,223,0.891,0.584,-2.692,2.424,0.2601,8,0,2,1,2.5,0,0.5,0,0.0,0,2.5,0.0,0.0,8,10.0,rvol>2.5,3.786
BTCUSDT,15m,2020-07-01,100,1,train_pf_2x,3.786,108,16203,32,0.514,0.277,-20.027,0.348,0.25,8,0,2,1,2.5,0,0.5,0,0.0,0,2.5,0.0,0.0,8,10.0,rvol>2.5,3.786
BTCUSDT,15m,2020-07-01,100,10,train_pf_2x,3.786,108,16203,315,0.916,0.585,-2.699,3.424,0.3111,8,0,2,1,2.5,0,0.5,0,0.0,0,2.5,0.0,0.0,8,10.0,rvol>2.5,3.786
BTCUSDT,15m,2020-10-01,30,1,train_pf_2x,3.022,108,18074,27,1.48,1.034,16.327,0.294,0.1852,8,0,2,1,2.5,0,0.5,0,0.0,0,2.5,0.0,0.0,8,10.0,rvol>2.5,3.022
BTCUSDT,15m,2020-10-01,30,10,train_pf_2x,3.022,108,18074,237,1.498,1.12,12.457,2.576,0.1983,8,0,2,1,2.5,0,0.5,0,0.0,0,2.5,0.0,0.0,8,10.0,rvol>2.5,3.022
BTCUSDT,15m,2020-10-01,100,1,train_pf_2x,3.022,108,16199,27,1.48,1.034,16.327,0.294,0.1852,8,0,2,1,2.5,0,0.5,0,0.0,0,2.5,0.0,0.0,8,10.0,rvol>2.5,3.022
BTCUSDT,15m,2020-10-01,100,10,train_pf_2x,3.022,108,16199,278,1.602,1.187,17.417,3.022,0.2338,8,0,2,1,2.5,0,0.5,0,0.0,0,2.5,0.0,0.0,8,10.0,rvol>2.5,3.022
BTCUSDT,15m,2021-01-01,30,1,train_pf_2x,2.283,102,18034,30,0.619,0.556,-8.733,0.333,0.2667,-1,384,2,1,2.0,1,2.0,0,0.0,0,2.5,0.0,0.0,8,10.0,rvol>2.5,2.283
BTCUSDT,15m,2021-01-01,30,10,train_pf_2x,2.283,102,18034,357,1.505,1.314,8.77,3.967,0.3725,-1,384,2,1,2.0,1,2.0,0,0.0,0,2.5,0.0,0.0,8,10.0,rvol>2.5,2.283
BTCUSDT,15m,2021-01-01,100,1,train_pf_2x,2.283,102,16378,30,0.619,0.556,-8.733,0.333,0.2667,-1,384,2,1,2.0,1,2.0,0,0.0,0,2.5,0.0,0.0,8,10.0,rvol>2.5,2.283
BTCUSDT,15m,2021-01-01,100,10,train_pf_2x,2.283,102,16378,474,1.316,1.142,5.301,5.267,0.4198,-1,384,2,1,2.0,1,2.0,0,0.0,0,2.5,0.0,0.0,8,10.0,rvol>2.5,2.283
BTCUSDT,15m,2021-04-01,30,1,train_pf_2x,3.424,40,17902,6,0.773,0.552,-0.876,0.066,0.3333,-1,384,3,1,2.5,1,1.0,0,0.0,16,1.5,0.0,0.0,8,10.0,rvol>1.5,3.424
BTCUSDT,15m,2021-04-01,30,10,train_pf_2x,3.424,40,17902,83,0.83,0.686,-0.977,0.912,0.3373,-1,384,3,1,2.5,1,1.0,0,0.0,16,1.5,0.0,0.0,8,10.0,rvol>1.5,3.424
BTCUSDT,15m,2021-04-01,100,1,train_pf_2x,2.124,378,15932,91,2.705,2.219,14.788,1.0,0.5714,0,0,0,1,2.0,0,6.0,3,1.0,16,2.5,0.0,0.0,8,10.0,rvol>2.5,2.124
BTCUSDT,15m,2021-04-01,100,10,train_pf_2x,2.124,378,15932,842,2.182,1.819,13.817,9.254,0.5238,0,0,0,1,2.0,0,6.0,3,1.0,16,2.5,0.0,0.0,8,10.0,rvol>2.5,2.124
BTCUSDT,15m,2021-07-01,30,1,train_pf_2x,2.366,47,17940,21,1.634,1.435,7.091,0.228,0.3333,-1,384,2,1,2.0,0,1.0,0,0.0,0,0.0,0.0,0.5,8,10.0,ATRrank<0.5,2.366
BTCUSDT,15m,2021-07-01,30,10,train_pf_2x,2.366,47,17940,298,1.054,0.8,0.979,3.239,0.3758,-1,384,2,1,2.0,0,1.0,0,0.0,0,0.0,0.0,0.5,8,10.0,ATRrank<0.5,2.366
BTCUSDT,15m,2021-07-01,100,1,train_pf_2x,2.046,367,15999,99,1.6,1.257,8.674,1.076,0.5455,0,0,0,1,2.0,0,6.0,3,3.0,16,2.5,0.0,0.0,8,10.0,rvol>2.5,2.046
BTCUSDT,15m,2021-07-01,100,10,train_pf_2x,2.046,367,15999,912,1.736,1.403,13.951,9.914,0.5011,0,0,0,1,2.0,0,6.0,3,3.0,16,2.5,0.0,0.0,8,10.0,rvol>2.5,2.046
BTCUSDT,15m,2021-10-01,30,1,train_pf_2x,2.919,66,17792,24,1.836,1.206,17.93,0.261,0.4167,0,0,3,1,1.5,0,0.5,0,0.0,16,2.5,0.0,0.0,8,10.0,rvol>2.5,2.919
BTCUSDT,15m,2021-10-01,30,10,train_pf_2x,2.919,66,17792,276,1.901,1.387,18.183,3.0,0.4167,0,0,3,1,1.5,0,0.5,0,0.0,16,2.5,0.0,0.0,8,10.0,rvol>2.5,2.919
BTCUSDT,15m,2021-10-01,100,1,train_pf_2x,2.059,325,15940,98,2.33,1.823,96.444,1.065,0.3776,8,0,2,1,1.5,1,1.0,0,0.0,0,2.5,0.0,0.0,8,10.0,rvol>2.5,2.059
BTCUSDT,15m,2021-10-01,100,10,train_pf_2x,2.059,325,15940,843,2.324,1.758,56.925,9.164,0.4187,8,0,2,1,1.5,1,1.0,0,0.0,0,2.5,0.0,0.0,8,10.0,rvol>2.5,2.059
BTCUSDT,15m,2022-01-01,30,1,train_pf_2x,2.75,68,17785,36,3.444,2.488,61.67,0.4,0.4722,0,0,3,1,1.5,0,0.5,0,0.0,16,2.5,0.0,0.0,8,10.0,rvol>2.5,2.75
BTCUSDT,15m,2022-01-01,30,10,train_pf_2x,2.75,68,17785,318,2.559,1.891,42.053,3.534,0.3774,0,0,3,1,1.5,0,0.5,0,0.0,16,2.5,0.0,0.0,8,10.0,rvol>2.5,2.75
BTCUSDT,15m,2022-01-01,100,1,train_pf_2x,2.324,327,15847,95,2.635,1.863,152.616,1.056,0.3368,13,30,2,1,1.5,0,0.5,0,0.0,0,2.5,0.0,0.0,8,10.0,rvol>2.5,2.324
BTCUSDT,15m,2022-01-01,100,10,train_pf_2x,2.324,327,15847,665,2.409,1.813,71.481,7.39,0.4045,13,30,2,1,1.5,0,0.5,0,0.0,0,2.5,0.0,0.0,8,10.0,rvol>2.5,2.324
BTCUSDT,15m,2022-04-01,30,1,train_pf_2x,2.906,88,17799,36,1.331,0.97,13.857,0.396,0.1944,0,0,3,1,1.5,0,0.5,0,0.0,0,2.5,0.0,0.0,8,10.0,rvol>2.5,2.906
BTCUSDT,15m,2022-04-01,30,10,train_pf_2x,2.906,88,17799,202,1.416,1.061,7.491,2.22,0.2822,0,0,3,1,1.5,0,0.5,0,0.0,0,2.5,0.0,0.0,8,10.0,rvol>2.5,2.906
BTCUSDT,15m,2022-04-01,100,1,train_pf_2x,2.276,217,15906,64,2.028,1.508,33.4,0.703,0.5312,13,30,2,1,2.0,0,1.0,0,0.0,16,2.5,0.0,0.0,8,10.0,rvol>2.5,2.276
BTCUSDT,15m,2022-04-01,100,10,train_pf_2x,2.276,217,15906,640,1.78,1.363,33.362,7.034,0.4062,13,30,2,1,2.0,0,1.0,0,0.0,16,2.5,0.0,0.0,8,10.0,rvol>2.5,2.276
BTCUSDT,15m,2022-07-01,30,1,train_pf_2x,2.691,39,17907,10,5.199,4.67,18.307,0.109,0.6,-1,384,3,1,1.5,0,1.0,0,0.0,0,2.5,0.0,0.0,8,10.0,rvol>2.5,2.691
BTCUSDT,15m,2022-07-01,30,10,train_pf_2x,2.691,39,17907,219,2.325,1.859,18.042,2.381,0.4475,-1,384,3,1,1.5,0,1.0,0,0.0,0,2.5,0.0,0.0,8,10.0,rvol>2.5,2.691
BTCUSDT,15m,2022-07-01,100,1,train_pf_2x,2.378,120,16058,42,2.178,1.688,43.224,0.457,0.3333,8,0,2,1,2.5,0,1.0,0,0.0,0,2.5,0.0,0.0,8,10.0,rvol>2.5,2.378
BTCUSDT,15m,2022-07-01,100,10,train_pf_2x,2.378,120,16058,422,1.956,1.475,35.343,4.587,0.3294,8,0,2,1,2.5,0,1.0,0,0.0,0,2.5,0.0,0.0,8,10.0,rvol>2.5,2.378
BTCUSDT,15m,2022-10-01,30,1,train_pf_2x,3.664,31,17968,4,0.0,0.0,-5.257,0.043,0.0,-1,384,3,1,2.0,0,0.5,0,0.0,0,2.5,0.0,0.0,8,10.0,rvol>2.5,3.664
BTCUSDT,15m,2022-10-01,30,10,train_pf_2x,3.664,31,17968,82,0.561,0.388,-2.975,0.891,0.3049,-1,384,3,1,2.0,0,0.5,0,0.0,0,2.5,0.0,0.0,8,10.0,rvol>2.5,3.664
BTCUSDT,15m,2022-10-01,100,1,train_pf_2x,2.31,129,16436,33,0.668,0.441,-11.039,0.359,0.2727,8,0,2,1,2.5,0,1.0,0,0.0,0,2.5,0.0,0.0,8,10.0,rvol>2.5,2.31
BTCUSDT,15m,2022-10-01,100,10,train_pf_2x,2.31,129,16436,347,0.928,0.636,-2.597,3.772,0.2478,8,0,2,1,2.5,0,1.0,0,0.0,0,2.5,0.0,0.0,8,10.0,rvol>2.5,2.31
BTCUSDT,15m,2023-01-01,30,1,train_pf_2x,3.661,31,17999,5,3.533,2.834,9.702,0.056,0.4,-1,384,3,1,2.0,0,0.5,0,0.0,0,2.5,0.0,0.0,8,10.0,rvol>2.5,3.661
BTCUSDT,15m,2023-01-01,30,10,train_pf_2x,3.661,31,17999,62,3.376,2.735,9.615,0.689,0.4355,-1,384,3,1,2.0,0,0.5,0,0.0,0,2.5,0.0,0.0,8,10.0,rvol>2.5,3.661
BTCUSDT,15m,2023-01-01,100,1,train_pf_2x,1.883,271,16249,83,1.43,1.02,39.197,0.922,0.241,8,0,2,1,2.0,0,1.0,0,0.0,48,2.5,0.0,0.0,8,10.0,rvol>2.5,1.883
BTCUSDT,15m,2023-01-01,100,10,train_pf_2x,1.883,271,16249,636,1.687,1.18,38.675,7.067,0.3585,8,0,2,1,2.0,0,1.0,0,0.0,48,2.5,0.0,0.0,8,10.0,rvol>2.5,1.883
BTCUSDT,15m,2023-04-01,30,1,train_pf_2x,2.996,40,17997,12,0.486,0.329,-6.604,0.132,0.1667,-1,384,3,1,1.5,1,1.0,0,0.0,16,2.5,0.0,0.0,8,10.0,rvol>2.5,2.996
BTCUSDT,15m,2023-04-01,30,10,train_pf_2x,2.996,40,17997,113,0.699,0.493,-2.174,1.242,0.3451,-1,384,3,1,1.5,1,1.0,0,0.0,16,2.5,0.0,0.0,8,10.0,rvol>2.5,2.996
BTCUSDT,15m,2023-04-01,100,1,train_pf_2x,2.483,115,16731,21,1.279,0.814,2.311,0.231,0.619,13,30,2,1,2.5,1,2.0,3,1.0,16,2.5,0.0,0.0,8,10.0,rvol>2.5,2.483
BTCUSDT,15m,2023-04-01,100,10,train_pf_2x,2.483,115,16731,222,1.623,1.091,7.051,2.44,0.5676,13,30,2,1,2.5,1,2.0,3,1.0,16,2.5,0.0,0.0,8,10.0,rvol>2.5,2.483
BTCUSDT,15m,2023-07-01,30,1,train_pf_2x,2.65,39,18000,19,0.544,0.343,-10.104,0.207,0.2105,-1,384,3,1,2.0,1,1.0,0,0.0,0,2.0,0.0,0.0,8,10.0,rvol>2.0,2.65
BTCUSDT,15m,2023-07-01,30,10,train_pf_2x,2.65,39,18000,168,0.423,0.238,-8.704,1.826,0.2976,-1,384,3,1,2.0,1,1.0,0,0.0,0,2.0,0.0,0.0,8,10.0,rvol>2.0,2.65
BTCUSDT,15m,2023-07-01,100,1,train_pf_2x,2.109,110,16786,15,0.707,0.447,-5.369,0.163,0.2,13,30,2,1,2.5,1,1.0,0,0.0,0,2.5,0.0,0.0,8,10.0,rvol>2.5,2.109
BTCUSDT,15m,2023-07-01,100,10,train_pf_2x,2.109,110,16786,324,1.246,0.84,7.954,3.522,0.2809,13,30,2,1,2.5,1,1.0,0,0.0,0,2.5,0.0,0.0,8,10.0,rvol>2.5,2.109
BTCUSDT,15m,2023-10-01,30,1,train_pf_2x,2.063,107,18089,22,0.652,0.433,-7.832,0.239,0.2273,8,0,3,1,2.5,0,1.0,0,0.0,48,2.5,0.0,0.0,8,10.0,rvol>2.5,2.063
BTCUSDT,15m,2023-10-01,30,10,train_pf_2x,2.063,107,18089,232,0.866,0.585,-2.724,2.522,0.3017,8,0,3,1,2.5,0,1.0,0,0.0,48,2.5,0.0,0.0,8,10.0,rvol>2.5,2.063
BTCUSDT,15m,2023-10-01,100,1,train_pf_2x,2.063,107,16527,22,0.652,0.433,-7.832,0.239,0.2273,8,0,3,1,2.5,0,1.0,0,0.0,48,2.5,0.0,0.0,8,10.0,rvol>2.5,2.063
BTCUSDT,15m,2023-10-01,100,10,train_pf_2x,2.063,107,16527,246,0.621,0.402,-8.559,2.674,0.2724,8,0,3,1,2.5,0,1.0,0,0.0,48,2.5,0.0,0.0,8,10.0,rvol>2.5,2.063
BTCUSDT,15m,2024-01-01,30,1,train_pf_2x,2.231,38,18020,5,1.248,1.039,0.877,0.055,0.4,-1,384,2,1,2.0,0,1.0,0,0.0,0,0.0,0.0,0.5,8,10.0,ATRrank<0.5,2.231
BTCUSDT,15m,2024-01-01,30,10,train_pf_2x,2.231,38,18020,258,2.275,1.803,27.516,2.835,0.3178,-1,384,2,1,2.0,0,1.0,0,0.0,0,0.0,0.0,0.5,8,10.0,ATRrank<0.5,2.231
BTCUSDT,15m,2024-01-01,100,1,train_pf_2x,1.845,199,16421,56,2.143,1.665,56.589,0.615,0.3036,13,30,2,1,2.0,0,1.0,0,0.0,0,2.5,0.0,0.0,8,10.0,rvol>2.5,1.845
BTCUSDT,15m,2024-01-01,100,10,train_pf_2x,1.845,199,16421,649,2.094,1.617,58.021,7.133,0.3251,13,30,2,1,2.0,0,1.0,0,0.0,0,2.5,0.0,0.0,8,10.0,rvol>2.5,1.845
BTCUSDT,15m,2024-04-01,30,1,train_pf_2x,2.183,33,18000,15,1.004,0.8,0.05,0.165,0.2667,-1,384,2,1,2.0,1,2.0,0,0.0,0,0.0,0.0,0.5,8,10.0,ATRrank<0.5,2.183
BTCUSDT,15m,2024-04-01,30,10,train_pf_2x,2.183,33,18000,194,0.933,0.701,-1.116,2.132,0.2835,-1,384,2,1,2.0,1,2.0,0,0.0,0,0.0,0.0,0.5,8,10.0,ATRrank<0.5,2.183
BTCUSDT,15m,2024-04-01,100,1,train_pf_2x,1.592,146,16250,29,1.336,1.047,7.988,0.319,0.2759,-1,384,2,1,2.0,0,0.5,0,0.0,48,2.5,0.0,0.0,8,10.0,rvol>2.5,1.592
BTCUSDT,15m,2024-04-01,100,10,train_pf_2x,1.592,146,16250,458,1.823,1.327,25.135,5.034,0.4148,-1,384,2,1,2.0,0,0.5,0,0.0,48,2.5,0.0,0.0,8,10.0,rvol>2.5,1.592
BTCUSDT,15m,2024-07-01,30,1,train_pf_2x,1.709,88,17944,23,0.542,0.479,-9.198,0.25,0.1739,-1,384,4,1,2.0,0,1.0,0,0.0,0,1.5,0.0,0.0,8,10.0,rvol>1.5,1.709
BTCUSDT,15m,2024-07-01,30,10,train_pf_2x,1.709,88,17944,303,1.295,0.993,6.681,3.294,0.363,-1,384,4,1,2.0,0,1.0,0,0.0,0,1.5,0.0,0.0,8,10.0,rvol>1.5,1.709
BTCUSDT,15m,2024-07-01,100,1,train_pf_2x,1.596,193,16146,51,1.204,0.885,7.721,0.554,0.3922,13,30,2,1,2.0,0,1.0,0,0.0,0,2.5,0.0,0.0,8,10.0,rvol>2.5,1.596
BTCUSDT,15m,2024-07-01,100,10,train_pf_2x,1.596,193,16146,512,1.508,1.13,17.902,5.566,0.4023,13,30,2,1,2.0,0,1.0,0,0.0,0,2.5,0.0,0.0,8,10.0,rvol>2.5,1.596
BTCUSDT,15m,2024-10-01,30,1,train_pf_2x,1.934,81,17928,21,0.75,0.499,-4.795,0.228,0.2857,13,30,2,1,2.5,0,1.0,0,0.0,48,2.5,0.0,0.0,8,10.0,rvol>2.5,1.934
BTCUSDT,15m,2024-10-01,30,10,train_pf_2x,1.934,81,17928,160,0.744,0.555,-3.363,1.739,0.3,13,30,2,1,2.5,0,1.0,0,0.0,48,2.5,0.0,0.0,8,10.0,rvol>2.5,1.934
BTCUSDT,15m,2024-10-01,100,1,train_pf_2x,1.72,324,16218,92,1.088,0.786,7.29,1.0,0.2826,13,30,2,1,1.5,0,1.0,0,0.0,48,2.5,0.0,0.0,8,10.0,rvol>2.5,1.72
BTCUSDT,15m,2024-10-01,100,10,train_pf_2x,1.72,324,16218,672,1.123,0.816,5.255,7.305,0.3571,13,30,2,1,1.5,0,1.0,0,0.0,48,2.5,0.0,0.0,8,10.0,rvol>2.5,1.72
BTCUSDT,15m,2025-01-01,30,1,train_pf_2x,2.412,52,17912,12,1.043,0.765,0.456,0.133,0.25,13,30,3,1,2.5,0,1.0,0,0.0,16,2.5,0.0,0.0,8,10.0,rvol>2.5,2.412
BTCUSDT,15m,2025-01-01,30,10,train_pf_2x,2.412,52,17912,230,1.827,1.347,13.487,2.556,0.3,13,30,3,1,2.5,0,1.0,0,0.0,16,2.5,0.0,0.0,8,10.0,rvol>2.5,2.412
BTCUSDT,15m,2025-01-01,100,1,train_pf_2x,1.801,108,16150,26,2.491,1.743,48.245,0.289,0.2308,8,0,3,1,2.5,0,0.5,0,0.0,48,2.5,0.0,0.0,8,10.0,rvol>2.5,1.801
BTCUSDT,15m,2025-01-01,100,10,train_pf_2x,1.801,108,16150,373,2.043,1.497,23.035,4.145,0.3003,8,0,3,1,2.5,0,0.5,0,0.0,48,2.5,0.0,0.0,8,10.0,rvol>2.5,1.801
BTCUSDT,15m,2025-04-01,30,1,train_pf_2x,2.044,108,17932,24,2.95,2.009,58.153,0.264,0.25,8,0,3,1,2.5,0,0.5,0,0.0,48,2.5,0.0,0.0,8,10.0,rvol>2.5,2.044
BTCUSDT,15m,2025-04-01,30,10,train_pf_2x,2.044,108,17932,219,1.998,1.377,24.521,2.407,0.2557,8,0,3,1,2.5,0,0.5,0,0.0,48,2.5,0.0,0.0,8,10.0,rvol>2.5,2.044
BTCUSDT,15m,2025-04-01,100,1,train_pf_2x,2.044,108,15801,24,2.95,2.009,58.153,0.264,0.25,8,0,3,1,2.5,0,0.5,0,0.0,48,2.5,0.0,0.0,8,10.0,rvol>2.5,2.044
BTCUSDT,15m,2025-04-01,100,10,train_pf_2x,2.044,108,15801,272,1.909,1.315,28.133,2.989,0.2537,8,0,3,1,2.5,0,0.5,0,0.0,48,2.5,0.0,0.0,8,10.0,rvol>2.5,2.044
BTCUSDT,15m,2025-07-01,30,1,train_pf_2x,2.162,112,17982,16,2.069,1.174,16.328,0.174,0.375,8,0,3,1,2.5,0,0.5,0,0.0,48,2.5,0.0,0.0,8,10.0,rvol>2.5,2.162
BTCUSDT,15m,2025-07-01,30,10,train_pf_2x,2.162,112,17982,165,0.797,0.49,-3.035,1.794,0.2485,8,0,3,1,2.5,0,0.5,0,0.0,48,2.5,0.0,0.0,8,10.0,rvol>2.5,2.162
BTCUSDT,15m,2025-07-01,100,1,train_pf_2x,2.162,112,15904,16,2.069,1.174,16.328,0.174,0.375,8,0,3,1,2.5,0,0.5,0,0.0,48,2.5,0.0,0.0,8,10.0,rvol>2.5,2.162
BTCUSDT,15m,2025-07-01,100,10,train_pf_2x,2.162,112,15904,205,1.412,0.809,8.72,2.229,0.3317,8,0,3,1,2.5,0,0.5,0,0.0,48,2.5,0.0,0.0,8,10.0,rvol>2.5,2.162
BTCUSDT,15m,2025-10-01,30,1,train_pf_2x,1.769,93,18016,21,0.761,0.467,-5.566,0.228,0.1905,8,0,3,1,2.5,0,0.5,0,0.0,48,2.5,0.0,0.0,8,10.0,rvol>2.5,1.769
BTCUSDT,15m,2025-10-01,30,10,train_pf_2x,1.769,93,18016,200,1.378,0.923,6.912,2.174,0.295,8,0,3,1,2.5,0,0.5,0,0.0,48,2.5,0.0,0.0,8,10.0,rvol>2.5,1.769
BTCUSDT,15m,2025-10-01,100,1,train_pf_2x,1.523,106,15757,26,1.476,1.024,9.464,0.283,0.3462,8,0,3,1,2.5,1,1.0,0,0.0,48,2.5,0.0,0.0,8,10.0,rvol>2.5,1.523
BTCUSDT,15m,2025-10-01,100,10,train_pf_2x,1.523,106,15757,293,1.657,1.116,20.03,3.185,0.256,8,0,3,1,2.5,1,1.0,0,0.0,48,2.5,0.0,0.0,8,10.0,rvol>2.5,1.523
BTCUSDT,15m,2026-01-01,30,1,train_pf_2x,1.648,51,18000,18,1.99,1.618,17.19,0.2,0.2222,-1,384,2,1,2.5,0,0.5,0,0.0,0,2.5,0.0,0.0,8,10.0,rvol>2.5,1.648
BTCUSDT,15m,2026-01-01,30,10,train_pf_2x,1.648,51,18000,205,1.075,0.716,1.535,2.278,0.3073,-1,384,2,1,2.5,0,0.5,0,0.0,0,2.5,0.0,0.0,8,10.0,rvol>2.5,1.648
BTCUSDT,15m,2026-01-01,100,1,train_pf_2x,1.507,125,15764,34,0.497,0.292,-22.793,0.378,0.1765,8,0,3,1,2.5,0,0.5,0,0.0,48,2.0,0.0,0.0,8,10.0,rvol>2.0,1.507
BTCUSDT,15m,2026-01-01,100,10,train_pf_2x,1.507,125,15764,345,0.934,0.613,-2.658,3.834,0.2261,8,0,3,1,2.5,0,0.5,0,0.0,48,2.0,0.0,0.0,8,10.0,rvol>2.0,1.507
BTCUSDT,15m,2026-04-01,30,1,train_pf_2x,1.742,106,17895,30,0.442,0.295,-17.158,0.33,0.2,0,0,2,1,2.5,0,1.0,0,0.0,0,2.5,0.0,0.0,8,10.0,rvol>2.5,1.742
BTCUSDT,15m,2026-04-01,30,10,train_pf_2x,1.742,106,17895,242,0.532,0.371,-10.468,2.66,0.2397,0,0,2,1,2.5,0,1.0,0,0.0,0,2.5,0.0,0.0,8,10.0,rvol>2.5,1.742
BTCUSDT,15m,2026-04-01,100,1,train_pf_2x,1.742,106,15704,30,0.442,0.295,-17.158,0.33,0.2,0,0,2,1,2.5,0,1.0,0,0.0,0,2.5,0.0,0.0,8,10.0,rvol>2.5,1.742
BTCUSDT,15m,2026-04-01,100,10,train_pf_2x,1.742,106,15704,299,0.8,0.555,-5.454,3.286,0.2475,0,0,2,1,2.5,0,1.0,0,0.0,0,2.5,0.0,0.0,8,10.0,rvol>2.5,1.742
