signal,tf,L,k,mode,H,tag,trades,span_days,tpd,pf,pf_0x,pf_2x,pf_3x,win,avg_r,total_r,max_dd_r,hold_h,sharpe,r_per_day,est_days
mom,1h,3,1,spread,1,real,52942,2206,23.99909338168631,0.27727442287697235,0.9932513203178638,0.10403876581392503,0.049044093194894514,0.24781836726984247,-0.21989939758708438,-11641.913907055421,11643.024010567247,1.0,-42.40021798711389,-5.277386177269003,inf
mom,1h,3,1,spread,4,real,13235,2206,5.999546690843155,0.5101493123479057,0.9937531842840573,0.27951429354407364,0.16505016886655363,0.34741216471477143,-0.11010203450304287,-1457.2004266477725,1457.3942586823223,4.0,-10.873629509100157,-0.6605622967578297,inf
mom,1h,3,1,spread,12,real,4411,2205,2.000453514739229,0.7094280861062341,1.046274816130462,0.4887250408155223,0.34460118766338244,0.41419179324416233,-0.05566420241229423,-245.53479684062984,248.3290345524048,12.0,-3.1692085789028632,-0.11135364936082986,inf
mom,1h,3,1,longonly,1,real,52942,2206,23.99909338168631,0.5834889726136849,1.018785100467276,0.34760319342432866,0.2185503694853436,0.38778285671111784,-0.2133224981250523,-11293.71969573652,11295.925843889196,1.0,-17.06926078241159,-5.1195465529177335,inf
mom,1h,3,1,longonly,4,real,13235,2206,5.999546690843155,0.7717384084927653,1.0217086256349355,0.5867362073312782,0.45059512002126156,0.4398942198715527,-0.10189932777454587,-1348.6376030961146,1404.6683577246597,4.0,-4.101663411467493,-0.6113497747489187,inf
mom,1h,3,1,longonly,12,real,4411,2205,2.000453514739229,0.8877598492225948,1.040719105930869,0.7580278579619634,0.6486449276668778,0.4763092269326683,-0.047858520170772134,-211.10393247327588,299.9496937426732,12.0,-1.1022969740520168,-0.0957387448858394,inf
mom,1h,3,2,spread,1,real,52942,2206,23.99909338168631,0.14355630219728108,0.9769339289876035,0.038259676175673905,0.014340583668896482,0.17286842204676817,-0.23348487002995505,-12361.15598912588,12361.787999706603,1.0,-65.49193545430771,-5.6034251990597825,inf
mom,1h,3,2,spread,4,real,13235,2206,5.999546690843155,0.35457639671663727,0.9858646892309457,0.146857116604462,0.07043806605544545,0.3001133358519078,-0.11701066665920115,-1548.6361732345272,1548.7879061683752,4.0,-16.492697234208034,-0.7020109579485617,inf
mom,1h,3,2,spread,12,real,4411,2205,2.000453514739229,0.5946516333564759,1.0706360945969762,0.34236345242288635,0.20690857925179718,0.3922013148945817,-0.05912973165157296,-260.82124631508833,262.6198163127413,12.0,-4.228364508353226,-0.11828627950797657,inf
mom,1h,3,2,longonly,1,real,52942,2206,23.99909338168631,0.5195253855239279,1.0060420845172469,0.28044056126571754,0.16078088265895152,0.3792074345510181,-0.2301685467291585,-12185.58320093511,12187.009370618232,1.0,-20.588922841818153,-5.523836446480105,inf
mom,1h,3,2,longonly,4,real,13235,2206,5.999546690843155,0.7331623001134893,1.0185472179368051,0.5307927001812107,0.38866320895332995,0.4462410275783906,-0.10979594834297744,-1453.1493763193064,1478.9928319677433,4.0,-4.874825445673792,-0.6587259185490962,inf
mom,1h,3,2,longonly,12,real,4411,2205,2.000453514739229,0.8846202733469161,1.0615967166660483,0.7377555498021441,0.6168325353665572,0.487417819088642,-0.04535979576981034,-200.08205914063342,269.6138424595308,12.0,-1.0661364077466948,-0.09074016287557071,inf
mom,1h,6,1,spread,1,real,52942,2206,23.99909338168631,0.28129071770406516,1.009019249948813,0.10499314672679591,0.04888690217572321,0.25112387140644477,-0.2167219961004403,-11473.69591754951,11474.241085726668,1.0,-41.76829914928563,-5.201131422279923,inf
mom,1h,6,1,spread,4,real,13235,2206,5.999546690843155,0.5295206958471633,1.0280881975809928,0.29040295231694757,0.17130580808920048,0.35700793350963356,-0.10446834258058359,-1382.6385140540237,1382.638514054027,4.0,-10.348667385321297,-0.6267626990272093,inf
mom,1h,6,1,spread,12,real,4411,2205,2.000453514739229,0.7906383102182366,1.1613119277405646,0.5473845587047012,0.3870989932221776,0.42144638403990026,-0.038593967422069164,-170.2379902987471,201.18704897502653,12.0,-2.2041438747226736,-0.07720543777720956,inf
mom,1h,6,1,longonly,1,real,52942,2206,23.99909338168631,0.5861282701257731,1.019230456365627,0.3503666333979828,0.2205030883968429,0.38957727324241626,-0.2124663774499425,-11248.394954954856,11249.82349041962,1.0,-16.996516931683885,-5.09900043288978,inf
mom,1h,6,1,longonly,4,real,13235,2206,5.999546690843155,0.7917703467495543,1.0460629959978016,0.6029231117114057,0.46368870019899094,0.44571212693615414,-0.0920431971664844,-1218.191714498421,1283.8866167171907,4.0,-3.7248713656815253,-0.5522174589748056,inf
mom,1h,6,1,longonly,12,real,4411,2205,2.000453514739229,0.9482228279975085,1.1078707262091783,0.8125617543438218,0.6977726032743945,0.4781228746316028,-0.02168412454151712,-95.648673352632,244.36514841181634,12.0,-0.49908248249923526,-0.04337808315312109,inf
mom,1h,6,2,spread,1,real,52942,2206,23.99909338168631,0.1441039949736187,0.991789718719474,0.037356120585747075,0.013561170570762022,0.17708057874655284,-0.23166199995373446,-12264.649601550609,12264.649601550613,1.0,-64.80164353413275,-5.559677969877883,inf
mom,1h,6,2,spread,4,real,13235,2206,5.999546690843155,0.36252576255133473,1.005089643166068,0.15019823859166917,0.0725002702792237,0.3057045712126936,-0.11476504539989027,-1518.9153758675477,1518.9153758675407,4.0,-16.91872641685949,-0.6885382483533761,inf
mom,1h,6,2,spread,12,real,4411,2205,2.000453514739229,0.6258382741380472,1.1188222430892525,0.36336258115539755,0.22056580113537813,0.3917479029698481,-0.05394433432852643,-237.9484587231301,245.14234620178834,12.0,-4.4269314338413706,-0.10791313320776875,inf
mom,1h,6,2,longonly,1,real,52942,2206,23.99909338168631,0.5211216481194818,1.0090008373503236,0.2812160536306117,0.1609659102252733,0.38190850364549883,-0.2293148776122347,-12140.38825054693,12140.456485699591,1.0,-20.790070885409023,-5.503349161625988,inf
mom,1h,6,2,longonly,4,real,13235,2206,5.999546690843155,0.7387999458250044,1.0251392119033265,0.535437940910801,0.3923379472458799,0.4486588590857575,-0.10738457511679167,-1421.2348516707377,1460.6765016220158,4.0,-4.8558776877055045,-0.6442587722895456,inf
mom,1h,6,2,longonly,12,real,4411,2205,2.000453514739229,0.8985633919467152,1.0764358759629071,0.7505361683556474,0.6282528757771233,0.4894581727499433,-0.03984408779295129,-175.75227125470812,272.1900294353976,12.0,-1.0057673500360484,-0.0797062454669878,inf
mom,1h,12,1,spread,1,real,52942,2206,23.99909338168631,0.28689665059021746,1.022915286871589,0.107478606526992,0.05030896166358597,0.25499603339503607,-0.21405712345182135,-11332.612229786326,11332.612229786251,1.0,-39.817167685094056,-5.137176894735415,inf
mom,1h,12,1,spread,4,real,13235,2206,5.999546690843155,0.5532202152049266,1.072630375891359,0.30441291481038946,0.17986339161315296,0.36116358141292026,-0.09762070004308782,-1292.0099650702673,1294.015479723638,4.0,-9.272268153573682,-0.5856799479012997,inf
mom,1h,12,1,spread,12,real,4411,2205,2.000453514739229,0.825511794476415,1.222444600296592,0.5662292286224311,0.3977523121808839,0.4423033325776468,-0.03110827065373459,-137.21858185362328,203.61615616741219,12.0,-1.5608257359005997,-0.062230649366722575,inf
mom,1h,12,1,longonly,1,real,52942,2206,23.99909338168631,0.598768338460487,1.0375778988263626,0.35896301060182434,0.2264001826464237,0.39241056250236106,-0.20512670258262614,-10859.817888129393,10859.817888129388,1.0,-16.383135641049485,-4.922854890357839,inf
mom,1h,12,1,longonly,4,real,13235,2206,5.999546690843155,0.8190623817061315,1.0778824645440614,0.6260637159912078,0.48341036875026944,0.45243672081601816,-0.07992343518425729,-1057.7866646636453,1232.2343684797286,4.0,-3.1957189877021626,-0.47950438108052823,inf
mom,1h,12,1,longonly,12,real,4411,2205,2.000453514739229,0.9900148469882988,1.1560819247611496,0.8486988093181225,0.7289392974571837,0.4912718204488778,-0.004135436038926829,-18.241408367706242,195.9055915236009,12.0,-0.09434789083768401,-0.00827274755905045,inf
mom,1h,12,2,spread,1,real,52942,2206,23.99909338168631,0.15174046398483843,1.0264826812949917,0.04028139954940335,0.015027128443806811,0.1796683162706358,-0.22795296932767323,-12068.286102145676,12068.286102145747,1.0,-62.236122900361075,-5.470664597527505,inf
mom,1h,12,2,spread,4,real,13235,2206,5.999546690843155,0.39149901054448366,1.0840849404235986,0.1635743959880547,0.07895564158177096,0.30804684548545525,-0.10663572889339981,-1411.3238719041465,1411.6424291977062,4.0,-15.083952161774226,-0.6397660344080447,inf
mom,1h,12,2,spread,12,real,4411,2205,2.000453514739229,0.6843837349015434,1.2233205459595495,0.39549402407515377,0.2383866146443178,0.4089775561097257,-0.04390891401407878,-193.6822197161015,218.21400405224952,12.0,-3.2632111334633085,-0.08783774136784649,inf
mom,1h,12,2,longonly,1,real,52942,2206,23.99909338168631,0.5308061097996146,1.0245800045731899,0.2871229954535976,0.16479706662705473,0.3852140077821012,-0.2241787818929947,-11868.473070978926,11868.740882762098,1.0,-20.146831965726843,-5.380087520842668,inf
mom,1h,12,2,longonly,4,real,13235,2206,5.999546690843155,0.7605206109452194,1.0525073428071974,0.5526607908626321,0.4063016831462482,0.45334340763128067,-0.09798497518475528,-1296.8311465702361,1355.798935039207,4.0,-4.383571156026047,-0.5878654336220472,inf
mom,1h,12,2,longonly,12,real,4411,2205,2.000453514739229,0.9388899838898415,1.1227104297022665,0.7855851726262426,0.658529357453097,0.4935388800725459,-0.02373161867084029,-104.68016995707652,226.28075924478082,12.0,-0.5956515927641399,-0.04747399998053357,inf
mom,1h,24,1,spread,1,real,52942,2206,23.99909338168631,0.2962219505700482,1.065928847628679,0.1104962609418025,0.05169032174066207,0.2583770919119036,-0.2068645285524071,-10951.821870621538,10951.821870621525,1.0,-38.72660712242089,-4.964561138087732,inf
mom,1h,24,1,spread,4,real,13235,2206,5.999546690843155,0.5820367690763116,1.1349305612251996,0.3186896830143454,0.18822036041567117,0.36766150358896865,-0.08851059908602564,-1171.4377789035493,1173.6283898299323,4.0,-8.805574848447481,-0.5310234718511103,inf
mom,1h,24,1,spread,12,real,4411,2205,2.000453514739229,0.8382308864513854,1.2434506336203877,0.5738900217556883,0.4021716119779305,0.43640897755610975,-0.028330182341662184,-124.96443430907189,154.9848838063706,12.0,-1.6327274233153255,-0.05667321283858136,inf
mom,1h,24,1,longonly,1,real,52942,2206,23.99909338168631,0.6060012244426223,1.0484130071078792,0.3636189792596162,0.2294965674975869,0.39658494201201316,-0.20003875118312997,-10590.451565137268,10590.451565137346,1.0,-15.470843855507121,-4.800748669599849,inf
mom,1h,24,1,longonly,4,real,13235,2206,5.999546690843155,0.8234791983581531,1.08438552364696,0.6290250140177214,0.4855544357580269,0.4488099735549679,-0.07740639380185281,-1024.473621967522,1163.9724091250837,4.0,-3.1224110447339197,-0.46440327378400814,inf
mom,1h,24,1,longonly,12,real,4411,2205,2.000453514739229,0.9649530539034303,1.126187736876838,0.8275063447904514,0.7109208552478226,0.4808433461800045,-0.014631470847771812,-64.53941790952146,192.56236976302648,12.0,-0.33415794422671513,-0.029269577283229688,inf
mom,1h,24,2,spread,1,real,52942,2206,23.99909338168631,0.1564254134061509,1.07474185813724,0.04060838689249805,0.015284949541993626,0.18669487363529902,-0.22288843632114338,-11800.159595713973,11800.159595713834,1.0,-61.90921423658069,-5.3491203969691625,inf
mom,1h,24,2,spread,4,real,13235,2206,5.999546690843155,0.4289782737153143,1.1902956917386653,0.1784192734245221,0.08605344014975645,0.31794484321873817,-0.09643842705049142,-1276.362582013254,1276.5652840211335,4.0,-13.544058900678051,-0.5785868458808948,inf
mom,1h,24,2,spread,12,real,4411,2205,2.000453514739229,0.7248301586061044,1.2989084484020852,0.41867481886882213,0.2544248898736713,0.40761732033552484,-0.03717639658372202,-163.98508533079783,177.03660611163357,12.0,-2.6118422829168835,-0.07436965321124618,inf
mom,1h,24,2,longonly,1,real,52942,2206,23.99909338168631,0.5359115124923617,1.033346892622504,0.28981593221338015,0.1663937972978842,0.3874617505949907,-0.2206900434104572,-11683.772278236425,11684.038006196459,1.0,-19.568215177520322,-5.296360960215968,inf
mom,1h,24,2,longonly,4,real,13235,2206,5.999546690843155,0.7797978598029729,1.0787202784443521,0.5661968103119448,0.41571217191824406,0.45810351341140915,-0.08903585362075586,-1178.3895226707039,1249.48749103515,4.0,-3.909562547076851,-0.5341747609568014,inf
mom,1h,24,2,longonly,12,real,4411,2205,2.000453514739229,0.9431255488693169,1.1274629169699404,0.789330668805815,0.6618718889193039,0.4901382906370437,-0.022087723347545777,-97.42894768602443,192.32126970812615,12.0,-0.5102479302855842,-0.04418546380318568,inf
mom,1h,48,1,spread,1,real,52942,2206,23.99909338168631,0.29030305836862896,1.0584904840280056,0.1059314499271466,0.048478295825902684,0.260738166295191,-0.20621364149704446,-10917.362608136527,10917.690809586296,1.0,-40.232646051156856,-4.948940438865153,inf
mom,1h,48,1,spread,4,real,13235,2206,5.999546690843155,0.5732295702572613,1.112334751477805,0.3134363027785772,0.18403705047848187,0.37332829618435964,-0.09062954895864277,-1199.482080467637,1202.0064235502487,4.0,-8.524787338552459,-0.5437362105474329,inf
mom,1h,48,1,spread,12,real,4411,2205,2.000453514739229,0.7770060912372073,1.138901200606993,0.5359481208704123,0.37717710756200434,0.4400362729539787,-0.041097937680426425,-181.28300310836096,197.53076354092204,12.0,-1.976050222910622,-0.08221451388134283,inf
mom,1h,48,1,longonly,1,real,52942,2206,23.99909338168631,0.6016375026921443,1.0393209409930086,0.36076182118185374,0.2272438146267238,0.40004155490914584,-0.19789606345228433,-10477.013391290837,10479.269563569944,1.0,-16.104852390339172,-4.749326106659491,inf
mom,1h,48,1,longonly,4,real,13235,2206,5.999546690843155,0.8238774838138238,1.0833646685401201,0.6298181502270828,0.486137996697354,0.4528145069890442,-0.07530819831312317,-996.7040046741852,1092.950591135594,4.0,-3.1074759767010667,-0.4518150519828582,inf
mom,1h,48,1,longonly,12,real,4411,2205,2.000453514739229,0.9440781345399465,1.1030281354181828,0.8084362952370453,0.6935000642399138,0.48696440716390843,-0.02273616763955202,-100.28923545806396,192.6641068522884,12.0,-0.5379715023221744,-0.04548264646624216,inf
mom,1h,48,2,spread,1,real,52942,2206,23.99909338168631,0.15017934459704255,1.056088803373268,0.03768215651169695,0.013456873065360447,0.18399380454081826,-0.22419059560243748,-11869.098512384246,11869.098512384311,1.0,-62.57585835249141,-5.38037103915877,inf
mom,1h,48,2,spread,4,real,13235,2206,5.999546690843155,0.4058561071125779,1.1225138974573896,0.16668789393747452,0.07896897214224338,0.3220249338874197,-0.102406077081955,-1355.3444301796744,1356.861517507841,4.0,-14.72375153932176,-0.6143900408792722,inf
mom,1h,48,2,spread,12,real,4411,2205,2.000453514739229,0.6694265468170807,1.211241294530672,0.3807515776641424,0.22600163625777023,0.406257084561324,-0.045286347780233605,-199.75808005861043,210.7299193275611,12.0,-3.61820629692472,-0.0905932335866714,inf
mom,1h,48,2,longonly,1,real,52942,2206,23.99909338168631,0.5334924136418506,1.0289778438096295,0.28822372636611887,0.1650365966245403,0.38948283026708475,-0.21901056735621466,-11594.857456972717,11597.75316119877,1.0,-19.938492388937743,-5.256055057557895,inf
mom,1h,48,2,longonly,4,real,13235,2206,5.999546690843155,0.7695664379900365,1.0649782460109214,0.5587409419394925,0.4100521924211541,0.45810351341140915,-0.09234308051446666,-1222.1606706089663,1285.5359408124018,4.0,-4.190966720216662,-0.5540166231228315,inf
mom,1h,48,2,longonly,12,real,4411,2205,2.000453514739229,0.9281080622471108,1.1116053815615548,0.7751673303267753,0.6485214093542575,0.4939922919972795,-0.02743538073473163,-121.01746442090122,214.10606274250503,12.0,-0.7009867154667764,-0.05488320381900282,inf
mom,4h,3,1,spread,1,real,13164,2193,6.002735978112175,0.57690950710032,1.091626571854489,0.3246475369480865,0.19651173683469358,0.3623518687329079,-0.08963820831028622,-1179.9973741966078,1184.7765426798424,4.0,-8.559202051513296,-0.5380744980376688,inf
mom,4h,3,1,spread,3,real,4388,2193,2.0009119927040584,0.8208506133448847,1.1848702707277294,0.5800538808476808,0.41992441174973855,0.4049680948040109,-0.032486088683851375,-142.54895714473983,179.91910522277817,12.0,-1.6706047822343228,-0.06500180444356582,inf
mom,4h,3,1,spread,6,real,2194,2193,1.0004559963520292,0.9078107851500101,1.1785309347219017,0.7038219601522463,0.5502938646030515,0.443482224247949,-0.015744287779774744,-34.54296738882579,65.35555012798221,24.0,-0.6253970201940717,-0.015751467117567617,inf
mom,4h,3,1,longonly,1,real,13164,2193,6.002735978112175,0.8341743247676461,1.0844472430439611,0.6450664683251167,0.5033957118972048,0.45274992403524766,-0.07286461755084987,-959.1898254393877,1142.7375833185756,4.0,-2.883104252432799,-0.4373870613038704,inf
mom,4h,3,1,longonly,3,real,4388,2193,2.0009119927040584,0.9900802417400545,1.1448886765011304,0.8574645506978518,0.7442167164967564,0.47037374658158615,-0.00418468563624488,-18.362400571842535,170.73219405690156,12.0,-0.08680183566629802,-0.008373187675258794,inf
mom,4h,3,1,longonly,6,real,2194,2193,1.0004559963520292,0.9897328964380818,1.0973893489627382,0.8928952148318778,0.8060048551695641,0.48495897903372837,-0.0042833491875247124,-9.39766811742922,93.81417264961122,24.0,-0.06949909670020409,-0.0042853023791286915,inf
mom,4h,3,2,spread,1,real,13164,2193,6.002735978112175,0.40758407772466987,1.0860898574244802,0.17580991582233632,0.08737509621535748,0.31251899118808874,-0.10015981554304287,-1318.5038118086163,1318.503811808613,4.0,-14.75358554074843,-0.6012329283213025,inf
mom,4h,3,2,spread,3,real,4388,2193,2.0009119927040584,0.6697679043033865,1.1515999929803622,0.4051098469526949,0.2558723250093141,0.3833181403828623,-0.04693200431439836,-205.93763493158002,218.83912326044177,12.0,-3.7400689495913326,-0.0939068102743183,inf
mom,4h,3,2,spread,6,real,2194,2193,1.0004559963520292,0.7880848123950175,1.1479963391220522,0.5451751532551592,0.3831564802362281,0.4407474931631723,-0.028225897653183462,-61.92761945108452,72.0680851862143,24.0,-1.5396297600535431,-0.028238768559546063,inf
mom,4h,3,2,longonly,1,real,13164,2193,6.002735978112175,0.7748948204032554,1.0576741948734694,0.570716426087001,0.42457621408818785,0.44948343968398663,-0.09054956109340839,-1191.994422233628,1279.8065933869416,4.0,-4.115895520921081,-0.543545108177669,inf
mom,4h,3,2,longonly,3,real,4388,2193,2.0009119927040584,0.9225487034117331,1.0965783309034007,0.7769295935082234,0.6555863477557788,0.4833637192342753,-0.02973352914176586,-130.4707258740686,230.47496538349301,12.0,-0.7447373170421899,-0.059494175045174916,inf
mom,4h,3,2,longonly,6,real,2194,2193,1.0004559963520292,0.9838325916309446,1.1094833271405222,0.8724199706771502,0.7740408696286469,0.4972652689152233,-0.0061016887734097495,-13.387105168860991,83.97410626590859,24.0,-0.11082116714277425,-0.006104471121231642,inf
mom,4h,6,1,spread,1,real,13164,2193,6.002735978112175,0.6071477804788318,1.1470785494153677,0.34169487609754917,0.2065171979410899,0.3670616833789122,-0.08166067999711037,-1074.9811914819609,1080.9197808506735,4.0,-7.937945822218231,-0.49018750181575965,inf
mom,4h,6,1,spread,3,real,4388,2193,2.0009119927040584,0.8734880325449437,1.2548901078393584,0.6167694539898397,0.445004305562273,0.43391066545123064,-0.02250284811260923,-98.7424975181293,118.14812850141813,12.0,-1.1367462884739228,-0.04502621865851769,inf
mom,4h,6,1,spread,6,real,2194,2193,1.0004559963520292,0.857617669052061,1.099739216480696,0.6723491732356338,0.5307531794149228,0.4457611668185962,-0.02625169736248423,-57.5962240132904,73.34329913034577,24.0,-0.9983783917869413,-0.026263668040716098,inf
mom,4h,6,1,longonly,1,real,13164,2193,6.002735978112175,0.8395940624852364,1.0913802622023585,0.6492406349829795,0.5067747611281187,0.45259799453053784,-0.07053449996096837,-928.5161574861877,1064.2314483065102,4.0,-2.7813606728972995,-0.4233999806138567,inf
mom,4h,6,1,longonly,3,real,4388,2193,2.0009119927040584,0.9886652724314324,1.1452328026865863,0.8543850442150519,0.7396591345805369,0.4749316317228806,-0.004735260107243096,-20.778321350582708,129.64667269242867,12.0,-0.09984587330664224,-0.009474838737155818,inf
mom,4h,6,1,longonly,6,real,2194,2193,1.0004559963520292,0.9783544039015523,1.0855518078577655,0.8819261147986275,0.7954504526878843,0.47584320875113945,-0.009102039079034395,-19.96987373940146,91.66767997512737,24.0,-0.14875980216815785,-0.00910618957565046,inf
mom,4h,6,2,spread,1,real,13164,2193,6.002735978112175,0.442711500981117,1.1734523594459958,0.19219242694727307,0.09581204420299395,0.32171072622303254,-0.09186816962846114,-1209.3525849890625,1209.4203372964507,4.0,-13.378412149663086,-0.5514603670720759,inf
mom,4h,6,2,spread,3,real,4388,2193,2.0009119927040584,0.7120746519411821,1.2482176020185745,0.4216132257441294,0.26170056394576713,0.3994986326344576,-0.03848611295518248,-168.87706364734072,177.43162794622043,12.0,-3.0758831396186457,-0.07700732496458765,inf
mom,4h,6,2,spread,6,real,2194,2193,1.0004559963520292,0.7858413875648153,1.1528834704099815,0.5397552282879742,0.37739154273766967,0.4453053783044667,-0.02807311748059249,-61.59241975241993,71.5195543979172,24.0,-1.5541671701477637,-0.02808591871975373,inf
mom,4h,6,2,longonly,1,real,13164,2193,6.002735978112175,0.7914181845769435,1.0809307960919217,0.5823681504222298,0.4327339151583387,0.4540413248252811,-0.08332677024700225,-1096.9136035315375,1189.1604000062969,4.0,-3.746076325802375,-0.5001886017015675,inf
mom,4h,6,2,longonly,3,real,4388,2193,2.0009119927040584,0.933430589682156,1.1109824327038904,0.7849334287180231,0.6611182656905332,0.4808568824065634,-0.025397163939889094,-111.44275536823335,191.47088099204882,12.0,-0.6347701026546039,-0.050817489907995145,inf
mom,4h,6,2,longonly,6,real,2194,2193,1.0004559963520292,0.9744245442483804,1.0994204987152563,0.8635095302713319,0.765299226078737,0.4990884229717411,-0.009724691005035572,-21.335972065048043,81.17519608831381,24.0,-0.1753505305976085,-0.009729125428658478,inf
mom,4h,12,1,spread,1,real,13164,2193,6.002735978112175,0.5933072388880221,1.116596973376803,0.33386237279075287,0.20163742472638554,0.36903676694013976,-0.08521504435118522,-1121.7708438390023,1122.3768602872792,4.0,-8.1358910894495,-0.5115234126032843,inf
mom,4h,12,1,spread,3,real,4388,2193,2.0009119927040584,0.8273129207429774,1.1830185773570288,0.5867527372572652,0.4247765349678204,0.4261622607110301,-0.031707807570639346,-139.13385961996545,160.3685827945961,12.0,-1.7582406958816865,-0.0634445324304448,inf
mom,4h,12,1,spread,6,real,2194,2193,1.0004559963520292,0.9031036698460859,1.1548154591627102,0.7104253623582684,0.5626751820957592,0.4448495897903373,-0.01754623967984822,-38.496449857586995,67.83958079423849,24.0,-0.6196287084673296,-0.01755424070113406,inf
mom,4h,12,1,longonly,1,real,13164,2193,6.002735978112175,0.8378539854928813,1.0884299799270811,0.6482434956100531,0.506124141775018,0.45373746581586144,-0.0704874321422618,-927.8965567207345,1024.416108110201,4.0,-2.809681594995412,-0.4231174449250955,inf
mom,4h,12,1,longonly,3,real,4388,2193,2.0009119927040584,0.968933933337959,1.1237801591486964,0.836455643532275,0.7235678899821346,0.47082953509571557,-0.012846640749147728,-56.37105960726023,158.20713560946788,12.0,-0.2939176742815624,-0.025704997540930336,inf
mom,4h,12,1,longonly,6,real,2194,2193,1.0004559963520292,0.9968991233084131,1.105426476158814,0.899393303412931,0.8119519798886311,0.4772105742935278,-0.0012879228786846515,-2.8257027958341254,79.65604717143019,24.0,-0.02088815603120683,-0.0012885101668190266,inf
mom,4h,12,2,spread,1,real,13164,2193,6.002735978112175,0.42463029210098513,1.1253556141278034,0.18283274548952186,0.08960948446727675,0.3194317836523853,-0.0960057043238161,-1263.819091718715,1264.0432367867465,4.0,-13.993080877350938,-0.5762968954485704,inf
mom,4h,12,2,spread,3,real,4388,2193,2.0009119927040584,0.6915201935767293,1.1974257702794306,0.4121982877226281,0.255507726698279,0.402461257976299,-0.04247890673682313,-186.3974427611799,195.4803550993477,12.0,-3.5643622796299614,-0.08499655392666662,inf
mom,4h,12,2,spread,6,real,2194,2193,1.0004559963520292,0.8109747836412122,1.1779514608014863,0.5637089288973275,0.39783276267166634,0.4416590701914312,-0.02503130463067546,-54.91868235970196,65.69353513687506,24.0,-1.3552646863136055,-0.02504271881427358,inf
mom,4h,12,2,longonly,1,real,13164,2193,6.002735978112175,0.7829484318449474,1.068659314898019,0.5766113692842094,0.42881253493228966,0.45282588878760255,-0.08663005341053678,-1140.3980230963061,1215.1690954208846,4.0,-3.943780287529594,-0.5200173383932084,inf
mom,4h,12,2,longonly,3,real,4388,2193,2.0009119927040584,0.93108237351688,1.1085132347893873,0.7826963752033328,0.6591693136840855,0.4865542388331814,-0.02603253199512284,-114.23075039459901,201.68874011019582,12.0,-0.6754873658061056,-0.0520888054694934,inf
mom,4h,12,2,longonly,6,real,2194,2193,1.0004559963520292,1.004496218174959,1.1328114676224652,0.8906337645105723,0.789894605030692,0.504102096627165,0.0016749351200627013,3.6748076534175667,68.33189403871918,24.0,0.03057794903501346,0.0016756988843673354,40778.14616706513
mom,4h,24,1,spread,1,real,13164,2193,6.002735978112175,0.5805233194365714,1.0983006191314477,0.3248535723006313,0.19450243325702185,0.36539045882710425,-0.08746212361367718,-1151.3513952504463,1152.308443373547,4.0,-8.4656160434345,-0.5250120361379145,inf
mom,4h,24,1,spread,3,real,4388,2193,2.0009119927040584,0.8030245294282177,1.1518960139072083,0.5672280701308324,0.4088047281033929,0.4293527803099362,-0.036065732396445956,-158.25643375560486,205.0480730289423,12.0,-2.004405399948907,-0.072164356477704,inf
mom,4h,24,1,spread,6,real,2194,2193,1.0004559963520292,0.8965258298969434,1.141874426748981,0.7077612769164828,0.5626279605708997,0.4430264357338195,-0.018909711468876763,-41.48790696271562,83.32155182187773,24.0,-0.6496439245173374,-0.018918334228324497,inf
mom,4h,24,1,longonly,1,real,13164,2193,6.002735978112175,0.8140572726200174,1.0586707123632146,0.6294500732671808,0.49127690162992,0.44583713157095106,-0.08046667800383545,-1059.2633492424898,1155.9121080972118,4.0,-3.257486936910734,-0.4830202230927906,inf
mom,4h,24,1,longonly,3,real,4388,2193,2.0009119927040584,0.9320907319320669,1.0802871813402504,0.8050488077319651,0.6965506405698546,0.47014585232452144,-0.028332762990050595,-124.32416400034201,243.36856960162805,12.0,-0.6571630459937973,-0.05669136525323393,inf
mom,4h,24,1,longonly,6,real,2194,2193,1.0004559963520292,0.9864304575368325,1.0905255568165155,0.8925238358073458,0.8079923733723996,0.4813126709206928,-0.005716823835253282,-12.5427114945457,112.17199048103797,24.0,-0.09169997418324295,-0.005719430686067351,inf
mom,4h,24,2,spread,1,real,13164,2193,6.002735978112175,0.4192724507801994,1.1066862062771023,0.17897880058109206,0.08681907481038831,0.32444545730780916,-0.09772112773765777,-1286.400925538527,1286.4009255385267,4.0,-14.111805718309752,-0.586594129292534,inf
mom,4h,24,2,spread,3,real,4388,2193,2.0009119927040584,0.6671913883369862,1.1585961492682357,0.3961534051720557,0.24669504319874982,0.402461257976299,-0.046247410026735686,-202.9336351973162,231.46536068012844,12.0,-3.8637364375121916,-0.09253699735399736,inf
mom,4h,24,2,spread,6,real,2194,2193,1.0004559963520292,0.808258534746228,1.1839994190666485,0.5580084115083388,0.39173477619848335,0.43618960802187784,-0.02480307346735363,-54.417943187373865,84.42412634592071,24.0,-1.334351482153966,-0.024814383578373855,inf
mom,4h,24,2,longonly,1,real,13164,2193,6.002735978112175,0.7757238493732369,1.0599618574912204,0.5708683085427638,0.42413432459646977,0.45069887572166517,-0.08892731548030397,-1170.6391809827214,1255.098803268731,4.0,-4.089375664171254,-0.5338071960705524,inf
mom,4h,24,2,longonly,3,real,4388,2193,2.0009119927040584,0.9096576600007377,1.0838965445340965,0.7636941785362228,0.6423065716016629,0.48997265268915224,-0.0340871076451186,-149.57422834678042,253.01910712092655,12.0,-0.8914071796847435,-0.068205302483712,inf
mom,4h,24,2,longonly,6,real,2194,2193,1.0004559963520292,1.0005692059240698,1.1283602730958435,0.8870551700791295,0.7866951426449919,0.5045578851412944,0.00021027583684270936,0.4613451860329043,85.47547166684123,24.0,0.003851455500436405,0.0002103717218572295,406306.8501423868
mom,4h,48,1,spread,1,real,13164,2193,6.002735978112175,0.5756474538084854,1.0989346858180096,0.31825005053334954,0.18876595859566667,0.37108781525372225,-0.08748061308876007,-1151.5947907004374,1159.986644990217,4.0,-8.657827573825108,-0.5251230235752109,inf
mom,4h,48,1,spread,3,real,4388,2193,2.0009119927040584,0.8018287306758725,1.148086963849313,0.5670099570792326,0.4083020934801538,0.43117593436645396,-0.03644039229516685,-159.90044139119215,186.6112246233236,12.0,-1.8605300740144743,-0.07291401796223992,inf
mom,4h,48,1,spread,6,real,2194,2193,1.0004559963520292,0.9222734638093444,1.1802911166913344,0.7248364551836025,0.573840698254529,0.44758432087511396,-0.013780130858282526,-30.23360710307186,57.09083142530436,24.0,-0.482741858593022,-0.013786414547684388,inf
mom,4h,48,1,longonly,1,real,13164,2193,6.002735978112175,0.8174723817040246,1.0658354099983642,0.6300595198109612,0.49001627551602767,0.4535855363111516,-0.07716905215646802,-1015.853402587745,1113.6287079963722,4.0,-3.2256540413298453,-0.46322544577644553,inf
mom,4h,48,1,longonly,3,real,4388,2193,2.0009119927040584,0.9536314220593682,1.1066618397054169,0.8227035916009376,0.7110227635527927,0.4760711030082042,-0.018754656031463396,-82.29543066606138,185.5867239253422,12.0,-0.44665458195516744,-0.03752641617239461,inf
mom,4h,48,1,longonly,6,real,2194,2193,1.0004559963520292,1.028310914071172,1.1377673213202486,0.9297645725773156,0.8411998390855354,0.4826800364630811,0.01146495384296889,25.154108731473745,58.680428410710356,24.0,0.18890498596452576,0.011470181820097467,5115.910918508153
mom,4h,48,2,spread,1,real,13164,2193,6.002735978112175,0.41540271497395764,1.1128088604815327,0.17468118172263708,0.08397039840545037,0.32307809176542085,-0.09732307336027372,-1281.1609377146433,1281.1609377146385,4.0,-14.11200147839199,-0.5842047139601657,inf
mom,4h,48,2,spread,3,real,4388,2193,2.0009119927040584,0.66945223159972,1.1627568986021426,0.39563717843171514,0.2436249494418346,0.4088422971741112,-0.04583314564580963,-201.11584309381263,215.75705412387245,12.0,-3.6449607327845284,-0.09170809078605227,inf
mom,4h,48,2,spread,6,real,2194,2193,1.0004559963520292,0.7998860143383407,1.1646222089391893,0.5546176926919534,0.39010071485301245,0.4380127620783956,-0.026488356450499448,-58.11545405239579,70.67960398814729,24.0,-1.4314853405203976,-0.026500435044412126,inf
mom,4h,48,2,longonly,1,real,13164,2193,6.002735978112175,0.778430360493327,1.0660608773787459,0.5713399374340724,0.423237244355934,0.4522941355211182,-0.0867013531997859,-1141.3366135219817,1220.5603231197792,4.0,-4.039013448939373,-0.520445332203366,inf
mom,4h,48,2,longonly,3,real,4388,2193,2.0009119927040584,0.9160279511340569,1.0930972859762973,0.7679444186875499,0.6448801287300968,0.49111212397447584,-0.03114034396655444,-136.6438293252409,226.44188922797142,12.0,-0.8324644542410473,-0.062309087699608245,inf
mom,4h,48,2,longonly,6,real,2194,2193,1.0004559963520292,0.9979010358904443,1.1254786523511076,0.8847371888448016,0.784735477770941,0.5059252506836828,-0.0007748253297787512,-1.6999667735345803,73.13263649607168,24.0,-0.014356355011681974,-0.0007751786473025902,inf
mom,1d,3,1,spread,1,real,2109,2108,1.0004743833017078,0.8757105524549912,1.1120059464990522,0.6926045158740614,0.5515824778903213,0.4490279753437648,-0.021027243769019925,-44.34645710886302,64.53087539974021,24.0,-0.8241046470769879,-0.021037218742344887,inf
mom,1d,3,1,spread,3,real,703,2106,0.33380816714150047,1.1132027611485196,1.2750503350861757,0.9728875797463182,0.8519284321622141,0.4793741109530583,0.017374459444547168,12.21424498951666,8.207925243417437,72.0,0.3741561435892447,0.005799736462258623,1415.2238290187724
mom,1d,3,1,spread,7,real,301,2100,0.14333333333333334,1.4293255874026283,1.5700477373687767,1.3015093991424362,1.1854348717173053,0.5249169435215947,0.055213350655590236,16.61921854733266,4.45465790933938,168.0,0.8015450453625033,0.007913913593967934,562.8893791227094
mom,1d,3,1,longonly,1,real,2109,2108,1.0004743833017078,0.9814642043219469,1.0821339363155877,0.8904366226324637,0.8082713585266513,0.48885727833096254,-0.0073998686425271335,-15.606322967089724,85.54988423093558,24.0,-0.12173437148372734,-0.00740337901664598,inf
mom,1d,3,1,longonly,3,real,703,2106,0.33380816714150047,1.1435271528809008,1.2118373584008377,1.079119092312586,1.0184864883515925,0.4950213371266003,0.051908636046507306,36.49177114069464,29.34260605163788,72.0,0.48832538340373016,0.017327526657499828,1693.4099500541006
mom,1d,3,1,longonly,7,real,301,2100,0.14333333333333334,1.3616741761550368,1.4125012147961027,1.3128105830456593,1.2656944771114282,0.521594684385382,0.12478108367793952,37.5591061870598,14.552916125162891,168.0,0.7221179975456113,0.017885288660504664,813.6808078082345
mom,1d,3,2,spread,1,real,2109,2108,1.0004743833017078,0.7673735012411848,1.0988811234863187,0.5392627890745436,0.38423469919781994,0.44049312470365104,-0.02914135929567696,-61.45912675458271,72.03877846034831,24.0,-1.639936086412777,-0.0291551834699159,inf
mom,1d,3,2,spread,3,real,703,2106,0.33380816714150047,0.9344922028907858,1.1453615753208226,0.7655733678314551,0.6302311268761454,0.4466571834992888,-0.007639252022923728,-5.370394172115381,10.349060543856865,72.0,-0.2411739055396973,-0.0025500447161041695,inf
mom,1d,3,2,spread,7,real,301,2100,0.14333333333333334,1.210295061703692,1.3943421491304424,1.0517079323742828,0.9156259476248118,0.4950166112956811,0.02034814689253658,6.12479221465351,3.881347063809905,168.0,0.450639299281068,0.0029165677212635763,1330.792710730662
mom,1d,3,2,longonly,1,real,2109,2108,1.0004743833017078,0.9772895767717128,1.0970602270575236,0.8704886439376777,0.775586169666129,0.5040303461356093,-0.007971355696842406,-16.811589164640633,79.40598273285497,24.0,-0.15419490055142757,-0.00797513717487696,inf
mom,1d,3,2,longonly,3,real,703,2106,0.33380816714150047,1.095497353501259,1.172980961984556,1.0229604156565943,0.955187656196191,0.5291607396870555,0.030946424339931885,21.755336310972115,23.98376593712177,72.0,0.3595254747404539,0.010330169188495782,2321.720535209757
mom,1d,3,2,longonly,7,real,301,2100,0.14333333333333334,1.294027683228041,1.3505516634371917,1.2400169012212179,1.1882972251061665,0.5149501661129569,0.09276279405839825,27.921601011577874,13.689912788875056,168.0,0.6596321442977694,0.013296000481703749,1029.6263758198083
mom,1d,6,1,spread,1,real,2109,2108,1.0004743833017078,0.961379366339384,1.212958149893562,0.766577494485859,0.6164700734464104,0.4442863916548127,-0.006458386060841093,-13.620736202313864,52.6065468517241,24.0,-0.24101671047469286,-0.006461449811344338,inf
mom,1d,6,1,spread,3,real,703,2106,0.33380816714150047,1.2020956617791836,1.3718966762668565,1.0553291489375536,0.9283193227530839,0.4793741109530583,0.03103380842123805,21.81676732013035,8.861636227779748,72.0,0.6536122173548571,0.010359338708513936,855.424895075273
mom,1d,6,1,spread,7,real,301,2100,0.14333333333333334,1.4706325818917796,1.6102402878650346,1.3440234170567433,1.2291548140209525,0.5182724252491694,0.062323636941362025,18.75941471934997,5.559035378054013,168.0,0.8705739328143416,0.00893305462826189,622.2994943372062
mom,1d,6,1,longonly,1,real,2109,2108,1.0004743833017078,1.050992509734824,1.1572001618685808,0.9548974714333373,0.8681202629757313,0.4902797534376482,0.01990634607680461,41.98248387598092,51.55653249534343,24.0,0.32080690996296013,0.01991578931498146,2588.726546557737
mom,1d,6,1,longonly,3,real,703,2106,0.33380816714150047,1.164442732664682,1.232249190821539,1.1004712950152962,1.0402050180063522,0.49644381223328593,0.060233235618300816,42.34396463966547,26.78850737837161,72.0,0.5495398112075823,0.02010634598274714,1332.3409137273527
mom,1d,6,1,longonly,7,real,301,2100,0.14333333333333334,1.363068005878275,1.413952327673432,1.3141571768231604,1.2671567666826649,0.4950166112956811,0.12612437952877312,37.963438238160705,15.823776719933056,168.0,0.7350536356328435,0.018077827732457478,875.3140562083446
mom,1d,6,2,spread,1,real,2109,2108,1.0004743833017078,0.8068047512563615,1.1627665161215768,0.5664401675885012,0.40439186429063273,0.4262683736367947,-0.023274660147883822,-49.08625825188698,57.62000793437235,24.0,-1.381853840579917,-0.023285701258010903,inf
mom,1d,6,2,spread,3,real,703,2106,0.33380816714150047,1.0413047857584412,1.2771244014015999,0.8514594909043386,0.6995504064994555,0.47652916073968704,0.004555176488989553,3.202289071759656,5.826647059822947,72.0,0.14900964971326047,0.001520555114795658,3831.920989332879
mom,1d,6,2,spread,7,real,301,2100,0.14333333333333334,1.199857351729477,1.3779967135747142,1.045821182467678,0.9129811984703767,0.49169435215946844,0.019870398277009912,5.980989881379983,4.0229758413474945,168.0,0.44183578832628684,0.0028480904197047538,1412.5168967650034
mom,1d,6,2,longonly,1,real,2109,2108,1.0004743833017078,0.9968304073939293,1.1183015918079786,0.8886048070439596,0.7924298724951132,0.5040303461356093,-0.0011019273822975668,-2.3239648492655682,64.03632932436301,24.0,-0.021302447495596465,-0.0011024501182474232,inf
mom,1d,6,2,longonly,3,real,703,2106,0.33380816714150047,1.151491178956727,1.231682273429729,1.0764766934511942,1.0064090250291329,0.5263157894736842,0.04843538820098249,34.05007790529069,23.967608085605242,72.0,0.5489466518366916,0.016168128160157023,1482.3984476241603
mom,1d,6,2,longonly,7,real,301,2100,0.14333333333333334,1.2725797110600712,1.326874519653294,1.2206800640638082,1.1710090447281707,0.5116279069767442,0.08820347697973129,26.549246570899115,14.560608126897478,168.0,0.6229178665231679,0.012642498367094817,1151.7192017042303
mom,1d,12,1,spread,1,real,2109,2108,1.0004743833017078,0.9386981887118947,1.1931478060456295,0.7428893725218508,0.5928844868467121,0.44096728307254623,-0.010061220104835197,-21.219113201097432,47.01695451781691,24.0,-0.38418444099806404,-0.010065992979647739,inf
mom,1d,12,1,spread,3,real,703,2106,0.33380816714150047,1.0963818747420881,1.244908061929253,0.9665846158954632,0.8534805965863499,0.47652916073968704,0.015958385555153633,11.218745045273003,9.023719856659252,72.0,0.31963050894863576,0.0053270394327032304,1693.9465101875778
mom,1d,12,1,spread,7,real,301,2100,0.14333333333333334,1.4650794915829224,1.6039231268362608,1.3394618259119009,1.2251634363772144,0.5083056478405316,0.061647470997942856,18.5558887703808,3.5260193494335503,168.0,0.8264404727655278,0.008836137509705144,399.04532331697624
mom,1d,12,1,longonly,1,real,2109,2108,1.0004743833017078,1.0284456219897309,1.1309358275805905,0.9355655047883251,0.8515955227641014,0.4864864864864865,0.011255467078879559,23.73778006935699,68.88378125488697,24.0,0.18085101160639067,0.011260806484514701,6117.126810554156
mom,1d,12,1,longonly,3,real,703,2106,0.33380816714150047,1.15622374647487,1.222971429290546,1.0931747804547272,1.0337324113064994,0.49644381223328593,0.05718676548869235,40.20229613855072,25.968187411141713,72.0,0.5274162559835907,0.019089409372531205,1360.345252405177
mom,1d,12,1,longonly,7,real,301,2100,0.14333333333333334,1.4125767374693088,1.4631102551917252,1.3639605816623568,1.3171065170262763,0.5049833887043189,0.14355352310486155,43.209610454563325,14.084558600878658,168.0,0.8204581554015982,0.02057600497836349,684.513763273733
mom,1d,12,2,spread,1,real,2109,2108,1.0004743833017078,0.8291729092281118,1.1926134138744584,0.5843119761252997,0.4190619822280286,0.42579421526789946,-0.02051273128497975,-43.26135028002229,62.66568640470659,24.0,-1.1563186802452368,-0.020522462182173764,inf
mom,1d,12,2,spread,3,real,703,2106,0.33380816714150047,1.042116588992447,1.27327901392838,0.8562329249711026,0.7063571402957647,0.4623044096728307,0.004754676596919448,3.342537647634372,8.355205046270695,72.0,0.15094994441165327,0.0015871498801682679,5264.282315533354
mom,1d,12,2,spread,7,real,301,2100,0.14333333333333334,1.506463193504164,1.7244046174774539,1.317156077723322,1.1532015263462707,0.53156146179402,0.04582168852114257,13.792328244863914,3.241081495516804,168.0,0.9733946875194505,0.006567775354697102,493.4823925119282
mom,1d,12,2,longonly,1,real,2109,2108,1.0004743833017078,1.0110886453173829,1.1333616898175831,0.9020000465441923,0.8049417042096297,0.5021337126600285,0.0038660645178602415,8.15353006816725,59.90587558451389,24.0,0.0745946001871037,0.0038678985143108394,15487.964682337997
mom,1d,12,2,longonly,3,real,703,2106,0.33380816714150047,1.158817066650391,1.2388449677816111,1.0837509201338285,1.0134915035701297,0.5334281650071123,0.05072382094372412,35.65884612343806,23.347116183963568,72.0,0.5893432936436154,0.016932025699638205,1378.8731837598402
mom,1d,12,2,longonly,7,real,301,2100,0.14333333333333334,1.350713888739089,1.4077058264174673,1.2961594258765625,1.2439295403369692,0.521594684385382,0.11112235339284227,33.44782837124552,13.886482960838283,168.0,0.7823099381387271,0.015927537319640726,871.8537387267297
mom,1d,24,1,spread,1,real,2109,2108,1.0004743833017078,0.8903763339792147,1.1290602602432505,0.7055007434374593,0.5634534423711705,0.44523470839260315,-0.018330887555496476,-38.659841854542066,62.376200127562896,24.0,-0.6691169693847454,-0.018339583422458287,inf
mom,1d,24,1,spread,3,real,703,2106,0.33380816714150047,1.0516140164537569,1.2013628191794898,0.9215135270581503,0.8086333394902422,0.4779516358463727,0.008185998062911577,5.754756638226838,12.88043796708738,72.0,0.1822216701583244,0.0027325530096043867,4713.701041412617
mom,1d,24,1,spread,7,real,301,2100,0.14333333333333334,1.3995105233470142,1.5379197683039327,1.2739609550904356,1.1600235834774315,0.5249169435215947,0.05092713685488729,15.329068193321074,6.106423264436956,168.0,0.7662129411553739,0.007299556282533845,836.5471856211616
mom,1d,24,1,longonly,1,real,2109,2108,1.0004743833017078,0.9870060146582039,1.0876062595888152,0.8960713575081911,0.814041858501483,0.4793741109530583,-0.00501345418787657,-10.573374882231686,70.91483401333338,24.0,-0.08497632273994565,-0.005015832486827175,inf
mom,1d,24,1,longonly,3,real,703,2106,0.33380816714150047,1.1151183458322553,1.1813594942073586,1.0528329794487836,0.9942802258364472,0.48364153627311524,0.04068751355899847,28.603322031975924,33.74224428804969,72.0,0.4097464530882889,0.013581824326674229,2484.3675986723742
mom,1d,24,1,longonly,7,real,301,2100,0.14333333333333334,1.2769852394799952,1.3247980500657686,1.2310595604086747,1.187029895660369,0.4717607973421927,0.09555216775979973,28.76120249569972,15.68953579951996,168.0,0.5809416742894387,0.013695810712237962,1145.57189268836
mom,1d,24,2,spread,1,real,2109,2108,1.0004743833017078,0.8565103905700935,1.2197172661794258,0.6079244021345688,0.43878304391800826,0.4442863916548127,-0.017295827544345044,-36.476900291023696,51.00685570390708,24.0,-0.9497112297022232,-0.0173040323961213,inf
mom,1d,24,2,spread,3,real,703,2106,0.33380816714150047,1.1087023618276057,1.346113876323095,0.9150499059073671,0.757138781368592,0.4879089615931721,0.012144253263146844,8.537410043992232,6.818684416362412,72.0,0.37690117513854543,0.0040538509230732345,1682.0264350503423
mom,1d,24,2,spread,7,real,301,2100,0.14333333333333334,1.281671287168923,1.4574431335036377,1.1280360403290937,0.993851110884421,0.5116279069767442,0.02896058637369135,8.717136498481096,4.597704001866543,168.0,0.6133348685481371,0.004151017380229094,1107.6089499805457
mom,1d,24,2,longonly,1,real,2109,2108,1.0004743833017078,1.0147000087655278,1.1380688184922054,0.9047823722851697,0.8071529844727748,0.5002370791844476,0.00504157312063221,10.63267771141333,58.22025972390342,24.0,0.0984910905201395,0.005043964758734976,11542.558782370445
mom,1d,24,2,longonly,3,real,703,2106,0.33380816714150047,1.1753370490243196,1.2568950026029375,1.0987969098519255,1.0270910025866593,0.5462304409672831,0.054773664329086466,38.505886023347784,24.04256749241219,72.0,0.6423094655979653,0.018283896497316137,1314.9586301771812
mom,1d,24,2,longonly,7,real,301,2100,0.14333333333333334,1.3122254689692048,1.368007037451506,1.2588658481583856,1.207833199213286,0.5116279069767442,0.09945136056116587,29.934859528910927,14.929710241476371,168.0,0.7018276494626716,0.014254695013767108,1047.3538877581973
mom,1d,48,1,spread,1,real,2109,2108,1.0004743833017078,0.8130434949168271,1.0297264074022319,0.644242802934528,0.5141663641771955,0.44950213371266,-0.03227141739918885,-68.06041929488929,75.69355900707619,24.0,-1.26424396114407,-0.03228672642072547,inf
mom,1d,48,1,spread,3,real,703,2106,0.33380816714150047,0.9625971509519364,1.0957045929388896,0.8457597406975513,0.7435217741586736,0.48364153627311524,-0.006245986919270948,-4.390928804247476,11.196318300379948,72.0,-0.14231086212503394,-0.002084961445511622,inf
mom,1d,48,1,spread,7,real,301,2100,0.14333333333333334,1.0968785524856304,1.2013486173316466,1.0020572640638947,0.9158565727679269,0.46511627906976744,0.014379763802866291,4.328308904662753,5.905000144967744,168.0,0.21958681012900289,0.002061099478410835,2864.9758086983084
mom,1d,48,1,longonly,1,real,2109,2108,1.0004743833017078,0.9647760439632749,1.0627489875206513,0.8760244493165024,0.7958519899835341,0.48885727833096254,-0.013253315116792038,-27.951241581314406,80.55715737323145,24.0,-0.22756431661887913,-0.013259602268175715,inf
mom,1d,48,1,longonly,3,real,703,2106,0.33380816714150047,1.054329816651373,1.1157729656346123,0.9963915096873404,0.9418024990213815,0.48933143669985774,0.019337368721650858,13.594170211320552,32.77534105089853,72.0,0.19700173849875877,0.006454971610313652,5077.53450046637
mom,1d,48,1,longonly,7,real,301,2100,0.14333333333333334,1.1504498558196232,1.1936263431303542,1.1090072414797696,1.0691944703159946,0.4684385382059801,0.05282772819521043,15.90114618675834,20.846546433194412,168.0,0.34282820107091655,0.007571974374646828,2753.1189887534106
mom,1d,48,2,spread,1,real,2109,2108,1.0004743833017078,0.7681248454732122,1.0972434293895192,0.5432000190140251,0.39148571237772395,0.42911332385016593,-0.02906705355454429,-61.30241594653391,68.70899591717166,24.0,-1.6935261951944376,-0.029080842479380413,inf
mom,1d,48,2,spread,3,real,703,2106,0.33380816714150047,0.9299148384861159,1.1326075597097363,0.7651676521719724,0.631119227910121,0.4694167852062589,-0.008379381382897517,-5.8907051121769545,13.218122650741147,72.0,-0.2841641863152464,-0.002797105941204632,inf
mom,1d,48,2,spread,7,real,301,2100,0.14333333333333334,0.8841400140965093,1.0083601161333133,0.7763592285195557,0.6830041469603576,0.45182724252491696,-0.013925867526277917,-4.191686125409653,6.878069299799823,168.0,-0.30420231671939296,-0.0019960410120998346,inf
mom,1d,48,2,longonly,1,real,2109,2108,1.0004743833017078,0.973132478392529,1.092633643341143,0.8666475282485318,0.7721711019812153,0.5007112375533428,-0.00917548595064311,-19.351099869906317,73.07363142732015,24.0,-0.18213176033022552,-0.00917983864796315,inf
mom,1d,48,2,longonly,3,real,703,2106,0.33380816714150047,1.0697794173590685,1.1443601777574381,0.9998401754347674,0.934355613220743,0.5248933143669986,0.022545579911677157,15.849542677909042,25.890525259678668,72.0,0.26918588172615104,0.007525898707459185,3440.1905029651343
mom,1d,48,2,longonly,7,real,301,2100,0.14333333333333334,1.1598346751665287,1.209849539420023,1.112049987255662,1.066408409776718,0.48172757475083056,0.05262557969608689,15.840299488522152,15.13177533071009,168.0,0.3789308593165239,0.00754299975643912,2006.0686489871316
rvol,1h,3,1,spread,1,real,52942,2206,23.99909338168631,0.23418542842428158,1.0162086041429905,0.0772689721800236,0.03360525686358398,0.23850628990215708,-0.22997822676459864,-12175.507281371381,12177.184431054868,1.0,-46.86330202067735,-5.519268939878232,inf
rvol,1h,3,1,spread,4,real,13235,2206,5.999546690843155,0.46833851707634544,1.0035068196132304,0.23591563087324235,0.13130941944753058,0.35239894219871554,-0.11550130633923743,-1528.6597893998073,1531.4833118974968,4.0,-11.380542393034752,-0.6929554802356335,inf
rvol,1h,3,1,spread,12,real,4411,2205,2.000453514739229,0.6392160079948219,0.9847862707416026,0.4204706522041284,0.2824729365249737,0.4137383813194287,-0.06948496983048376,-306.4982019222639,306.8161522778585,12.0,-3.530299283141279,-0.13900145211894055,inf
rvol,1h,3,1,longonly,1,real,52942,2206,23.99909338168631,0.5466933963324297,1.0194382969133278,0.30731598016293465,0.18389745844873503,0.38374069736692984,-0.2301527085527906,-12184.74469620184,12190.04854928781,1.0,-19.10393402083549,-5.523456344606455,inf
rvol,1h,3,1,longonly,4,real,13235,2206,5.999546690843155,0.7613181836363848,1.0413540545191173,0.5609129429292035,0.4182747696893154,0.44064979221760486,-0.10260964098245016,-1358.038598402728,1374.4254574204801,4.0,-4.348265303940831,-0.6156113320048631,inf
rvol,1h,3,1,longonly,12,real,4411,2205,2.000453514739229,0.8845559078696718,1.0521437306409163,0.7445789026733067,0.6281560790509,0.4688279301745636,-0.048150945329230185,-212.39381984723434,265.8397828364001,12.0,-1.1481967375693962,-0.09632372782187498,inf
rvol,1h,3,2,spread,1,real,52942,2206,23.99909338168631,0.13700221743863875,1.02242215728714,0.033858423771713275,0.012287328022490157,0.17458728419780137,-0.2321903555042815,-12292.62180110767,12292.938177589996,1.0,-64.41593675964069,-5.572358024074194,inf
rvol,1h,3,2,spread,4,real,13235,2206,5.999546690843155,0.3458298682825857,1.0156130919719537,0.13562611406879507,0.061277108410923764,0.30442009822440497,-0.11555806365808377,-1529.4109725147387,1529.5934590883137,4.0,-17.07292784447361,-0.6932959984200991,inf
rvol,1h,3,2,spread,12,real,4411,2205,2.000453514739229,0.5455351724193993,1.0135425261592053,0.3019212672902886,0.17467994451246122,0.38834731353434593,-0.06640227359800172,-292.90042884078554,292.9617058033387,12.0,-5.371404911491912,-0.13283466160579843,inf
rvol,1h,3,2,longonly,1,real,52942,2206,23.99909338168631,0.5138059833442213,1.0177089098294367,0.27195705205701926,0.1532461523407791,0.38056741339579164,-0.23244190527426117,-12305.939349029935,12306.55504467989,1.0,-21.084991144164704,-5.578394990494077,inf
rvol,1h,3,2,longonly,4,real,13235,2206,5.999546690843155,0.7311379087934938,1.0283357742958399,0.5230237991605259,0.3785758776347487,0.4501700037778617,-0.10899122035859747,-1442.4988014460375,1462.2304442311427,4.0,-5.031751745108792,-0.6538979154333806,inf
rvol,1h,3,2,longonly,12,real,4411,2205,2.000453514739229,0.8669502367820603,1.0463618528499228,0.71895986913712,0.5975517921839331,0.4772160507821356,-0.05218893965669605,-230.20541282568627,284.87100019538207,12.0,-1.3400488893104534,-0.10440154776675115,inf
rvol,1h,6,1,spread,1,real,52942,2206,23.99909338168631,0.24366288790544907,1.0043141231135413,0.08304321779737091,0.03669268646083496,0.24069736692984775,-0.22903489748257225,-12125.56554252234,12126.683982222163,1.0,-43.15786963442411,-5.496629892349202,inf
rvol,1h,6,1,spread,4,real,13235,2206,5.999546690843155,0.4824198540229692,0.996247697390124,0.25141318993827655,0.143371514303788,0.3505855685681904,-0.1153655208209043,-1526.8626680646685,1528.8895278276113,4.0,-11.519838828056326,-0.6921408286784535,inf
rvol,1h,6,1,spread,12,real,4411,2205,2.000453514739229,0.6456744540171326,0.9976360774105657,0.42552093561582377,0.28780597685978104,0.4071639084107912,-0.06702948071171057,-295.6670394193553,295.8914628079745,12.0,-4.035983583774645,-0.13408936028088678,inf
rvol,1h,6,1,longonly,1,real,52942,2206,23.99909338168631,0.555559192982622,1.009632344888235,0.31883320745429067,0.1937187821981498,0.38782063390125043,-0.22797801184480745,-12069.611903087796,12074.11184540396,1.0,-18.528246669229944,-5.471265595234722,inf
rvol,1h,6,1,longonly,4,real,13235,2206,5.999546690843155,0.7705276408716599,1.0409014345414216,0.5744390978227496,0.4331241631789954,0.4438231960710238,-0.09982979630786468,-1321.247354134589,1341.1712477415722,4.0,-4.175267923145303,-0.5989335240863957,inf
rvol,1h,6,1,longonly,12,real,4411,2205,2.000453514739229,0.8722605309919509,1.0327101789997273,0.7375033807185533,0.6250023092687629,0.4735887553842666,-0.05362478464526203,-236.53892507025083,284.00988744007503,12.0,-1.2747339291167827,-0.10727388892074867,inf
rvol,1h,6,2,spread,1,real,52942,2206,23.99909338168631,0.1406627588919185,1.0294470365691957,0.034925308419904856,0.012721030461258937,0.17709946734161913,-0.2304196598469643,-12198.877631617985,12199.483380896781,1.0,-64.19670594285049,-5.529862933643692,inf
rvol,1h,6,2,spread,4,real,13235,2206,5.999546690843155,0.3461337779001478,0.9974520196449925,0.13954699988092492,0.0651591838592428,0.3045712126936154,-0.11704243816410402,-1549.0566691019167,1550.8030524419582,4.0,-17.059765678088485,-0.7022015725756648,inf
rvol,1h,6,2,spread,12,real,4411,2205,2.000453514739229,0.5488314313450657,1.0146551583426546,0.30693435262352314,0.18074419511620685,0.38585354794831106,-0.06600372498027046,-291.142430887973,291.8453139524599,12.0,-5.33305789493018,-0.13203738362266348,inf
rvol,1h,6,2,longonly,1,real,52942,2206,23.99909338168631,0.5231875374290916,1.0223642277961906,0.2796730215822244,0.1590260162543123,0.38587510860942165,-0.22751268166918331,-12044.976392929902,12046.010332945816,1.0,-20.55573604368869,-5.460098092896601,inf
rvol,1h,6,2,longonly,4,real,13235,2206,5.999546690843155,0.7367818626698579,1.0301825232440855,0.5299884845312465,0.38559641833675157,0.4494144314318096,-0.10693839256712673,-1415.3296256259223,1441.0691323091596,4.0,-4.9231640482593395,-0.6415818792501914,inf
rvol,1h,6,2,longonly,12,real,4411,2205,2.000453514739229,0.8724958814425403,1.0488052682046771,0.7263585332621688,0.605894358168921,0.4819768759918386,-0.05008784844277848,-220.93749948109587,283.55435289445325,12.0,-1.2776599121681427,-0.10019841246308203,inf
rvol,1h,12,1,spread,1,real,52942,2206,23.99909338168631,0.2492191396930456,1.0080018882582618,0.08659550892094793,0.03903552476916839,0.24124513618677043,-0.2283604609713749,-12089.859524746531,12091.594682748211,1.0,-42.53045332694565,-5.480444027536959,inf
rvol,1h,12,1,spread,4,real,13235,2206,5.999546690843155,0.47780113486297493,0.9981349163468746,0.245687128565754,0.13752347188827274,0.3486966377030601,-0.11522540482575065,-1525.00823286881,1529.8987021804894,4.0,-11.32816047883817,-0.6913001962233952,inf
rvol,1h,12,1,spread,12,real,4411,2205,2.000453514739229,0.6578227572885933,1.001989750303676,0.4387332338004559,0.29963046808406696,0.4139650872817955,-0.06642958720700666,-293.0209091701064,293.2654878233527,12.0,-3.3194704979178367,-0.1328893012109326,inf
rvol,1h,12,1,longonly,1,real,52942,2206,23.99909338168631,0.5649465793715058,1.0168832919715485,0.3271579589606202,0.20058039483013648,0.38876506365456537,-0.22544969454206742,-11935.757728446133,11942.838625697681,1.0,-17.95390500018879,-5.410588272187731,inf
rvol,1h,12,1,longonly,4,real,13235,2206,5.999546690843155,0.771015047291409,1.0405151903522971,0.5751250653705915,0.4338116615352692,0.4461654703437854,-0.10047464572297277,-1329.7819361435445,1353.9690831731536,4.0,-4.183599972155283,-0.6028023282608996,inf
rvol,1h,12,1,longonly,12,real,4411,2205,2.000453514739229,0.8961942908334989,1.058512980852889,0.7594664203831155,0.6449169582179552,0.47834958059396965,-0.043674778522577,-192.64944806308714,270.19700385206534,12.0,-1.0202551749137936,-0.08736936420094654,inf
rvol,1h,12,2,spread,1,real,52942,2206,23.99909338168631,0.1425666638758918,1.0263691236171277,0.03615893537506007,0.013188084868840788,0.17675947263042574,-0.23083839083046676,-12221.04608734657,12221.834960513466,1.0,-64.41275230046874,-5.539912097618572,inf
rvol,1h,12,2,spread,4,real,13235,2206,5.999546690843155,0.3582269064247156,1.018063021005141,0.14522161547094836,0.068173795168122,0.30691348696637705,-0.11485494153183552,-1520.105151173843,1522.9901164545324,4.0,-16.522044697425592,-0.6890775843943078,inf
rvol,1h,12,2,spread,12,real,4411,2205,2.000453514739229,0.5522929014843034,1.020085226875066,0.3087152666499748,0.18091776441395224,0.38517343006121063,-0.06551149702124574,-288.97121336071496,290.4086619971662,12.0,-5.180277751480583,-0.13105270447197956,inf
rvol,1h,12,2,longonly,1,real,52942,2206,23.99909338168631,0.5252090173657346,1.0197862125168273,0.2824107580129703,0.1612959803926427,0.3849873446413056,-0.2287104219351443,-12108.387158090409,12111.113092462423,1.0,-20.44929687951087,-5.488842773386405,inf
rvol,1h,12,2,longonly,4,real,13235,2206,5.999546690843155,0.7390884684599419,1.0286584167162263,0.5341589952023835,0.3901786090340356,0.44820551567812617,-0.10747146977392083,-1422.3849024578421,1451.2286974074752,4.0,-4.865119576381841,-0.6447801008421769,inf
rvol,1h,12,2,longonly,12,real,4411,2205,2.000453514739229,0.8797115854890005,1.0570560533963198,0.7322543813680508,0.6104156159432235,0.48764452505100886,-0.047143531941073395,-207.95011939207475,271.0421459938982,12.0,-1.1992503185099175,-0.09430844416874139,inf
rvol,1h,24,1,spread,1,real,52942,2206,23.99909338168631,0.2536901472611334,1.0295613453540013,0.0877383839978615,0.03931672573586906,0.2437195421404556,-0.22420645579786905,-11869.938182850783,11871.864979406577,1.0,-42.314588676616985,-5.3807516694699835,inf
rvol,1h,24,1,spread,4,real,13235,2206,5.999546690843155,0.49939263834040376,1.0318542287749346,0.25964178104202323,0.1482790268722526,0.3562523611635814,-0.10973577119956791,-1452.3529318262813,1455.6132285242315,4.0,-10.534923242051509,-0.6583648829674893,inf
rvol,1h,24,1,spread,12,real,4411,2205,2.000453514739229,0.7335471527208968,1.1196201929857075,0.48762855594163307,0.33285363256919165,0.43436862389480846,-0.048610755254215425,-214.42204142634424,217.47496354697185,12.0,-2.457842579895459,-0.09724355620242368,inf
rvol,1h,24,1,longonly,1,real,52942,2206,23.99909338168631,0.5688863432386941,1.0183887830110911,0.33084993558338716,0.2032783662811728,0.3899550451437422,-0.22452660061396806,-11886.887289704697,11892.105390849623,1.0,-17.77658730172757,-5.3884348548072065,inf
rvol,1h,24,1,longonly,4,real,13235,2206,5.999546690843155,0.7807454562524521,1.0477612785466037,0.5856986638933145,0.44408897273403475,0.4444276539478655,-0.09737934789985112,-1288.8156694545296,1324.2577676268338,4.0,-3.975280611226441,-0.5842319444490162,inf
rvol,1h,24,1,longonly,12,real,4411,2205,2.000453514739229,0.9295673727267058,1.097217010222804,0.7883305274364626,0.670076371921019,0.4837905236907731,-0.029162879908858904,-128.63746327797662,220.79483911292485,12.0,-0.6753296618922712,-0.05833898561359484,inf
rvol,1h,24,2,spread,1,real,52942,2206,23.99909338168631,0.1447515609546749,1.0468071653893134,0.036838761627618025,0.013634318482570374,0.17825167164066336,-0.22836609863399956,-12090.157993881205,12090.645640496441,1.0,-63.957096939108894,-5.480579326328742,inf
rvol,1h,24,2,spread,4,real,13235,2206,5.999546690843155,0.36053049167908024,1.0276390778102522,0.14724319610580605,0.0696638392989088,0.3050245561012467,-0.11366078348220543,-1504.3004693869889,1506.380528482465,4.0,-16.288775220083686,-0.6819131774193059,inf
rvol,1h,24,2,spread,12,real,4411,2205,2.000453514739229,0.5970009557553626,1.0931281645495987,0.33657818672676226,0.1996814646845537,0.3967354341419179,-0.057677765626212116,-254.41662417722165,254.51286460545552,12.0,-4.470688657230199,-0.11538168896926151,inf
rvol,1h,24,2,longonly,1,real,52942,2206,23.99909338168631,0.5300614298143534,1.0253632503818377,0.28591913877421327,0.1636712075223661,0.38595066298968683,-0.2267844867031216,-12006.424295036664,12008.792522188505,1.0,-20.114363804923414,-5.442622073906013,inf
rvol,1h,24,2,longonly,4,real,13235,2206,5.999546690843155,0.7403285178836894,1.030096750572552,0.5350438243620661,0.39067328139170016,0.4499433320740461,-0.10691915547123206,-1415.0750226617563,1440.3237168749188,4.0,-4.841198156117518,-0.6414664653951752,inf
rvol,1h,24,2,longonly,12,real,4411,2205,2.000453514739229,0.8963539244300005,1.07562890701994,0.747344901580782,0.6241864930400928,0.4883246429381093,-0.04053924929712493,-178.81862864961806,252.45387636727816,12.0,-1.0262236401833746,-0.08109688374132339,inf
rvol,1h,48,1,spread,1,real,52942,2206,23.99909338168631,0.26800650318124214,1.0689377574785175,0.09442843041514934,0.043197785875985224,0.24808280760077064,-0.21772410161536768,-11526.749387720796,11527.93399878096,1.0,-42.70821408994133,-5.2251810461109685,inf
rvol,1h,48,1,spread,4,real,13235,2206,5.999546690843155,0.5314229339275445,1.0952170758738322,0.27792952053395614,0.15968085536233179,0.3599546656592369,-0.1001173612342483,-1325.0532759352764,1328.0194104795228,4.0,-10.058213657158488,-0.6006587832888832,inf
rvol,1h,48,1,spread,12,real,4411,2205,2.000453514739229,0.7763022897567227,1.181389793034797,0.5185984311457847,0.355279490946636,0.43006121060983904,-0.03987543665506417,-175.89055108548806,183.94354315606162,12.0,-2.2791178461807493,-0.0797689574083846,inf
rvol,1h,48,1,longonly,1,real,52942,2206,23.99909338168631,0.5859852940472837,1.0364918315535856,0.3443777129363498,0.21363457038601183,0.39397831589286386,-0.21698239386488485,-11487.481895994733,11492.849459854875,1.0,-16.916870096294133,-5.20738073254521,inf
rvol,1h,48,1,longonly,4,real,13235,2206,5.999546690843155,0.7940429860023552,1.0599378853745482,0.5987647629017232,0.4562012916361797,0.4471477143936532,-0.09224677137139561,-1220.886019100421,1321.035060259371,4.0,-3.7200042218685696,-0.5534388119222217,inf
rvol,1h,48,1,longonly,12,real,4411,2205,2.000453514739229,0.9540993823970189,1.123850772401623,0.8107517258539654,0.6905510532145871,0.48877805486284287,-0.018957924731911165,-83.62340599246015,206.2511020381699,12.0,-0.43230747415870985,-0.03792444716211345,inf
rvol,1h,48,2,spread,1,real,52942,2206,23.99909338168631,0.1481338375511581,1.0643162738952037,0.03806072374226274,0.014147492022550973,0.17915832420384573,-0.22650780468075063,-11991.7761954083,11992.20877754289,1.0,-63.211357222785594,-5.435981956214098,inf
rvol,1h,48,2,spread,4,real,13235,2206,5.999546690843155,0.38009241159445323,1.0790296714268992,0.15555993454373376,0.07353968440044102,0.3113713638080846,-0.10835392351652692,-1434.0641777412338,1435.4360933447292,4.0,-15.67017064987508,-0.6500744232734514,inf
rvol,1h,48,2,spread,12,real,4411,2205,2.000453514739229,0.6296774944967173,1.1604270626396236,0.35354429171002927,0.2084189542020713,0.397868963953752,-0.05119346952041677,-225.81439405455836,225.8143940545582,12.0,-4.008097602335404,-0.10241015603381332,inf
rvol,1h,48,2,longonly,1,real,52942,2206,23.99909338168631,0.5348248204495513,1.0280096379147212,0.2901713265071239,0.1668259080441407,0.38715953307393,-0.22620445636887937,-11975.716329081211,11977.430675544027,1.0,-19.867844809817168,-5.428701871750323,inf
rvol,1h,48,2,longonly,4,real,13235,2206,5.999546690843155,0.7521935970122904,1.0425653585613242,0.5456842950343146,0.4001228194896431,0.4510766905931243,-0.10277570653392241,-1360.2364759764632,1388.0612032732313,4.0,-4.577553462595966,-0.6166076500346614,inf
rvol,1h,48,2,longonly,12,real,4411,2205,2.000453514739229,0.9098786821025602,1.0914305069846482,0.7588202493909114,0.6338694339758152,0.4919519383359782,-0.035185375241682464,-155.20269019106135,243.0247769247359,12.0,-0.8858716150072802,-0.07038670756964234,inf
rvol,4h,3,1,spread,1,real,13164,2193,6.002735978112175,0.5045557269594384,1.0259857355761561,0.2662211530215343,0.15325948364613312,0.35300820419325435,-0.10617388408048889,-1397.6730100355558,1397.6730100355583,4.0,-10.536635514787399,-0.6373337939058622,inf
rvol,4h,3,1,spread,3,real,4388,2193,2.0009119927040584,0.7310013262098423,1.0981417595201406,0.4939421721553492,0.34147572526354775,0.4273017319963537,-0.04915769749500078,-215.7039766080634,216.7207979838311,12.0,-2.8766678568996924,-0.0983602264514653,inf
rvol,4h,3,1,spread,6,real,2194,2193,1.0004559963520292,0.8218413309354825,1.0864585389372166,0.6242608436311936,0.47839337939821636,0.4603463992707384,-0.03215602052809071,-70.55030903863101,84.89836111771415,24.0,-1.163326545869973,-0.03217068355614729,inf
rvol,4h,3,1,longonly,1,real,13164,2193,6.002735978112175,0.7790534862195152,1.0515559263728322,0.581160682454652,0.4390483574993602,0.44340625949559404,-0.09430911297629518,-1241.4851632199498,1292.9226821579662,4.0,-3.9347488024062494,-0.5661127055266528,inf
rvol,4h,3,1,longonly,3,real,4388,2193,2.0009119927040584,0.9156294617452295,1.0853041848573526,0.7734776320888938,0.6548861146220346,0.4742479489516864,-0.034225789437633505,-150.1827640523358,241.76164450542032,12.0,-0.8166827685706135,-0.06848279254552476,inf
rvol,4h,3,1,longonly,6,real,2194,2193,1.0004559963520292,1.0066345475428229,1.1273340738794981,0.8990252281925263,0.8034007143691569,0.4981768459434822,0.002714652342981687,5.955947240501821,98.8856755363167,24.0,0.041293332310799076,0.002715890214547114,36410.04154242159
rvol,4h,3,2,spread,1,real,13164,2193,6.002735978112175,0.3786527828626428,1.0431340035828442,0.15736414021388137,0.07571416508201859,0.31069583713157095,-0.10643993198382751,-1401.1752646351053,1401.270886148847,4.0,-15.58531973107766,-0.6389308092271342,inf
rvol,4h,3,2,spread,3,real,4388,2193,2.0009119927040584,0.6464664221210213,1.151633111592123,0.3729345798655926,0.22409479024646212,0.4051959890610757,-0.04861912757088422,-213.34073178103995,213.8551426255615,12.0,-4.126335511901491,-0.09728259543139077,inf
rvol,4h,3,2,spread,6,real,2194,2193,1.0004559963520292,0.7458185950621009,1.1045804974549673,0.5096202822570797,0.3546469006794631,0.4284412032816773,-0.03411135483092453,-74.84031249904841,75.4477432242959,24.0,-1.8729316179694675,-0.0341269094842902,inf
rvol,4h,3,2,longonly,1,real,13164,2193,6.002735978112175,0.7507830083475522,1.0417625985297148,0.5439982213115028,0.398206375514654,0.44948343968398663,-0.09892092018975002,-1302.1949933778692,1334.090168910523,4.0,-4.589280910266098,-0.5937961666109755,inf
rvol,4h,3,2,longonly,3,real,4388,2193,2.0009119927040584,0.9115024161991672,1.095354515602765,0.7586123481197221,0.6323845787752909,0.4956700091157703,-0.03318741475287294,-145.62637593560646,221.02448102502152,12.0,-0.8701315019722626,-0.06640509618586705,inf
rvol,4h,3,2,longonly,6,real,2194,2193,1.0004559963520292,0.985439516117439,1.1128782958328451,0.8725861894996664,0.7728377884938676,0.5045578851412944,-0.005557720652783334,-12.193639112206634,76.11220336267974,24.0,-0.09639386163867414,-0.0055602549531266,inf
rvol,4h,6,1,spread,1,real,13164,2193,6.002735978112175,0.5273323206532262,1.0622081030379438,0.28083030063468506,0.16277728962514723,0.3556669705256761,-0.09934273590906129,-1307.7477755068828,1308.9297662133197,4.0,-10.004308490868269,-0.5963282150054185,inf
rvol,4h,6,1,spread,3,real,4388,2193,2.0009119927040584,0.8015692239456785,1.190750724533922,0.5481718417700163,0.38315954489383725,0.4282133090246126,-0.03511782487693491,-154.0970155599904,178.85367948027698,12.0,-2.037765781818949,-0.07026767695394,inf
rvol,4h,6,1,spread,6,real,2194,2193,1.0004559963520292,0.7782138714137091,1.0217883660786726,0.5953816967423369,0.459745430770514,0.4402917046490428,-0.04109340888541488,-90.15893909460024,99.84923386539457,24.0,-1.6232586692898596,-0.04111214732995907,inf
rvol,4h,6,1,longonly,1,real,13164,2193,6.002735978112175,0.7952945508189193,1.0579542964088127,0.6013081218533343,0.4595304342341443,0.4497872986934063,-0.08815885971071638,-1160.5232292318703,1246.6928803126455,4.0,-3.577175909737121,-0.5291943589748611,inf
rvol,4h,6,1,longonly,3,real,4388,2193,2.0009119927040584,0.9423926103117266,1.1049190094261647,0.8048887464807142,0.688995369528549,0.47356426618049224,-0.023595127024420442,-103.5354173831569,213.225101139237,12.0,-0.5449481790098464,-0.047211772632538486,inf
rvol,4h,6,1,longonly,6,real,2194,2193,1.0004559963520292,0.9607876375669027,1.0704604704178997,0.8625721714177719,0.7748870413086342,0.48951686417502277,-0.0164566494702112,-36.10588893764337,116.59883690057401,24.0,-0.2661056173630159,-0.01646415364233624,inf
rvol,4h,6,2,spread,1,real,13164,2193,6.002735978112175,0.38032337671111605,1.047085262276939,0.15849493114176066,0.07607399216424912,0.31115162564570037,-0.1051375008583761,-1384.030061299663,1384.0570775134343,4.0,-15.591230466789867,-0.6311126590513739,inf
rvol,4h,6,2,spread,3,real,4388,2193,2.0009119927040584,0.6761222629410734,1.188293063971881,0.3968916639710622,0.24290878153893655,0.4013217866909754,-0.04427544399444047,-194.2806482476048,196.268242032164,12.0,-3.5670006038641247,-0.08859126687077282,inf
rvol,4h,6,2,spread,6,real,2194,2193,1.0004559963520292,0.6968164450213847,1.030869948837008,0.47735338434680963,0.33293053579477017,0.41112123974475845,-0.04151990029879085,-91.09466125554712,98.2166114381638,24.0,-2.3944112664269035,-0.04153883322186371,inf
rvol,4h,6,2,longonly,1,real,13164,2193,6.002735978112175,0.7568703677996054,1.0411788530151505,0.5529385926807929,0.40817022515489737,0.4500911577028259,-0.0971095219342531,-1278.3497467425077,1315.6713557995422,4.0,-4.437492827566526,-0.5829228211320144,inf
rvol,4h,6,2,longonly,3,real,4388,2193,2.0009119927040584,0.914322521334527,1.0938318396959892,0.7643534846461542,0.6395650933429206,0.49316317228805834,-0.0321950236102333,-141.2717636017037,220.99686536334033,12.0,-0.8460667861722577,-0.0644194088471061,inf
rvol,4h,6,2,longonly,6,real,2194,2193,1.0004559963520292,0.9499254018209142,1.071518874091485,0.8419280642169015,0.7463407595049691,0.5009115770282588,-0.019308002226724096,-42.36175688543267,109.93843161335778,24.0,-0.34507794805262243,-0.019316806605304455,inf
rvol,4h,12,1,spread,1,real,13164,2193,6.002735978112175,0.5435150272842765,1.087167917711777,0.2907594985984611,0.1689867233238314,0.36151625645700397,-0.09539670130847641,-1255.8021760247834,1256.7768546024947,4.0,-9.568077188053678,-0.5726412111376121,inf
rvol,4h,12,1,spread,3,real,4388,2193,2.0009119927040584,0.8160805760893303,1.2096498167382084,0.5586476564353298,0.3913730174353414,0.43505013673655424,-0.03232358279676345,-141.835881312198,161.94402425218382,12.0,-1.8488406812444766,-0.06467664446520657,inf
rvol,4h,12,1,spread,6,real,2194,2193,1.0004559963520292,0.8265616072357768,1.0908696664050008,0.6295234244390202,0.48441255672077294,0.4576116681859617,-0.030487298037737462,-66.889131894796,80.07872079428219,24.0,-1.245043839685232,-0.030501200134425897,inf
rvol,4h,12,1,longonly,1,real,13164,2193,6.002735978112175,0.7970475103572378,1.054284692691981,0.6063119760611577,0.46608883408471324,0.4463688848374354,-0.08924876978197482,-1174.8708054099166,1266.8439943090516,4.0,-3.584436494781027,-0.535736801372511,inf
rvol,4h,12,1,longonly,3,real,4388,2193,2.0009119927040584,0.9539237530707865,1.116614644630962,0.8159213641229918,0.6992991636491283,0.4783500455788514,-0.019012788887334566,-83.42811763762408,216.02478328879442,12.0,-0.4349743080200879,-0.03804291729941819,inf
rvol,4h,12,1,longonly,6,real,2194,2193,1.0004559963520292,0.9886357604865227,1.1022838889417108,0.8869486441681296,0.7961361607637462,0.4927073837739289,-0.004693286201764299,-10.297069926670872,102.16274007293745,24.0,-0.07735344520121337,-0.004695426323151332,inf
rvol,4h,12,2,spread,1,real,13164,2193,6.002735978112175,0.4067539561960196,1.1217591763020704,0.17024913785877946,0.08265500709134366,0.31692494682467337,-0.09801785524522301,-1290.3070464481157,1290.5837341978668,4.0,-14.6170698424039,-0.5883753061778914,inf
rvol,4h,12,2,spread,3,real,4388,2193,2.0009119927040584,0.7015279872126092,1.2405034368469392,0.409728871340965,0.2505740331311608,0.41043755697356427,-0.039745299037736,-174.40237217758556,180.70327099581277,12.0,-3.1681411501820853,-0.07952684549821504,inf
rvol,4h,12,2,spread,6,real,2194,2193,1.0004559963520292,0.7337231692337243,1.0953124641803853,0.49839281131947977,0.34543790421899184,0.4179580674567001,-0.03480376099135462,-76.35945161503203,80.71997559630282,24.0,-2.0936910895380514,-0.03481963137940357,inf
rvol,4h,12,2,longonly,1,real,13164,2193,6.002735978112175,0.77283678461178,1.0594730030873443,0.5665279606451862,0.41946289754350985,0.45373746581586144,-0.0912761391345894,-1201.5590955677349,1268.0487799634352,4.0,-4.117038948960197,-0.5479065643263725,inf
rvol,4h,12,2,longonly,3,real,4388,2193,2.0009119927040584,0.9362615560405986,1.1163479724172243,0.7855505658306265,0.6599924588559023,0.49111212397447584,-0.024233877153949847,-106.33825295153193,201.40672601374789,12.0,-0.6059472725962324,-0.04848985542705514,inf
rvol,4h,12,2,longonly,6,real,2194,2193,1.0004559963520292,0.9850270536377589,1.1102707691587423,0.873829366740314,0.7753411756147731,0.5031905195989061,-0.005709975352991913,-12.527685924464258,88.69889161853122,24.0,-0.10310913970966973,-0.0057125790809230545,inf
rvol,4h,24,1,spread,1,real,13164,2193,6.002735978112175,0.568589299911514,1.1150610102121798,0.3108219896085114,0.18505618654585337,0.36455484655120024,-0.09084394434078726,-1195.8696833021233,1198.2006913671667,4.0,-8.743831471131704,-0.5453122130880635,inf
rvol,4h,24,1,spread,3,real,4388,2193,2.0009119927040584,0.8277708286126589,1.2157838938918037,0.5722873471339313,0.40475296087244117,0.43003646308113036,-0.03082896621492577,-135.2775037510943,158.41217612838625,12.0,-1.7149890068252207,-0.06168604822211322,inf
rvol,4h,24,1,spread,6,real,2194,2193,1.0004559963520292,0.8098112960014615,1.0578456073676021,0.6224579504472757,0.4819332435884982,0.45077484047402006,-0.03502373398593253,-76.84207236513598,99.356271941331,24.0,-1.364622291843362,-0.03503970468086456,inf
rvol,4h,24,1,longonly,1,real,13164,2193,6.002735978112175,0.8175593763265181,1.0742293613047837,0.6259243014960705,0.4840804728665291,0.4513065937405044,-0.0814901282487113,-1072.7360482660356,1227.0019563041083,4.0,-3.1543074088039065,-0.48916372469951463,inf
rvol,4h,24,1,longonly,3,real,4388,2193,2.0009119927040584,0.958983182499665,1.1168358839669124,0.8243410456915126,0.7100474190375934,0.4797174111212397,-0.017546190654193758,-76.99268459060221,219.68904051887426,12.0,-0.3850098396705824,-0.03510838330624816,inf
rvol,4h,24,1,longonly,6,real,2194,2193,1.0004559963520292,0.9780781583848275,1.0873173336012598,0.8799591571193048,0.7920832337247509,0.49407474931631723,-0.009362907738480879,-20.542219578227048,130.35010621018625,24.0,-0.14917796525093507,-0.009367177190254011,inf
rvol,4h,24,2,spread,1,real,13164,2193,6.002735978112175,0.4054872974225062,1.100667737324955,0.17209325563721897,0.08426895546154313,0.31297477970221815,-0.09996392973774218,-1315.925171067638,1317.108040328227,4.0,-14.66969428469178,-0.6000570775502225,inf
rvol,4h,24,2,spread,3,real,4388,2193,2.0009119927040584,0.6918918109067779,1.2114821012754238,0.40702358685689455,0.25039700305759877,0.4097538742023701,-0.04204302385326347,-184.48478866812013,186.4342095982048,12.0,-3.3039188730357836,-0.08412439063753768,inf
rvol,4h,24,2,spread,6,real,2194,2193,1.0004559963520292,0.7070000356906208,1.0450378042120516,0.48157329072356747,0.3337791590090474,0.43254329990884227,-0.03992549193632792,-87.59652930830346,93.11206025734607,24.0,-2.232870288541744,-0.039943697815003856,inf
rvol,4h,24,2,longonly,1,real,13164,2193,6.002735978112175,0.771632270526484,1.055377181605564,0.5672011630509733,0.4213122787504989,0.45191431175934366,-0.09280399642669107,-1221.6718089609612,1288.9074792921094,4.0,-4.135116141884385,-0.5570778882630922,inf
rvol,4h,24,2,longonly,3,real,4388,2193,2.0009119927040584,0.9353967993044624,1.1127293862713747,0.7869184935340755,0.6631326315751216,0.48609845031905197,-0.024995998913687846,-109.68244323326226,202.18559138059445,12.0,-0.6112238560151804,-0.050014793996015626,inf
rvol,4h,24,2,longonly,6,real,2194,2193,1.0004559963520292,0.9706734150486871,1.092602991809553,0.8621774005170093,0.7658676959400625,0.5036463081130356,-0.01144874133126183,-25.118538480788455,95.744432367272,24.0,-0.2022707295931834,-0.011453961915544212,inf
rvol,4h,48,1,spread,1,real,13164,2193,6.002735978112175,0.5592244534381748,1.0896577174729822,0.3066055054739593,0.18229287398675934,0.36546642357945913,-0.09377277360382119,-1234.4247917207022,1235.2835911882141,4.0,-9.017076837170421,-0.5628932018790251,inf
rvol,4h,48,1,spread,3,real,4388,2193,2.0009119927040584,0.8465594412361163,1.241569420549866,0.5864756144861013,0.4151167422978932,0.4293527803099362,-0.027148501833978166,-119.1276260474962,149.8118254252042,12.0,-1.4023021820145432,-0.05432176290355504,inf
rvol,4h,48,1,spread,6,real,2194,2193,1.0004559963520292,0.7820249812387218,1.0212100376351112,0.6012075859201792,0.4658465588281889,0.44895168641750227,-0.04071245523283967,-89.32312678085025,107.51507133242843,24.0,-1.6132182965408464,-0.040731019963908,inf
rvol,4h,48,1,longonly,1,real,13164,2193,6.002735978112175,0.8149101072255241,1.0647196641973813,0.6273218116375041,0.4876604216280387,0.4510786994834397,-0.08405698121486485,-1106.526100712481,1266.7905981351657,4.0,-3.2293432917791827,-0.5045718653499685,inf
rvol,4h,48,1,longonly,3,real,4388,2193,2.0009119927040584,0.9633007428023656,1.118453688037958,0.8305312098990093,0.717484346584984,0.4806289881494986,-0.015855537006803602,-69.5740963858542,207.29726911289998,12.0,-0.3226699881724464,-0.031725534147676336,inf
rvol,4h,48,1,longonly,6,real,2194,2193,1.0004559963520292,0.9676219329341236,1.0744407102089883,0.8715835209058153,0.7854786315502417,0.49316317228805834,-0.01403295836681457,-30.788310656791168,123.71558963698024,24.0,-0.22187880997904216,-0.014039357344638015,inf
rvol,4h,48,2,spread,1,real,13164,2193,6.002735978112175,0.4077612450588005,1.1016227493446125,0.17491508717289062,0.08655919585853726,0.3123670616833789,-0.09960087096490704,-1311.1458653820362,1311.5278825495343,4.0,-14.568233471680395,-0.5978777315923558,inf
rvol,4h,48,2,spread,3,real,4388,2193,2.0009119927040584,0.7195745438906668,1.25692395342825,0.4245547095525576,0.2611841126203892,0.4149954421148587,-0.037640354269631554,-165.16587453514327,175.15527581784158,12.0,-2.9927565128466243,-0.0753150362677352,inf
rvol,4h,48,2,spread,6,real,2194,2193,1.0004559963520292,0.762352425388984,1.1241868094274523,0.5214541812911809,0.3627254607276831,0.4462169553327256,-0.031394245448199215,-68.87897451334908,79.26282885578995,24.0,-1.8354616457992172,-0.031408561109598304,inf
rvol,4h,48,2,longonly,1,real,13164,2193,6.002735978112175,0.7760458391102272,1.057964302367538,0.5721402909227172,0.4260571441366077,0.4538134305682163,-0.09164113137627179,-1206.363853437242,1295.201073397182,4.0,-4.059385085163403,-0.5500975163872512,inf
rvol,4h,48,2,longonly,3,real,4388,2193,2.0009119927040584,0.9473329325142933,1.1266221450162828,0.7971558934584209,0.6720331692532326,0.48997265268915224,-0.020209808997683924,-88.68064188183706,193.31107466413914,12.0,-0.4970094566269695,-0.04043804919372415,inf
rvol,4h,48,2,longonly,6,real,2194,2193,1.0004559963520292,0.9764415043887351,1.0987572362775704,0.8675578545369093,0.7708778633180922,0.5068368277119416,-0.009171305160300982,-20.121843521700356,99.27074505011089,24.0,-0.16257002776392698,-0.009175487241997427,inf
rvol,1d,3,1,spread,1,real,2109,2108,1.0004743833017078,0.7488856475694093,0.9706855272446002,0.5805874604557407,0.45330129578219375,0.43859649122807015,-0.044351315110212244,-93.53692356743763,105.00588777637041,24.0,-1.7776298639723347,-0.04437235463350931,inf
rvol,1d,3,1,spread,3,real,703,2106,0.33380816714150047,0.9683715040126664,1.1153449272437486,0.8413914123895039,0.7317505788630664,0.4864864864864865,-0.005230277177178009,-3.676884855556141,20.71518967891292,72.0,-0.11293979274822843,-0.0017459092381558125,inf
rvol,1d,3,1,spread,7,real,301,2100,0.14333333333333334,1.2980489713802474,1.4140306940277603,1.191152500043871,1.0932392478161879,0.5448504983388704,0.045525705383690475,13.703237320490834,8.94195302582083,168.0,0.6201016003247294,0.006525351104995635,1370.3405199108915
rvol,1d,3,1,longonly,1,real,2109,2108,1.0004743833017078,0.9464246247111143,1.0574169585610569,0.8474821019025057,0.7594840551572983,0.4798482693219535,-0.02054516731571831,-43.32975786884991,89.88987135276261,24.0,-0.36127655592583585,-0.020554913600023678,inf
rvol,1d,3,1,longonly,3,real,703,2106,0.33380816714150047,1.0571355651954806,1.1259069956078596,0.9925056645602204,0.9318211052115519,0.5149359886201992,0.02079126995720869,14.616262779917708,21.85743512204754,72.0,0.2188013075404326,0.006940295716959976,3149.3521333153867
rvol,1d,3,1,longonly,7,real,301,2100,0.14333333333333334,1.5232135349109883,1.5834400722382749,1.465423544491757,1.4100751546899448,0.5282392026578073,0.17212060029703655,51.808300689408,13.769399685706013,168.0,1.021802204942012,0.024670619375908573,558.1294687377062
rvol,1d,3,2,spread,1,real,2109,2108,1.0004743833017078,0.6557731833143445,0.945649890184673,0.4577431462773909,0.32396340283280456,0.42294926505452823,-0.04611465416083734,-97.25580562520595,104.8038462523602,24.0,-2.61562120962227,-0.04613653018273527,inf
rvol,1d,3,2,spread,3,real,703,2106,0.33380816714150047,0.8712616080111204,1.066562344080399,0.7127480613598297,0.5845913013597644,0.47652916073968704,-0.01577173556336521,-11.087530101045743,14.841273711706759,72.0,-0.5100619799059996,-0.005264734141047361,inf
rvol,1d,3,2,spread,7,real,301,2100,0.14333333333333334,1.0444329947740194,1.1915808137784978,0.915365052865686,0.8025815427774471,0.5049833887043189,0.004974976621849678,1.4974679631767531,6.769793910031842,168.0,0.10396719889848517,0.0007130799824651206,9493.737135389267
rvol,1d,3,2,longonly,1,real,2109,2108,1.0004743833017078,0.9492285343849675,1.0684002813067646,0.8434906353589549,0.7498589485274206,0.4902797534376482,-0.018056082455465555,-38.08027789857685,82.26392594108681,24.0,-0.35292053122734085,-0.018064647959476685,inf
rvol,1d,3,2,longonly,3,real,703,2106,0.33380816714150047,1.0961221036478157,1.1733565096745877,1.0237774329930946,0.9560380129079801,0.5433854907539118,0.03173873684278193,22.3123320004757,22.004378008238856,72.0,0.37204448045734007,0.010594649572875451,2076.9330648344167
rvol,1d,3,2,longonly,7,real,301,2100,0.14333333333333334,1.2934303163561411,1.351270047198315,1.2383269048937977,1.185824369712518,0.4983388704318937,0.09246702390023932,27.832574193972036,13.479765543281953,168.0,0.66344064724753,0.013253606759034304,1017.0639425448087
rvol,1d,6,1,spread,1,real,2109,2108,1.0004743833017078,0.7510942716860248,0.9600028968207808,0.5900931485138889,0.466660702032542,0.43764817449027976,-0.0458792643366367,-96.7593684859668,116.0142955486178,24.0,-1.6331162369518344,-0.04590102869353264,inf
rvol,1d,6,1,spread,3,real,703,2106,0.33380816714150047,0.8488808510569036,0.9738947636746614,0.7409660827481317,0.6477675188879152,0.44950213371266,-0.027195341381667234,-19.118324991312065,30.2922139812522,72.0,-0.5750840548350841,-0.00907802706140174,inf
rvol,1d,6,1,spread,7,real,301,2100,0.14333333333333334,1.2176529039637989,1.3356422741148495,1.1099413683081816,1.0119567561496872,0.521594684385382,0.03212970549140357,9.671041352912475,4.096585919114516,168.0,0.4769927908588377,0.004605257787101178,889.5454084217835
rvol,1d,6,1,longonly,1,real,2109,2108,1.0004743833017078,0.9550144335266306,1.0574375006770207,0.8626758195459389,0.7796137004864968,0.489805595068753,-0.01797264432052879,-37.90430687199522,106.96329886565456,24.0,-0.2955713696510161,-0.017981170242881983,inf
rvol,1d,6,1,longonly,3,real,703,2106,0.33380816714150047,1.0269216467734401,1.090118393526433,0.9673962281167452,0.9113969126950843,0.5007112375533428,0.010225812275998733,7.18874603002711,30.751986342463095,72.0,0.10075725635113915,0.003413459653384193,9009.037593860168
rvol,1d,6,1,longonly,7,real,301,2100,0.14333333333333334,1.381441756697121,1.4342574839557263,1.330498454405689,1.2814781720752015,0.53156146179402,0.13258414263936244,39.907826934448096,13.255749383566304,168.0,0.7866629217390202,0.01900372711164195,697.5341892509941
rvol,1d,6,2,spread,1,real,2109,2108,1.0004743833017078,0.7150277617353414,1.0265692340610106,0.5012351373088775,0.3558831331988786,0.4390706495969654,-0.03697616403918765,-77.98272995864676,91.69074813368675,24.0,-2.0309407653160094,-0.03699370491396905,inf
rvol,1d,6,2,spread,3,real,703,2106,0.33380816714150047,0.8772505306680543,1.0707644103702083,0.7204467410930833,0.5939081393891836,0.46088193456614507,-0.015149796312185297,-10.650306807466263,17.27442972460723,72.0,-0.49670665358500116,-0.005057125739537637,inf
rvol,1d,6,2,spread,7,real,301,2100,0.14333333333333334,0.9968088099303096,1.1496594124880164,0.8638664712373372,0.7485733108813819,0.5049833887043189,-0.0003373188992934565,-0.1015329886873304,5.394943776983285,168.0,-0.007990864401262584,-4.83490422320621e-05,inf
rvol,1d,6,2,longonly,1,real,2109,2108,1.0004743833017078,0.9668097657340027,1.0847419869662156,0.861663553143525,0.7682563387222602,0.5021337126600285,-0.011807238396178631,-24.901465777540732,91.37505642955315,24.0,-0.22452434396530768,-0.011812839552913061,inf
rvol,1d,6,2,longonly,3,real,703,2106,0.33380816714150047,1.1016081092348549,1.1794869839222846,1.0286761390460906,0.9603684886141266,0.5448079658605974,0.03285363823845252,23.09610768163212,24.06635228744284,72.0,0.38370453303741314,0.010966812764307748,2194.4709738975803
rvol,1d,6,2,longonly,7,real,301,2100,0.14333333333333334,1.2082182766699554,1.2613559955839022,1.1574709684863231,1.1090075195632554,0.5016611295681063,0.06743389791295476,20.29760327179938,14.884645787364398,168.0,0.4815397756140618,0.009665525367523515,1539.9727610645255
rvol,1d,12,1,spread,1,real,2109,2108,1.0004743833017078,0.7709587569397395,0.9875594575932719,0.6050312882776662,0.47842331985422776,0.42816500711237554,-0.040989754242781125,-86.4473916980254,113.64256636040588,24.0,-1.4765630208979308,-0.04100919909773501,inf
rvol,1d,12,1,spread,3,real,703,2106,0.33380816714150047,0.9758061502430401,1.1199107361331113,0.8519831204409851,0.7455883836915073,0.4438122332859175,-0.004039990412236084,-2.840113259801967,19.227224959624362,72.0,-0.08425793887494434,-0.0013485817947777622,inf
rvol,1d,12,1,spread,7,real,301,2100,0.14333333333333334,1.3823891089945521,1.5165570109905095,1.260214429035328,1.1492177453718662,0.5282392026578073,0.05226773569983029,15.732588445648917,4.047112240556506,168.0,0.7191838636845427,0.007491708783642342,540.2121675355443
rvol,1d,12,1,longonly,1,real,2109,2108,1.0004743833017078,0.9755194754972292,1.0763747926866307,0.8842695124893477,0.8019345145164564,0.492176386913229,-0.010076406377070024,-21.25114104924068,101.7637773579676,24.0,-0.158512562544541,-0.010081186455996528,inf
rvol,1d,12,1,longonly,3,real,703,2106,0.33380816714150047,1.0589891995297982,1.1228701137151988,0.9987804683167902,0.9420729618525399,0.5064011379800853,0.02264467676656878,15.919207766897852,27.8913026359241,72.0,0.21085475055208663,0.0075589780469600435,3689.8245321854065
rvol,1d,12,1,longonly,7,real,301,2100,0.14333333333333334,1.4015909181078052,1.4535185482159871,1.3515808434163263,1.30352241709226,0.5249169435215947,0.14214790944654387,42.78652074340971,13.936924707014839,168.0,0.803740514043497,0.020374533687337958,684.0364997249551
rvol,1d,12,2,spread,1,real,2109,2108,1.0004743833017078,0.7145988499867827,1.027259786340698,0.5014822303282079,0.35676277966808106,0.43385490753911804,-0.03677226963999409,-77.55271667074753,91.52266316425043,24.0,-2.0835544431074338,-0.0367897137906772,inf
rvol,1d,12,2,spread,3,real,703,2106,0.33380816714150047,0.87970234709899,1.072203989282404,0.7238247581508241,0.5979426595359758,0.45376955903271693,-0.014879534786434917,-10.460312954863747,17.52779727521524,72.0,-0.4614086519698168,-0.004966910234978038,inf
rvol,1d,12,2,spread,7,real,301,2100,0.14333333333333334,1.1761821840024471,1.3464981841973371,1.027701015940265,0.8984761196068876,0.5049833887043189,0.018195258211027993,5.476772721519426,4.250833338301519,168.0,0.3976050769607604,0.0026079870102473455,1629.9288767923595
rvol,1d,12,2,longonly,1,real,2109,2108,1.0004743833017078,0.9683245630564786,1.0850180149916806,0.8640922668850815,0.7712880132310529,0.5068752963489805,-0.011407536977168058,-24.058495484847434,86.74774395297887,24.0,-0.21419935469836923,-0.01141294852222364,inf
rvol,1d,12,2,longonly,3,real,703,2106,0.33380816714150047,1.095501398270595,1.172921780653368,1.023005445686194,0.9551449509418752,0.5391180654338549,0.03118099198390628,21.920237364686116,24.65260580773233,72.0,0.35685581668249716,0.010408469783801574,2368.5139429523565
rvol,1d,12,2,longonly,7,real,301,2100,0.14333333333333334,1.308818299271336,1.368258047643264,1.2520373610483284,1.197904202267837,0.5083056478405316,0.09451547819629864,28.44915893708589,13.063173700082267,168.0,0.684807281059503,0.013547218541469471,964.2697990066749
rvol,1d,24,1,spread,1,real,2109,2108,1.0004743833017078,0.8128475736890333,1.0350685979461183,0.642019246295216,0.5112986123390115,0.431484115694642,-0.033505191404292894,-70.66244867165372,95.24953057326402,24.0,-1.1798822512284828,-0.03352108570761562,inf
rvol,1d,24,1,spread,3,real,703,2106,0.33380816714150047,0.9659385883808974,1.1068742131775005,0.8448364404325106,0.741362138932234,0.45376955903271693,-0.00580802776353685,-4.083043517766406,19.359806463924887,72.0,-0.11757196226126655,-0.001938767102453184,inf
rvol,1d,24,1,spread,7,real,301,2100,0.14333333333333334,1.2920177535730761,1.4105518809274349,1.1831841490753794,1.0838734626045878,0.5083056478405316,0.043405321835932736,13.065001872615754,4.983934405870175,168.0,0.5824760911923452,0.006221429463150359,801.0915233211451
rvol,1d,24,1,longonly,1,real,2109,2108,1.0004743833017078,0.9839927650223624,1.0850204535356256,0.8925522901181214,0.8099247125038854,0.489805595068753,-0.006554548705402747,-13.823543219694393,90.53492679843178,24.0,-0.10268319809227859,-0.00655765807385882,inf
rvol,1d,24,1,longonly,3,real,703,2106,0.33380816714150047,1.0485820487093855,1.1105860585488454,0.9900774757113183,0.9349149147150201,0.4992887624466572,0.019171060520159978,13.477255545672463,30.856396480175984,72.0,0.17364833556592693,0.006399456574393382,4821.7213635988965
rvol,1d,24,1,longonly,7,real,301,2100,0.14333333333333334,1.343352535089341,1.3925721607155563,1.2959070859913078,1.2502358774901114,0.5182724252491694,0.1258784938419274,37.88942664642015,14.851586244764807,168.0,0.7043378885931981,0.018042584117342927,823.1407512457783
rvol,1d,24,2,spread,1,real,2109,2108,1.0004743833017078,0.7090681711053745,1.013760450780174,0.5007492686319022,0.3596792234744128,0.4262683736367947,-0.038250293908358095,-80.66986985272722,90.90667779624141,24.0,-2.1006760124820913,-0.038268439209073635,inf
rvol,1d,24,2,spread,3,real,703,2106,0.33380816714150047,0.8477040726203474,1.0236832459244645,0.7040617541661042,0.5869254255150246,0.43812233285917496,-0.020136820597635486,-14.156184880137747,17.911934212438986,72.0,-0.589803836009263,-0.006721835175753916,inf
rvol,1d,24,2,spread,7,real,301,2100,0.14333333333333334,1.0754049130384158,1.2244111759666927,0.9440939720365206,0.8292229653807099,0.4983388704318937,0.008418618048771765,2.5340040326803015,4.010229454527523,168.0,0.17127025173974647,0.0012066685869906197,3323.3892866382353
rvol,1d,24,2,longonly,1,real,2109,2108,1.0004743833017078,0.9694928879809221,1.0846224673841338,0.8665384269464034,0.7746946694526105,0.5021337126600285,-0.011163554687293749,-23.543936835502517,86.97387578133143,24.0,-0.2075050099319473,-0.011168850491225103,inf
rvol,1d,24,2,longonly,3,real,703,2106,0.33380816714150047,1.0919803754068622,1.167588496254026,1.0211702864676249,0.9549141268886396,0.5248933143669986,0.03088021261966532,21.70878947162472,26.139876256493956,72.0,0.34578972125193125,0.010308067175510313,2535.8659204895866
rvol,1d,24,2,longonly,7,real,301,2100,0.14333333333333334,1.298569634582839,1.355862797282428,1.2438812523230274,1.191672361259373,0.5083056478405316,0.09496282610049053,28.58381065624765,14.44191101500818,168.0,0.6534659121672957,0.013611338407736977,1061.0206419376868
rvol,1d,48,1,spread,1,real,2109,2108,1.0004743833017078,0.7496494792464796,0.9566305025807639,0.590942940035421,0.4696796811485909,0.4243717401612139,-0.04599269038566269,-96.99858402336261,115.22105319277951,24.0,-1.645180458631687,-0.046014508549982264,inf
rvol,1d,48,1,spread,3,real,703,2106,0.33380816714150047,0.9020687265523056,1.0329842581228583,0.7884988131905661,0.6907835743588462,0.4722617354196302,-0.0172345728555125,-12.115904717425288,22.36255431320439,72.0,-0.35479041027405467,-0.005753041176365284,inf
rvol,1d,48,1,spread,7,real,301,2100,0.14333333333333334,1.0268317172756196,1.117658993860689,0.9436560191261845,0.8677211058463166,0.46511627906976744,0.00459711045847486,1.383730248000933,8.072771569412646,168.0,0.0600719225111337,0.00065891916571473,12251.53552887797
rvol,1d,48,1,longonly,1,real,2109,2108,1.0004743833017078,0.9436109192496451,1.03873344080632,0.8574469211005975,0.7795473475119576,0.48079658605974396,-0.02387645650551619,-50.35544677013364,118.68921452470903,24.0,-0.37203459561710145,-0.023887783097786355,inf
rvol,1d,48,1,longonly,3,real,703,2106,0.33380816714150047,1.083768054529351,1.1465232771984868,1.024565739278128,0.9687060073926832,0.48933143669985774,0.033052061021460695,23.23559889808687,31.606146917838963,72.0,0.29485920042026614,0.011033047909822825,2864.6795678009985
rvol,1d,48,1,longonly,7,real,301,2100,0.14333333333333334,1.3317624822222682,1.3776236916736042,1.2875166746391515,1.2448024608037633,0.5049833887043189,0.12900823440777084,38.83147855673902,15.214300797106203,168.0,0.671566048741965,0.01849118026511382,822.7868951020988
rvol,1d,48,2,spread,1,real,2109,2108,1.0004743833017078,0.6755528006342648,0.9739736210924755,0.4734351879769728,0.3377343885559289,0.41062114746325273,-0.04256562657305338,-89.77090644256957,96.07224696054011,24.0,-2.4022128914502705,-0.04258581899552636,inf
rvol,1d,48,2,spread,3,real,703,2106,0.33380816714150047,0.7855352273628299,0.9508903376388037,0.6502974360353775,0.5401858356324252,0.4423897581792319,-0.029006695811637576,-20.391707155581216,23.89583100866171,72.0,-0.8465485755603622,-0.009682671963713778,inf
rvol,1d,48,2,spread,7,real,301,2100,0.14333333333333334,1.0499538035600584,1.1838149073909965,0.9304861897715047,0.824597967512398,0.5182724252491694,0.0060619949648881115,1.8246604844313217,5.446020931106526,168.0,0.11954393139395739,0.000868885944967296,6267.820261854401
rvol,1d,48,2,longonly,1,real,2109,2108,1.0004743833017078,0.9438451897359672,1.0561052007930414,0.8434885898771511,0.7540115124980555,0.4950213371266003,-0.02076761404618754,-43.79889802340952,91.05685155455964,24.0,-0.38723876585108935,-0.02077746585550736,inf
rvol,1d,48,2,longonly,3,real,703,2106,0.33380816714150047,1.050505328899739,1.1206376142655454,0.9846515079610062,0.9228421905788605,0.519203413940256,0.017834736602814094,12.53781983177831,25.51911351113847,72.0,0.19255590852038404,0.005953380736836804,4286.491094587289
rvol,1d,48,2,longonly,7,real,301,2100,0.14333333333333334,1.2605589123167071,1.3137349238308624,1.2097785466891116,1.1612058234894653,0.4850498338870432,0.08732604725082645,26.28514022249876,15.126285200985693,168.0,0.5742784306384527,0.012516733439285124,1208.4850471857303
